2024-10-21 14:24:03,026 [INFO] Activator:177 - 


2024-10-21 14:24:03,027 [INFO] Activator:178 - !SESSION log4j initialized
2024-10-21 14:24:10,657 [INFO] McuFinderGlobals:39 - Set McuFinder mode to 2 (CubeIDE integrated)
2024-10-21 14:24:11,869 [INFO] ApplicationProperties:181 - Using Application install path: C:\ST\STM32CubeIDE_1.7.0\STM32CubeIDE\plugins\com.st.stm32cube.common.mx_6.3.0.202107141111
2024-10-21 14:24:11,880 [INFO] DbMcusXml:74 - Set database path to: C:\ST\STM32CubeIDE_1.7.0\STM32CubeIDE\plugins\com.st.stm32cube.common.mx_6.3.0.202107141111\\db\/mcu/
2024-10-21 14:24:11,882 [INFO] DbBoardsPdsc:56 - Set plugin database path to: C:\ST\STM32CubeIDE_1.7.0\STM32CubeIDE\plugins\com.st.stm32cube.common.mx_6.3.0.202107141111\\db\/plugins/boardmanager/
2024-10-21 14:24:11,883 [INFO] DbMcus:258 - Set plugin images path to: C:\ST\STM32CubeIDE_1.7.0\STM32CubeIDE\plugins\com.st.stm32cube.common.mx_6.3.0.202107141111\\db\/plugins/mcufinder/images/
2024-10-21 14:24:11,883 [INFO] DbBoards:264 - Set plugin images path to: C:\ST\STM32CubeIDE_1.7.0\STM32CubeIDE\plugins\com.st.stm32cube.common.mx_6.3.0.202107141111\\db\/plugins/mcufinder/images/
2024-10-21 14:24:11,885 [INFO] DbExamples:333 - Set plugin images path to: C:\ST\STM32CubeIDE_1.7.0\STM32CubeIDE\plugins\com.st.stm32cube.common.mx_6.3.0.202107141111\\db\/plugins/mcufinder/images/
2024-10-21 14:24:11,890 [INFO] DbMcusAds:119 - Set database path to: C:\Users\ADMIN\.stmcufinder\plugins\mcufinder//mcu/
2024-10-21 14:24:11,891 [INFO] DbMcusDocs:110 - Set database path to: C:\Users\ADMIN\.stmcufinder\plugins\mcufinder//mcu/
2024-10-21 14:24:11,893 [INFO] DbMcusJson:64 - Set database path to: C:\Users\ADMIN\.stmcufinder\plugins\mcufinder//mcu/
2024-10-21 14:24:11,894 [INFO] DbBoardsDocs:110 - Set database path to: C:\Users\ADMIN\.stmcufinder\plugins\mcufinder//mcu/
2024-10-21 14:24:11,894 [INFO] DbBoardsJson:57 - Set database path to: C:\Users\ADMIN\.stmcufinder\plugins\mcufinder//mcu/
2024-10-21 14:24:12,835 [INFO] CrossReferenceDbSqlite:196 - Set database path to: C:\Users\ADMIN\.stmcufinder\plugins\mcufinder//mcu/cs/
2024-10-21 14:24:12,839 [INFO] DbExamplesSqlite:767 - Set database path to: C:\Users\ADMIN\.stmcufinder\plugins\mcufinder//mcu/
2024-10-21 14:24:12,919 [INFO] RulesReader:57 - Compatibility file has been processed (242 Rules)
2024-10-21 14:24:12,991 [INFO] DbMcusXml:74 - Set database path to: C:\ST\STM32CubeIDE_1.7.0\STM32CubeIDE\plugins\com.st.stm32cube.common.mx_6.3.0.202107141111\\db\/mcu/
2024-10-21 14:24:12,992 [INFO] DbBoardsPdsc:56 - Set plugin database path to: C:\ST\STM32CubeIDE_1.7.0\STM32CubeIDE\plugins\com.st.stm32cube.common.mx_6.3.0.202107141111\\db\/plugins/boardmanager/
2024-10-21 14:24:12,992 [INFO] DbMcus:258 - Set plugin images path to: C:\ST\STM32CubeIDE_1.7.0\STM32CubeIDE\plugins\com.st.stm32cube.common.mx_6.3.0.202107141111\\db\/plugins/mcufinder/images/
2024-10-21 14:24:12,992 [INFO] DbBoards:264 - Set plugin images path to: C:\ST\STM32CubeIDE_1.7.0\STM32CubeIDE\plugins\com.st.stm32cube.common.mx_6.3.0.202107141111\\db\/plugins/mcufinder/images/
2024-10-21 14:24:12,992 [INFO] DbExamples:333 - Set plugin images path to: C:\ST\STM32CubeIDE_1.7.0\STM32CubeIDE\plugins\com.st.stm32cube.common.mx_6.3.0.202107141111\\db\/plugins/mcufinder/images/
2024-10-21 14:24:12,992 [WARN] DbFile:35 - Overriding database path with different value: C:\Users\ADMIN\.stmcufinder\plugins\mcufinder/ => C:\Users\ADMIN\.stmcufinder\plugins\mcufinder
2024-10-21 14:24:12,992 [INFO] DbMcusAds:119 - Set database path to: C:\Users\ADMIN\.stmcufinder\plugins\mcufinder//mcu/
2024-10-21 14:24:12,992 [WARN] DbFile:35 - Overriding database path with different value: C:\Users\ADMIN\.stmcufinder\plugins\mcufinder/ => C:\Users\ADMIN\.stmcufinder\plugins\mcufinder
2024-10-21 14:24:12,992 [INFO] DbMcusDocs:110 - Set database path to: C:\Users\ADMIN\.stmcufinder\plugins\mcufinder//mcu/
2024-10-21 14:24:12,992 [WARN] DbFile:35 - Overriding database path with different value: C:\Users\ADMIN\.stmcufinder\plugins\mcufinder/ => C:\Users\ADMIN\.stmcufinder\plugins\mcufinder
2024-10-21 14:24:12,992 [INFO] DbMcusJson:64 - Set database path to: C:\Users\ADMIN\.stmcufinder\plugins\mcufinder//mcu/
2024-10-21 14:24:12,992 [WARN] DbFile:35 - Overriding database path with different value: C:\Users\ADMIN\.stmcufinder\plugins\mcufinder/ => C:\Users\ADMIN\.stmcufinder\plugins\mcufinder
2024-10-21 14:24:12,992 [INFO] DbBoardsDocs:110 - Set database path to: C:\Users\ADMIN\.stmcufinder\plugins\mcufinder//mcu/
2024-10-21 14:24:12,992 [WARN] DbFile:35 - Overriding database path with different value: C:\Users\ADMIN\.stmcufinder\plugins\mcufinder/ => C:\Users\ADMIN\.stmcufinder\plugins\mcufinder
2024-10-21 14:24:12,992 [INFO] DbBoardsJson:57 - Set database path to: C:\Users\ADMIN\.stmcufinder\plugins\mcufinder//mcu/
2024-10-21 14:24:12,993 [WARN] DbFile:35 - Overriding database path with different value: C:\Users\ADMIN\.stmcufinder\plugins\mcufinder/ => C:\Users\ADMIN\.stmcufinder\plugins\mcufinder
2024-10-21 14:24:12,993 [WARN] DbFile:35 - Overriding database path with different value: C:\Users\ADMIN\.stmcufinder\plugins\mcufinder/ => C:\Users\ADMIN\.stmcufinder\plugins\mcufinder
2024-10-21 14:24:13,832 [INFO] CrossReferenceDbSqlite:196 - Set database path to: C:\Users\ADMIN\.stmcufinder\plugins\mcufinder//mcu/cs/
2024-10-21 14:24:13,832 [WARN] DbFile:35 - Overriding database path with different value: C:\Users\ADMIN\.stmcufinder\plugins\mcufinder/ => C:\Users\ADMIN\.stmcufinder\plugins\mcufinder
2024-10-21 14:24:13,832 [INFO] DbExamplesSqlite:767 - Set database path to: C:\Users\ADMIN\.stmcufinder\plugins\mcufinder//mcu/
2024-10-21 14:24:13,917 [INFO] MainPanel:214 - HeapMemory: 268435456
2024-10-21 14:24:14,016 [INFO] DbMcusXml:74 - Set database path to: C:\ST\STM32CubeIDE_1.7.0\STM32CubeIDE\plugins\com.st.stm32cube.common.mx_6.3.0.202107141111\\db\/mcu/
2024-10-21 14:24:14,016 [INFO] DbBoardsPdsc:56 - Set plugin database path to: C:\ST\STM32CubeIDE_1.7.0\STM32CubeIDE\plugins\com.st.stm32cube.common.mx_6.3.0.202107141111\\db\/plugins/boardmanager/
2024-10-21 14:24:14,016 [INFO] DbMcus:258 - Set plugin images path to: C:\ST\STM32CubeIDE_1.7.0\STM32CubeIDE\plugins\com.st.stm32cube.common.mx_6.3.0.202107141111\\db\/plugins/mcufinder/images/
2024-10-21 14:24:14,016 [INFO] DbBoards:264 - Set plugin images path to: C:\ST\STM32CubeIDE_1.7.0\STM32CubeIDE\plugins\com.st.stm32cube.common.mx_6.3.0.202107141111\\db\/plugins/mcufinder/images/
2024-10-21 14:24:14,016 [INFO] DbExamples:333 - Set plugin images path to: C:\ST\STM32CubeIDE_1.7.0\STM32CubeIDE\plugins\com.st.stm32cube.common.mx_6.3.0.202107141111\\db\/plugins/mcufinder/images/
2024-10-21 14:24:14,018 [WARN] DbFile:35 - Overriding database path with different value: C:\Users\ADMIN\.stmcufinder\plugins\mcufinder/ => C:\Users\ADMIN\.stmcufinder\plugins\mcufinder
2024-10-21 14:24:14,018 [INFO] DbMcusAds:119 - Set database path to: C:\Users\ADMIN\.stmcufinder\plugins\mcufinder//mcu/
2024-10-21 14:24:14,018 [WARN] DbFile:35 - Overriding database path with different value: C:\Users\ADMIN\.stmcufinder\plugins\mcufinder/ => C:\Users\ADMIN\.stmcufinder\plugins\mcufinder
2024-10-21 14:24:14,018 [INFO] DbMcusDocs:110 - Set database path to: C:\Users\ADMIN\.stmcufinder\plugins\mcufinder//mcu/
2024-10-21 14:24:14,018 [WARN] DbFile:35 - Overriding database path with different value: C:\Users\ADMIN\.stmcufinder\plugins\mcufinder/ => C:\Users\ADMIN\.stmcufinder\plugins\mcufinder
2024-10-21 14:24:14,018 [INFO] DbMcusJson:64 - Set database path to: C:\Users\ADMIN\.stmcufinder\plugins\mcufinder//mcu/
2024-10-21 14:24:14,032 [WARN] DbFile:35 - Overriding database path with different value: C:\Users\ADMIN\.stmcufinder\plugins\mcufinder/ => C:\Users\ADMIN\.stmcufinder\plugins\mcufinder
2024-10-21 14:24:14,033 [INFO] DbBoardsDocs:110 - Set database path to: C:\Users\ADMIN\.stmcufinder\plugins\mcufinder//mcu/
2024-10-21 14:24:14,035 [WARN] DbFile:35 - Overriding database path with different value: C:\Users\ADMIN\.stmcufinder\plugins\mcufinder/ => C:\Users\ADMIN\.stmcufinder\plugins\mcufinder
2024-10-21 14:24:14,035 [INFO] DbBoardsJson:57 - Set database path to: C:\Users\ADMIN\.stmcufinder\plugins\mcufinder//mcu/
2024-10-21 14:24:14,035 [WARN] DbFile:35 - Overriding database path with different value: C:\Users\ADMIN\.stmcufinder\plugins\mcufinder/ => C:\Users\ADMIN\.stmcufinder\plugins\mcufinder
2024-10-21 14:24:14,036 [WARN] DbFile:35 - Overriding database path with different value: C:\Users\ADMIN\.stmcufinder\plugins\mcufinder/ => C:\Users\ADMIN\.stmcufinder\plugins\mcufinder
2024-10-21 14:24:14,830 [INFO] CrossReferenceDbSqlite:196 - Set database path to: C:\Users\ADMIN\.stmcufinder\plugins\mcufinder//mcu/cs/
2024-10-21 14:24:14,831 [WARN] DbFile:35 - Overriding database path with different value: C:\Users\ADMIN\.stmcufinder\plugins\mcufinder/ => C:\Users\ADMIN\.stmcufinder\plugins\mcufinder
2024-10-21 14:24:14,831 [INFO] DbExamplesSqlite:767 - Set database path to: C:\Users\ADMIN\.stmcufinder\plugins\mcufinder//mcu/
2024-10-21 14:24:14,858 [INFO] ApplicationProperties:181 - Using Application install path: C:\ST\STM32CubeIDE_1.7.0\STM32CubeIDE\plugins\com.st.stm32cube.common.mx_6.3.0.202107141111
2024-10-21 14:24:14,859 [INFO] PluginManage:188 - Search for loadable plugins [exclusion list=, ]
2024-10-21 14:24:14,860 [INFO] PluginManage:302 - Check plugin analytics
2024-10-21 14:24:20,432 [INFO] AnalyticsPlugin:257 - Accepted Software Licenses: 
2024-10-21 14:24:20,432 [INFO] AnalyticsPlugin:259 - Accepted CMSIS Pack Licenses: 
2024-10-21 14:24:20,432 [INFO] AnalyticsPlugin:261 - Accepted Firmware Licenses: 
2024-10-21 14:24:20,433 [INFO] PluginManage:352 - Loaded plugin analytics (category:tool,tabindex:-1)
2024-10-21 14:24:20,433 [INFO] PluginManage:302 - Check plugin clock
2024-10-21 14:24:20,452 [INFO] PluginManage:352 - Loaded plugin clock (category:base,tabindex:2)
2024-10-21 14:24:20,452 [INFO] PluginManage:302 - Check plugin ddr
2024-10-21 14:24:20,455 [INFO] PluginManage:352 - Loaded plugin ddr (category:tool,tabindex:6)
2024-10-21 14:24:20,455 [INFO] PluginManage:302 - Check plugin filemanager
2024-10-21 14:24:20,584 [INFO] PluginManage:352 - Loaded plugin filemanager (category:base,tabindex:10)
2024-10-21 14:24:20,584 [INFO] PluginManage:302 - Check plugin ipmanager
2024-10-21 14:24:20,591 [INFO] PluginManage:352 - Loaded plugin ipmanager (category:base,tabindex:5)
2024-10-21 14:24:20,591 [INFO] PluginManage:302 - Check plugin pinoutandconfiguration
2024-10-21 14:24:20,605 [INFO] PluginManage:352 - Loaded plugin pinoutandconfiguration (category:base,tabindex:1)
2024-10-21 14:24:20,605 [INFO] PluginManage:302 - Check plugin pinoutconfig
2024-10-21 14:24:20,636 [INFO] PluginManage:352 - Loaded plugin pinoutconfig (category:base,tabindex:0)
2024-10-21 14:24:20,636 [INFO] PluginManage:302 - Check plugin power
2024-10-21 14:24:20,656 [INFO] PluginManage:352 - Loaded plugin power (category:power,tabindex:4)
2024-10-21 14:24:20,657 [INFO] PluginManage:302 - Check plugin projectmanager
2024-10-21 14:24:20,668 [INFO] PluginManage:352 - Loaded plugin projectmanager (category:projectmanager,tabindex:3)
2024-10-21 14:24:20,668 [INFO] PluginManage:302 - Check plugin thirdparty
2024-10-21 14:24:20,867 [INFO] PluginManage:352 - Loaded plugin thirdparty (category:base,tabindex:-1)
2024-10-21 14:24:20,867 [WARN] IntegrityCheckThread:78 - waiting for thirdparty lock release [integrity check]
2024-10-21 14:24:20,867 [INFO] PluginManage:302 - Check plugin tools
2024-10-21 14:24:20,868 [INFO] IntegrityCheckThread:80 - entering critical section [integrity check]
2024-10-21 14:24:20,868 [INFO] ThirdPartyUpdaterWithRetryManager:66 - Updater plugin not ready yet. [1/15]
2024-10-21 14:24:20,930 [INFO] PluginManage:352 - Loaded plugin tools (category:base,tabindex:7)
2024-10-21 14:24:20,930 [INFO] PluginManage:302 - Check plugin tutovideos
2024-10-21 14:24:21,151 [INFO] PluginManage:352 - Loaded plugin tutovideos (category:base,tabindex:-1)
2024-10-21 14:24:21,151 [INFO] PluginManage:302 - Check plugin updater
2024-10-21 14:24:21,163 [INFO] PluginManage:352 - Loaded plugin updater (category:base,tabindex:12)
2024-10-21 14:24:21,164 [INFO] PluginManage:275 - PluginManage : Loaded plugins [13]
2024-10-21 14:24:21,327 [INFO] PinOutPanel:1463 - setPackage(No Configuration,No Configuration)
2024-10-21 14:24:21,441 [INFO] IPUIPlugin:74 - create IPUIPlugin
2024-10-21 14:24:21,441 [INFO] PluginManager:213 - loadIPPluginJar : add adc
2024-10-21 14:24:21,480 [INFO] IPUIPlugin:74 - create IPUIPlugin
2024-10-21 14:24:21,480 [INFO] PluginManager:213 - loadIPPluginJar : add aes
2024-10-21 14:24:21,521 [INFO] IPUIPlugin:74 - create IPUIPlugin
2024-10-21 14:24:21,522 [INFO] PluginManager:213 - loadIPPluginJar : add can
2024-10-21 14:24:21,567 [INFO] IPUIPlugin:74 - create IPUIPlugin
2024-10-21 14:24:21,567 [INFO] PluginManager:213 - loadIPPluginJar : add comp
2024-10-21 14:24:21,600 [INFO] IPUIPlugin:74 - create IPUIPlugin
2024-10-21 14:24:21,600 [INFO] PluginManager:213 - loadIPPluginJar : add cryp
2024-10-21 14:24:21,630 [INFO] IPUIPlugin:74 - create IPUIPlugin
2024-10-21 14:24:21,630 [INFO] PluginManager:213 - loadIPPluginJar : add dfsdm
2024-10-21 14:24:21,642 [INFO] IPUIPlugin:74 - create IPUIPlugin
2024-10-21 14:24:21,643 [INFO] PluginManager:213 - loadIPPluginJar : add dma
2024-10-21 14:24:21,680 [INFO] IPUIPlugin:74 - create IPUIPlugin
2024-10-21 14:24:21,680 [INFO] PluginManager:213 - loadIPPluginJar : add dma3
2024-10-21 14:24:21,702 [INFO] IPUIPlugin:74 - create IPUIPlugin
2024-10-21 14:24:21,702 [INFO] PluginManager:213 - loadIPPluginJar : add fatfs
2024-10-21 14:24:21,748 [INFO] IPUIPlugin:74 - create IPUIPlugin
2024-10-21 14:24:21,749 [INFO] PluginManager:213 - loadIPPluginJar : add fmc
2024-10-21 14:24:21,760 [INFO] IPUIPlugin:74 - create IPUIPlugin
2024-10-21 14:24:21,761 [INFO] PluginManager:213 - loadIPPluginJar : add freertos
2024-10-21 14:24:21,789 [INFO] IPUIPlugin:74 - create IPUIPlugin
2024-10-21 14:24:21,789 [INFO] PluginManager:213 - loadIPPluginJar : add genericplugin
2024-10-21 14:24:21,886 [INFO] IPUIPlugin:74 - create IPUIPlugin
2024-10-21 14:24:21,886 [INFO] PluginManager:213 - loadIPPluginJar : add gfxmmu
2024-10-21 14:24:21,991 [INFO] IPUIPlugin:74 - create IPUIPlugin
2024-10-21 14:24:21,992 [INFO] PluginManager:213 - loadIPPluginJar : add gic
2024-10-21 14:24:22,003 [INFO] IPUIPlugin:74 - create IPUIPlugin
2024-10-21 14:24:22,003 [INFO] PluginManager:213 - loadIPPluginJar : add gpio
2024-10-21 14:24:22,069 [INFO] IPUIPlugin:74 - create IPUIPlugin
2024-10-21 14:24:22,069 [INFO] PluginManager:213 - loadIPPluginJar : add gtzc
2024-10-21 14:24:22,119 [INFO] IPUIPlugin:74 - create IPUIPlugin
2024-10-21 14:24:22,120 [INFO] PluginManager:213 - loadIPPluginJar : add hash
2024-10-21 14:24:22,164 [INFO] IPUIPlugin:74 - create IPUIPlugin
2024-10-21 14:24:22,164 [INFO] PluginManager:213 - loadIPPluginJar : add i2c
2024-10-21 14:24:22,198 [INFO] IPUIPlugin:74 - create IPUIPlugin
2024-10-21 14:24:22,198 [INFO] PluginManager:213 - loadIPPluginJar : add i2s
2024-10-21 14:24:22,211 [INFO] IPUIPlugin:74 - create IPUIPlugin
2024-10-21 14:24:22,212 [INFO] PluginManager:213 - loadIPPluginJar : add ipddr
2024-10-21 14:24:22,334 [INFO] IPUIPlugin:74 - create IPUIPlugin
2024-10-21 14:24:22,334 [INFO] PluginManager:213 - loadIPPluginJar : add linkedlist
2024-10-21 14:24:22,385 [INFO] IPUIPlugin:74 - create IPUIPlugin
2024-10-21 14:24:22,385 [INFO] PluginManager:213 - loadIPPluginJar : add lorawan
2024-10-21 14:24:22,442 [INFO] IPUIPlugin:74 - create IPUIPlugin
2024-10-21 14:24:22,443 [INFO] PluginManager:213 - loadIPPluginJar : add ltdc
2024-10-21 14:24:22,465 [INFO] IPUIPlugin:74 - create IPUIPlugin
2024-10-21 14:24:22,465 [INFO] PluginManager:213 - loadIPPluginJar : add mdma
2024-10-21 14:24:22,480 [INFO] IPUIPlugin:74 - create IPUIPlugin
2024-10-21 14:24:22,480 [INFO] PluginManager:213 - loadIPPluginJar : add nvic
2024-10-21 14:24:22,538 [INFO] IPUIPlugin:74 - create IPUIPlugin
2024-10-21 14:24:22,539 [INFO] PluginManager:213 - loadIPPluginJar : add opamp
2024-10-21 14:24:22,616 [INFO] IPUIPlugin:74 - create IPUIPlugin
2024-10-21 14:24:22,616 [INFO] PluginManager:213 - loadIPPluginJar : add openamp
2024-10-21 14:24:22,680 [INFO] IPUIPlugin:74 - create IPUIPlugin
2024-10-21 14:24:22,681 [INFO] PluginManager:213 - loadIPPluginJar : add pdm2pcm
2024-10-21 14:24:22,697 [INFO] IPUIPlugin:74 - create IPUIPlugin
2024-10-21 14:24:22,700 [INFO] PluginManager:213 - loadIPPluginJar : add plateformsettings
2024-10-21 14:24:22,731 [INFO] IPUIPlugin:74 - create IPUIPlugin
2024-10-21 14:24:22,731 [INFO] PluginManager:213 - loadIPPluginJar : add quadspi
2024-10-21 14:24:22,743 [INFO] IPUIPlugin:74 - create IPUIPlugin
2024-10-21 14:24:22,744 [INFO] PluginManager:213 - loadIPPluginJar : add resmgrutility
2024-10-21 14:24:22,791 [INFO] IPUIPlugin:74 - create IPUIPlugin
2024-10-21 14:24:22,792 [INFO] PluginManager:213 - loadIPPluginJar : add sai
2024-10-21 14:24:22,827 [INFO] IPUIPlugin:74 - create IPUIPlugin
2024-10-21 14:24:22,827 [INFO] PluginManager:213 - loadIPPluginJar : add spi
2024-10-21 14:24:22,882 [INFO] IPUIPlugin:74 - create IPUIPlugin
2024-10-21 14:24:22,882 [INFO] PluginManager:213 - loadIPPluginJar : add stm32_wpan
2024-10-21 14:24:22,909 [INFO] IPUIPlugin:74 - create IPUIPlugin
2024-10-21 14:24:22,910 [INFO] PluginManager:213 - loadIPPluginJar : add tim
2024-10-21 14:24:22,972 [INFO] IPUIPlugin:74 - create IPUIPlugin
2024-10-21 14:24:22,972 [INFO] PluginManager:213 - loadIPPluginJar : add touchsensing
2024-10-21 14:24:23,018 [INFO] IPUIPlugin:74 - create IPUIPlugin
2024-10-21 14:24:23,018 [INFO] PluginManager:213 - loadIPPluginJar : add tracer_emb
2024-10-21 14:24:23,053 [INFO] IPUIPlugin:74 - create IPUIPlugin
2024-10-21 14:24:23,054 [INFO] PluginManager:213 - loadIPPluginJar : add ts
2024-10-21 14:24:23,085 [INFO] IPUIPlugin:74 - create IPUIPlugin
2024-10-21 14:24:23,086 [INFO] PluginManager:213 - loadIPPluginJar : add tsc
2024-10-21 14:24:23,114 [INFO] IPUIPlugin:74 - create IPUIPlugin
2024-10-21 14:24:23,115 [INFO] PluginManager:213 - loadIPPluginJar : add ucpd
2024-10-21 14:24:23,180 [INFO] IPUIPlugin:74 - create IPUIPlugin
2024-10-21 14:24:23,180 [INFO] PluginManager:213 - loadIPPluginJar : add usart
2024-10-21 14:24:23,230 [INFO] IPUIPlugin:74 - create IPUIPlugin
2024-10-21 14:24:23,230 [INFO] PluginManager:213 - loadIPPluginJar : add usbx
2024-10-21 14:24:23,547 [FATAL] Updater:294 - Updater called before beeing initialized
2024-10-21 14:24:23,623 [FATAL] Updater:294 - Updater called before beeing initialized
2024-10-21 14:24:23,628 [INFO] DbMcusAds:47 - JSON generation date=Fri Sep 20 20:04:38 ICT 2024 (1726837478367)
2024-10-21 14:24:23,628 [FATAL] Updater:294 - Updater called before beeing initialized
2024-10-21 14:24:23,660 [WARN] DetailPanel:314 - Failed to get advertising image, set to default
2024-10-21 14:24:23,746 [FATAL] Updater:294 - Updater called before beeing initialized
2024-10-21 14:24:23,747 [FATAL] Updater:294 - Updater called before beeing initialized
2024-10-21 14:24:23,747 [FATAL] Updater:294 - Updater called before beeing initialized
2024-10-21 14:24:23,747 [WARN] DetailPanel:314 - Failed to get advertising image, set to default
2024-10-21 14:24:23,748 [FATAL] Updater:294 - Updater called before beeing initialized
2024-10-21 14:24:23,803 [ERROR] Updater:1075 - MainUpdater not yet initialized. External WinMGr cannot be set.
2024-10-21 14:24:23,826 [INFO] Updater:1012 - Updater Version found : 6.3.0
2024-10-21 14:24:23,848 [INFO] ApplicationProperties:181 - Using Application install path: C:\ST\STM32CubeIDE_1.7.0\STM32CubeIDE\plugins\com.st.stm32cube.common.mx_6.3.0.202107141111
2024-10-21 14:24:23,875 [INFO] ThirdPartyUpdaterWithRetryManager:66 - Updater plugin not ready yet. [2/15]
2024-10-21 14:24:24,138 [INFO] MainUpdater:2671 - connection check result : 10
2024-10-21 14:24:24,139 [INFO] MainUpdater:265 - Updater Check For Update Now.
2024-10-21 14:24:24,139 [INFO] MicroXplorer:478 - Change Database Version : DB.6.0.30
2024-10-21 14:24:24,351 [INFO] CheckServerUpdateThread:112 - End of CheckServer Thread
2024-10-21 14:24:24,391 [INFO] MainUpdater:2671 - connection check result : 10
2024-10-21 14:24:24,746 [INFO] McuFinderGlobals:52 - Set McuFinderConnectedMode to false
2024-10-21 14:24:24,835 [INFO] CrossSelectorPresenter:1330 - Cross Selector saved comparison directory: C:\Users\ADMIN\.stmcufinder\plugins\mcufinder\mcu\cs_comparisons_mx
2024-10-21 14:24:24,840 [INFO] MultiScanPanel:197 - Auto-refresh data requested => check proxy status ongoing
2024-10-21 14:24:24,840 [INFO] MultiScanPanel:201 - Proxy status is invalid
2024-10-21 14:24:24,843 [INFO] FinderPluginLoader:87 - Searching for filters in installed packs
2024-10-21 14:24:24,844 [INFO] DbMcusXml:100 - Load MCU database from C:\ST\STM32CubeIDE_1.7.0\STM32CubeIDE\plugins\com.st.stm32cube.common.mx_6.3.0.202107141111\\db\/mcu/families.xml
2024-10-21 14:24:25,617 [INFO] DbMcusJson:93 - JSON generation date=Tue Nov 16 23:17:54 ICT 2021 (1637079474)
2024-10-21 14:24:26,138 [INFO] DbMcus:175 - Found 1951 MCUs (1903 are supported by CubeMX, 1914 are visible in CubeMX)
2024-10-21 14:24:26,150 [INFO] ApiDb:251 - Load user favorites file C:\Users\ADMIN/.stm32cubeide/favorites.mcus.txt: 0 item(s)
2024-10-21 14:24:26,150 [INFO] ApiDb:255 - User favorites MCUs=[]
2024-10-21 14:24:26,150 [INFO] DbMcus:187 - Set 0 / 0 favorites MCUs
2024-10-21 14:24:26,684 [INFO] DetailPanel:309 - Set advertising image to C:/Users/ADMIN/STM32Cube/Repository/\en.prom-stm32c071-usb-memories-mcu-finder.png
2024-10-21 14:24:27,003 [INFO] DbBoardsPdsc:90 - Found 25 items
2024-10-21 14:24:27,013 [ERROR] Engine:463 - C:\Users\ADMIN\.stm32cubemx\thirdparties\pdsc\STMicroelectronics.FP-SNS-MOTENVWB1.1.4.0.pdsc: PDSC version is not supported
2024-10-21 14:24:27,015 [INFO] DbBoardsPdsc:90 - Found 9 items
2024-10-21 14:24:27,023 [ERROR] Engine:463 - C:\Users\ADMIN\.stm32cubemx\thirdparties\pdsc\STMicroelectronics.X-CUBE-SMBUS.2.1.0.pdsc: PDSC version is not supported
2024-10-21 14:24:27,026 [INFO] DbBoardsPdsc:90 - Found 33 items
2024-10-21 14:24:27,033 [INFO] DbBoardsPdsc:90 - Found 1 items
2024-10-21 14:24:27,046 [INFO] DbBoardsPdsc:90 - Found 48 items
2024-10-21 14:24:27,061 [INFO] DbBoardsPdsc:90 - Found 43 items
2024-10-21 14:24:27,061 [WARN] PackLoader:238 - Cannot read IP mode file for STMicroelectronics.X-CUBE-WB05N.1.1.0
2024-10-21 14:24:27,069 [INFO] DbBoardsPdsc:90 - Found 2 items
2024-10-21 14:24:27,076 [INFO] DbBoardsPdsc:90 - Found 5 items
2024-10-21 14:24:27,081 [WARN] DbBoardsPdsc:254 - Board STM32H7B3I-DK: unknown feature type=Audio, name=, username=Audio stereo codec with Headphone Amp (CS42L51-CNZ), n=1
2024-10-21 14:24:27,081 [WARN] DbBoardsPdsc:254 - Board STM32H735G-DK: unknown feature type=Audio, name=, username=Audio stereo codec with Headphone Amp (WM8994ECS/R), n=1
2024-10-21 14:24:27,083 [WARN] DbBoardsPdsc:254 - Board STM32H7B3I-EVAL: unknown feature type=Audio, name=, username=Multi-Channel Audio Codec (CS42L51-CNZ), n=1
2024-10-21 14:24:27,083 [WARN] DbBoardsPdsc:254 - Board STM32H7B3I-EVAL: unknown feature type=Meter, name=, username=Power-metering and Temperature-monitoring with sigma-delta modulators, n=1
2024-10-21 14:24:27,083 [WARN] DbBoardsPdsc:254 - Board STM32H7B3I-EVAL: unknown feature type=Motor, name=, username=Motor Control, n=1
2024-10-21 14:24:27,084 [WARN] DbBoardsPdsc:254 - Board STM32U575I-EV: unknown feature type=joystick, name=, username=4-direction joystick with selection button, n=1
2024-10-21 14:24:27,106 [WARN] PackLoader:238 - Cannot read IP mode file for STMicroelectronics.X-CUBE-AZRTOS-F7.1.1.0
2024-10-21 14:24:27,122 [ERROR] Engine:463 - C:\Users\ADMIN\.stm32cubemx\thirdparties\pdsc\STMicroelectronics.FP-SNS-FLIGHT1.5.0.2.pdsc: PDSC version is not supported
2024-10-21 14:24:27,122 [INFO] DbBoardsJson:86 - JSON generation date=Tue Nov 16 23:17:54 ICT 2021 (1637079474)
2024-10-21 14:24:27,130 [INFO] DbBoards:117 - Found 167 boards (163 are supported by CubeMX)
2024-10-21 14:24:27,133 [ERROR] Engine:463 - C:\Users\ADMIN\.stm32cubemx\thirdparties\pdsc\STMicroelectronics.X-CUBE-DISPLAY.3.0.0.pdsc: PDSC version is not supported
2024-10-21 14:24:27,141 [INFO] DbBoardsDocs:143 - JSON generation date=Tue Nov 16 23:17:54 ICT 2021 (1637079474)
2024-10-21 14:24:27,143 [INFO] DbBoardsDocs:79 - Found 209 boards documents
2024-10-21 14:24:27,144 [WARN] DbBoards:127 - board B-L475E-IOT01A2 has no document id list !
2024-10-21 14:24:27,148 [WARN] PackLoader:238 - Cannot read IP mode file for STMicroelectronics.X-CUBE-BLE1.7.0.0
2024-10-21 14:24:27,149 [WARN] DbBoards:127 - board NUCLEO-H743ZI has no document id list !
2024-10-21 14:24:27,150 [WARN] DbBoards:127 - board NUCLEO-WL55JC2 has no document id list !
2024-10-21 14:24:27,150 [WARN] DbBoards:127 - board P-NUCLEO-WB55-Nucleo has no document id list !
2024-10-21 14:24:27,150 [WARN] DbBoards:127 - board P-NUCLEO-WB55-USBDongle has no document id list !
2024-10-21 14:24:27,150 [WARN] DbBoards:127 - board STEVAL-BFA001V1B has no document id list !
2024-10-21 14:24:27,150 [WARN] DbBoards:127 - board STEVAL-BFA001V2B has no document id list !
2024-10-21 14:24:27,150 [WARN] DbBoards:127 - board STEVAL-IDP005V1 has no document id list !
2024-10-21 14:24:27,150 [WARN] DbBoards:127 - board STEVAL-IDP005V2 has no document id list !
2024-10-21 14:24:27,150 [WARN] DbBoards:127 - board STEVAL-MKSBOX1V1 has no document id list !
2024-10-21 14:24:27,150 [WARN] DbBoards:127 - board STEVAL-STWINKT1 has no document id list !
2024-10-21 14:24:27,150 [WARN] DbBoards:127 - board STEVAL-STWINKT1B has no document id list !
2024-10-21 14:24:27,150 [WARN] DbBoards:127 - board STM32439I-EVAL2 has no document id list !
2024-10-21 14:24:27,151 [WARN] DbBoards:127 - board STM32F401C-DISCO has no document id list !
2024-10-21 14:24:27,151 [WARN] DbBoards:127 - board STM32F769I-DISC1 has no document id list !
2024-10-21 14:24:27,151 [WARN] DbBoards:127 - board STM32G474E-EVAL1 has no document id list !
2024-10-21 14:24:27,152 [WARN] DbBoards:127 - board STM32H743I-EVAL2 has no document id list !
2024-10-21 14:24:27,152 [WARN] DbBoards:127 - board STM32H747I-DISC1 has no document id list !
2024-10-21 14:24:27,152 [WARN] DbBoards:127 - board STM32H753I-EVAL2 has no document id list !
2024-10-21 14:24:27,152 [WARN] DbBoards:127 - board STM32L-DISCOVERY has no document id list !
2024-10-21 14:24:27,161 [WARN] PackLoader:238 - Cannot read IP mode file for STMicroelectronics.X-CUBE-NFC10.1.0.0
2024-10-21 14:24:27,172 [ERROR] Engine:463 - C:\Users\ADMIN\.stm32cubemx\thirdparties\pdsc\emotas.I-CUBE-CANOPEN.1.3.0.pdsc: PDSC version is not supported
2024-10-21 14:24:27,184 [ERROR] Engine:463 - C:\Users\ADMIN\.stm32cubemx\thirdparties\pdsc\STMicroelectronics.X-CUBE-BLEMGR.3.1.0.pdsc: PDSC version is not supported
2024-10-21 14:24:27,192 [ERROR] Engine:463 - C:\Users\ADMIN\.stm32cubemx\thirdparties\pdsc\STMicroelectronics.FP-SNS-SMARTAG2.1.2.0.pdsc: PDSC version is not supported
2024-10-21 14:24:27,208 [INFO] LogOutputStream:76 - [STDOUT_REDIRECT] 1 : Invalid condition id : UX_CORESTACK_Condition cause : null
2024-10-21 14:24:27,209 [INFO] LogOutputStream:76 - [STDOUT_REDIRECT] 1 : Invalid condition id : UX_CORESTACK_Condition cause : null
2024-10-21 14:24:27,210 [INFO] LogOutputStream:76 - [STDOUT_REDIRECT] 1 : Invalid condition id : UX_CORESTACK_Condition cause : null
2024-10-21 14:24:27,211 [INFO] LogOutputStream:76 - [STDOUT_REDIRECT] 1 : Invalid condition id : UX_CORESTACK_Condition cause : null
2024-10-21 14:24:27,212 [INFO] LogOutputStream:76 - [STDOUT_REDIRECT] 1 : Invalid condition id : UX_CORESTACK_Condition cause : null
2024-10-21 14:24:27,215 [WARN] PackLoader:238 - Cannot read IP mode file for STMicroelectronics.X-CUBE-AZRTOS-WL.2.0.0
2024-10-21 14:24:27,225 [ERROR] Engine:463 - C:\Users\ADMIN\.stm32cubemx\thirdparties\pdsc\STMicroelectronics.FP-SNS-MOTENV1.5.0.0.pdsc: PDSC version is not supported
2024-10-21 14:24:27,232 [WARN] PackLoader:238 - Cannot read IP mode file for wolfSSL.I-CUBE-wolfMQTT.1.19.0
2024-10-21 14:24:27,244 [WARN] PackLoader:238 - Cannot read IP mode file for WES.I-CUBE-Cesium.1.3.0
2024-10-21 14:24:27,254 [WARN] PackLoader:238 - Cannot read IP mode file for STMicroelectronics.X-CUBE-BLE2.3.3.0
2024-10-21 14:24:27,256 [ERROR] DbBoards:189 - Image file not found for board B-U585I-IOT02A: C:\ST\STM32CubeIDE_1.7.0\STM32CubeIDE\plugins\com.st.stm32cube.common.mx_6.3.0.202107141111\\db\/plugins/mcufinder/images/boards/B-U585I-IOT02A_small.jpg
2024-10-21 14:24:27,268 [WARN] PackLoader:238 - Cannot read IP mode file for STMicroelectronics.X-CUBE-NFC9.1.0.0
2024-10-21 14:24:27,279 [ERROR] Engine:463 - C:\Users\ADMIN\.stm32cubemx\thirdparties\pdsc\STMicroelectronics.X-CUBE-TCPP.4.1.0.pdsc: PDSC version is not supported
2024-10-21 14:24:27,303 [WARN] PackLoader:238 - Cannot read IP mode file for STMicroelectronics.X-CUBE-AZRTOS-G0.1.1.0
2024-10-21 14:24:27,318 [WARN] PackLoader:238 - Cannot read IP mode file for STMicroelectronics.X-CUBE-SAFEA1.1.2.2
2024-10-21 14:24:27,331 [WARN] PackLoader:238 - Cannot read IP mode file for STMicroelectronics.X-CUBE-NFC4.3.0.0
2024-10-21 14:24:27,341 [ERROR] DbBoards:189 - Image file not found for board NUCLEO-F413ZH: C:\ST\STM32CubeIDE_1.7.0\STM32CubeIDE\plugins\com.st.stm32cube.common.mx_6.3.0.202107141111\\db\/plugins/mcufinder/images/boards/nucleo-f413zh_small.jpg
2024-10-21 14:24:27,341 [ERROR] Engine:463 - C:\Users\ADMIN\.stm32cubemx\thirdparties\pdsc\EmbeddedOffice.I-CUBE-FS-RTOS.1.0.1.pdsc: PDSC version is not supported
2024-10-21 14:24:27,349 [ERROR] Engine:463 - C:\Users\ADMIN\.stm32cubemx\thirdparties\pdsc\RealThread.X-CUBE-RT-Thread_Nano.4.1.1.pdsc: PDSC version is not supported
2024-10-21 14:24:27,356 [WARN] PackLoader:238 - Cannot read IP mode file for STMicroelectronics.FP-ATR-SIGFOX1.3.2.0
2024-10-21 14:24:27,372 [WARN] PackLoader:238 - Cannot read IP mode file for STMicroelectronics.X-CUBE-EEPRMA1.5.1.0
2024-10-21 14:24:27,386 [ERROR] Engine:463 - C:\Users\ADMIN\.stm32cubemx\thirdparties\pdsc\ITTIA_DB.I-CUBE-ITTIADB.8.9.0.pdsc: PDSC version is not supported
2024-10-21 14:24:27,433 [WARN] PackLoader:238 - Cannot read IP mode file for SEGGER.I-CUBE-embOS.1.3.1
2024-10-21 14:24:27,473 [WARN] PackLoader:238 - Cannot read IP mode file for STMicroelectronics.X-CUBE-ALGOBUILD.1.4.0
2024-10-21 14:24:27,484 [WARN] PackLoader:238 - Cannot read IP mode file for STMicroelectronics.X-CUBE-AI.9.1.0
2024-10-21 14:24:27,504 [ERROR] DbBoards:189 - Image file not found for board NUCLEO-L552ZE-Q: C:\ST\STM32CubeIDE_1.7.0\STM32CubeIDE\plugins\com.st.stm32cube.common.mx_6.3.0.202107141111\\db\/plugins/mcufinder/images/boards/nucleo_l552ze_q_small.jpg
2024-10-21 14:24:27,504 [ERROR] DbBoards:189 - Image file not found for board NUCLEO-U575ZI-Q: C:\ST\STM32CubeIDE_1.7.0\STM32CubeIDE\plugins\com.st.stm32cube.common.mx_6.3.0.202107141111\\db\/plugins/mcufinder/images/boards/nucleo-u575zi-q_small.jpg
2024-10-21 14:24:27,504 [ERROR] DbBoards:189 - Image file not found for board NUCLEO-WB15CC: C:\ST\STM32CubeIDE_1.7.0\STM32CubeIDE\plugins\com.st.stm32cube.common.mx_6.3.0.202107141111\\db\/plugins/mcufinder/images/boards/nucleo-wb15cc_small.jpg
2024-10-21 14:24:27,504 [ERROR] DbBoards:189 - Image file not found for board NUCLEO-WB55RG: C:\ST\STM32CubeIDE_1.7.0\STM32CubeIDE\plugins\com.st.stm32cube.common.mx_6.3.0.202107141111\\db\/plugins/mcufinder/images/boards/nucleo-wb55rg_small.jpg
2024-10-21 14:24:27,512 [WARN] PackLoader:238 - Cannot read IP mode file for STMicroelectronics.X-CUBE-AZRTOS-F4.1.1.0
2024-10-21 14:24:27,525 [ERROR] Engine:463 - C:\Users\ADMIN\.stm32cubemx\thirdparties\pdsc\STMicroelectronics.X-CUBE-FREERTOS.1.2.0.pdsc: PDSC version is not supported
2024-10-21 14:24:27,555 [WARN] PackLoader:238 - Cannot read IP mode file for STMicroelectronics.X-CUBE-AZRTOS-L5.2.0.0
2024-10-21 14:24:27,573 [WARN] PackLoader:238 - Cannot read IP mode file for STMicroelectronics.X-CUBE-NFC6.3.1.0
2024-10-21 14:24:27,585 [WARN] PackLoader:238 - Cannot read IP mode file for STMicroelectronics.X-CUBE-AI.9.0.0
2024-10-21 14:24:27,595 [WARN] PackLoader:238 - Cannot read IP mode file for STMicroelectronics.X-CUBE-NFC7.1.0.1
2024-10-21 14:24:27,618 [WARN] ConditionMgr:437 - getConditionDescription Invalid condition id : LAN8742 Phy interface Condition cause : null
2024-10-21 14:24:27,618 [WARN] PackLoader:238 - Cannot read IP mode file for STMicroelectronics.X-CUBE-AZRTOS-L4.2.0.0
2024-10-21 14:24:27,619 [WARN] ConditionMgr:1038 - genDependencies : Invalid condition id : LAN8742 Phy interface Condition cause : null
2024-10-21 14:24:27,620 [WARN] ConditionMgr:1038 - genDependencies : Invalid condition id : LAN8742 Phy interface Condition cause : null
2024-10-21 14:24:27,620 [WARN] ConditionMgr:1038 - genDependencies : Invalid condition id : LAN8742 Phy interface Condition cause : null
2024-10-21 14:24:27,633 [WARN] PackLoader:238 - Cannot read IP mode file for STMicroelectronics.X-CUBE-SFXS2LP1.4.0.0
2024-10-21 14:24:27,645 [ERROR] Engine:463 - C:\Users\ADMIN\.stm32cubemx\thirdparties\pdsc\STMicroelectronics.X-CUBE-IPS.3.0.0.pdsc: PDSC version is not supported
2024-10-21 14:24:27,664 [WARN] ConditionMgr:437 - getConditionDescription Invalid condition id : UX DEVICE CLASS RTOS Condition cause : null
2024-10-21 14:24:27,664 [WARN] ConditionMgr:437 - getConditionDescription Invalid condition id : UX DEVICE CLASS RTOS Condition cause : null
2024-10-21 14:24:27,666 [WARN] PackLoader:238 - Cannot read IP mode file for STMicroelectronics.X-CUBE-AZRTOS-WB.2.0.0
2024-10-21 14:24:27,666 [WARN] ConditionMgr:1038 - genDependencies : Invalid condition id : UX DEVICE CLASS RTOS Condition cause : null
2024-10-21 14:24:27,666 [WARN] ConditionMgr:1038 - genDependencies : Invalid condition id : UX DEVICE CLASS RTOS Condition cause : null
2024-10-21 14:24:27,666 [WARN] ConditionMgr:1038 - genDependencies : Invalid condition id : UX DEVICE CLASS RTOS Condition cause : null
2024-10-21 14:24:27,666 [WARN] ConditionMgr:1038 - genDependencies : Invalid condition id : UX DEVICE CLASS RTOS Condition cause : null
2024-10-21 14:24:27,666 [WARN] ConditionMgr:1038 - genDependencies : Invalid condition id : UX DEVICE CLASS RTOS Condition cause : null
2024-10-21 14:24:27,681 [WARN] PackLoader:238 - Cannot read IP mode file for STMicroelectronics.X-CUBE-SUBG2.5.0.0
2024-10-21 14:24:27,692 [ERROR] Engine:463 - C:\Users\ADMIN\.stm32cubemx\thirdparties\pdsc\Cesanta.I-CUBE-Mongoose.7.13.0.pdsc: PDSC version is not supported
2024-10-21 14:24:27,710 [WARN] PackLoader:238 - Cannot read IP mode file for STMicroelectronics.X-CUBE-AZRTOS-G4.2.0.0
2024-10-21 14:24:27,719 [ERROR] Engine:463 - C:\Users\ADMIN\.stm32cubemx\thirdparties\pdsc\STMicroelectronics.X-CUBE-ALS.1.0.2.pdsc: PDSC version is not supported
2024-10-21 14:24:27,731 [WARN] PackLoader:238 - Cannot read IP mode file for portGmbH.I-Cube-SoM-uGOAL.1.1.0
2024-10-21 14:24:27,756 [WARN] PackLoader:238 - Cannot read IP mode file for STMicroelectronics.X-CUBE-AZRTOS-H7RS.1.0.0
2024-10-21 14:24:27,767 [WARN] PackLoader:238 - Cannot read IP mode file for STMicroelectronics.FP-ATR-ASTRA1.2.0.0
2024-10-21 14:24:27,782 [ERROR] Engine:463 - C:\Users\ADMIN\.stm32cubemx\thirdparties\pdsc\Infineon.AIROC-Wi-Fi-Bluetooth-STM32.1.6.1.pdsc: PDSC version is not supported
2024-10-21 14:24:27,783 [INFO] ThirdParty:915 - Integrity check success = true
2024-10-21 14:24:27,783 [INFO] IntegrityCheckThread:94 - exiting critical section [integrity check]
2024-10-21 14:24:27,783 [INFO] IntegrityCheckThread:97 - End integrity checks thread
2024-10-21 14:24:28,343 [INFO] ApiDb:251 - Load user favorites file C:\Users\ADMIN/.stm32cubeide/favorites.boards.txt: 0 item(s)
2024-10-21 14:24:28,343 [INFO] ApiDb:255 - User favorites Boards=[]
2024-10-21 14:24:28,343 [INFO] DbBoards:206 - Set 0 / 0 favorites Boards
2024-10-21 14:25:18,715 [INFO] DbMcusDocs:143 - JSON generation date=Tue Nov 16 23:17:54 ICT 2021 (1637079474)
2024-10-21 14:25:18,912 [INFO] DbMcusDocs:79 - Found 682 MCUs documents
2024-10-21 14:27:03,800 [INFO] MainUpdater:2671 - connection check result : 10
2024-10-21 14:27:03,800 [INFO] MainUpdater:2671 - connection check result : 10
2024-10-21 14:27:03,843 [INFO] MicroXplorer:448 - Change Database Path : 
2024-10-21 14:27:03,843 [INFO] MicroXplorer:478 - Change Database Version : DB.6.0.30
2024-10-21 14:27:03,844 [WARN] ThirdParty:813 - waiting for thirdparty lock release [close project]
2024-10-21 14:27:03,844 [INFO] ThirdParty:815 - entering critical section [close project]
2024-10-21 14:27:03,845 [INFO] ThirdParty:825 - exiting critical section [close project]
2024-10-21 14:27:03,847 [INFO] PinOutPanel:1463 - setPackage(No Configuration,No Configuration)
2024-10-21 14:27:03,848 [INFO] UtilMem:74 - Begin LoadConfig() Used Memory: 824939296 Bytes (905969664)
2024-10-21 14:27:03,849 [INFO] MicroXplorer:448 - Change Database Path : 
2024-10-21 14:27:03,849 [INFO] MicroXplorer:478 - Change Database Version : DB.6.0.30
2024-10-21 14:27:03,849 [INFO] OpenFileManager:313 - Change cursor
2024-10-21 14:27:04,511 [INFO] Context:592 - Trying to add GPIOservice into a context  which must be forbidden
2024-10-21 14:27:04,673 [INFO] ImportTextPane:167 - (OptionalMessage_ERROR) Unable to find key (Mcu.ThirdPartyNb) in loaded IOC file
2024-10-21 14:27:04,673 [INFO] ImportTextPane:167 - (OptionalMessage_ERROR) Unable to find key (Mcu.PinsNb) in loaded IOC file
2024-10-21 14:27:04,673 [INFO] ImportTextPane:167 - (OptionalMessage_ERROR) Unable to find key (Mcu.IPNb) in loaded IOC file
2024-10-21 14:27:04,705 [WARN] ApiManager:304 - Cannot register API 'Board Extension:NFC09A1' from pack STMicroelectronics.X-CUBE-NFC9.1.0.0: no header file found
2024-10-21 14:27:04,710 [WARN] ApiManager:304 - Cannot register API 'Wireless:BlueNRG-MS' from pack STMicroelectronics.X-CUBE-BLE1.7.0.0: no header file found
2024-10-21 14:27:04,711 [WARN] ApiManager:304 - Cannot register API 'Board Extension:NFC10A1' from pack STMicroelectronics.X-CUBE-NFC10.1.0.0: no header file found
2024-10-21 14:27:04,712 [WARN] ApiManager:304 - Cannot register API 'Wireless:STM32WB05N' from pack STMicroelectronics.X-CUBE-WB05N.1.1.0: no header file found
2024-10-21 14:27:04,713 [WARN] ApiManager:304 - Cannot register API 'Board Extension:EEPRMA2' from pack STMicroelectronics.X-CUBE-EEPRMA1.5.1.0: no header file found
2024-10-21 14:27:04,714 [WARN] ApiManager:304 - Cannot register API 'Board Extension:PGEEZ1' from pack STMicroelectronics.X-CUBE-EEPRMA1.5.1.0: no header file found
2024-10-21 14:27:04,714 [WARN] ApiManager:304 - Cannot register API 'Board Extension:EEICA1' from pack STMicroelectronics.X-CUBE-EEPRMA1.5.1.0: no header file found
2024-10-21 14:27:04,714 [WARN] ApiManager:304 - Cannot register API 'Board Part:M24' from pack STMicroelectronics.X-CUBE-EEPRMA1.5.1.0: no header file found
2024-10-21 14:27:04,714 [WARN] ApiManager:304 - Cannot register API 'Board Part:M95' from pack STMicroelectronics.X-CUBE-EEPRMA1.5.1.0: no header file found
2024-10-21 14:27:04,714 [WARN] ApiManager:304 - Cannot register API 'Board Part:M95P32' from pack STMicroelectronics.X-CUBE-EEPRMA1.5.1.0: no header file found
2024-10-21 14:27:04,714 [WARN] ApiManager:304 - Cannot register API 'Board Part:M24256E-F' from pack STMicroelectronics.X-CUBE-EEPRMA1.5.1.0: no header file found
2024-10-21 14:27:04,714 [WARN] ApiManager:304 - Cannot register API 'Board Part:M24M01E-F' from pack STMicroelectronics.X-CUBE-EEPRMA1.5.1.0: no header file found
2024-10-21 14:27:04,714 [WARN] ApiManager:304 - Cannot register API 'PGEEZ1:SPI' from pack STMicroelectronics.X-CUBE-EEPRMA1.5.1.0: no header file found
2024-10-21 14:27:04,714 [WARN] ApiManager:304 - Cannot register API 'PGEEZ1:QDSPI' from pack STMicroelectronics.X-CUBE-EEPRMA1.5.1.0: no header file found
2024-10-21 14:27:04,716 [WARN] ModelIntegratedComponent:60 - No mode defined for component null
2024-10-21 14:27:04,716 [WARN] ModelIntegratedComponent:60 - No mode defined for component null
2024-10-21 14:27:04,716 [WARN] ModelIntegratedComponent:60 - No mode defined for component null
2024-10-21 14:27:04,716 [WARN] ModelIntegratedComponent:60 - No mode defined for component null
2024-10-21 14:27:04,716 [WARN] ModelIntegratedComponent:60 - No mode defined for component null
2024-10-21 14:27:04,716 [WARN] ModelIntegratedComponent:60 - No mode defined for component null
2024-10-21 14:27:04,716 [WARN] ModelIntegratedComponent:60 - No mode defined for component null
2024-10-21 14:27:04,716 [WARN] ModelIntegratedComponent:60 - No mode defined for component null
2024-10-21 14:27:04,716 [WARN] ModelIntegratedComponent:60 - No mode defined for component null
2024-10-21 14:27:04,716 [WARN] ModelIntegratedComponent:60 - No mode defined for component null
2024-10-21 14:27:04,716 [WARN] ModelIntegratedComponent:60 - No mode defined for component null
2024-10-21 14:27:04,716 [WARN] ModelIntegratedComponent:60 - No mode defined for component null
2024-10-21 14:27:04,717 [WARN] ModelIntegratedComponent:60 - No mode defined for component null
2024-10-21 14:27:04,717 [WARN] ModelIntegratedComponent:60 - No mode defined for component null
2024-10-21 14:27:04,717 [WARN] ModelIntegratedComponent:60 - No mode defined for component null
2024-10-21 14:27:04,717 [WARN] ModelIntegratedComponent:60 - No mode defined for component null
2024-10-21 14:27:04,717 [WARN] ModelIntegratedComponent:60 - No mode defined for component null
2024-10-21 14:27:04,717 [WARN] ModelIntegratedComponent:60 - No mode defined for component null
2024-10-21 14:27:04,717 [WARN] ModelIntegratedComponent:60 - No mode defined for component null
2024-10-21 14:27:04,717 [WARN] ModelIntegratedComponent:60 - No mode defined for component null
2024-10-21 14:27:04,717 [WARN] ModelIntegratedComponent:60 - No mode defined for component null
2024-10-21 14:27:04,717 [WARN] ModelIntegratedComponent:60 - No mode defined for component null
2024-10-21 14:27:04,717 [WARN] ModelIntegratedComponent:60 - No mode defined for component null
2024-10-21 14:27:04,717 [WARN] ModelIntegratedComponent:60 - No mode defined for component null
2024-10-21 14:27:04,717 [WARN] ModelIntegratedComponent:60 - No mode defined for component null
2024-10-21 14:27:04,717 [WARN] ModelIntegratedComponent:60 - No mode defined for component null
2024-10-21 14:27:04,717 [WARN] ModelIntegratedComponent:60 - No mode defined for component null
2024-10-21 14:27:04,717 [WARN] ModelIntegratedComponent:60 - No mode defined for component null
2024-10-21 14:27:04,717 [WARN] ModelIntegratedComponent:60 - No mode defined for component null
2024-10-21 14:27:04,717 [WARN] ModelIntegratedComponent:60 - No mode defined for component null
2024-10-21 14:27:04,717 [WARN] ModelIntegratedComponent:60 - No mode defined for component null
2024-10-21 14:27:04,719 [WARN] ApiManager:304 - Cannot register API 'Board Extension:NFC07A1' from pack STMicroelectronics.X-CUBE-NFC7.1.0.1: no header file found
2024-10-21 14:27:04,722 [WARN] ApiManager:304 - Cannot register API 'Board Extension:NFC06A1' from pack STMicroelectronics.X-CUBE-NFC6.3.1.0: no header file found
2024-10-21 14:27:04,722 [WARN] ApiManager:304 - Cannot register API 'Board Extension:NFC08A1' from pack STMicroelectronics.X-CUBE-NFC6.3.1.0: no header file found
2024-10-21 14:27:04,727 [INFO] RtosManager:484 - Registered RTOS mode: class=CMSIS, group=RTOS, mode=CMSIS_V1, owner=FREERTOS
2024-10-21 14:27:04,727 [INFO] RtosManager:484 - Registered RTOS mode: class=CMSIS, group=RTOS2, mode=CMSIS_V2, owner=FREERTOS
2024-10-21 14:27:04,727 [INFO] RtosManager:484 - Registered RTOS mode: class=RTOS, group=Core, mode=CMSIS_V1, owner=FREERTOS
2024-10-21 14:27:04,727 [INFO] RtosManager:484 - Registered RTOS mode: class=RTOS, group=Core, mode=CMSIS_V2, owner=FREERTOS
2024-10-21 14:27:04,727 [WARN] ModelIntegratedComponent:181 - Missing modes for component STMicroelectronics:FreeRTOS:0.0.1:STMicroelectronics:RTOS:FreeRTOS:Core:::10.2.0:
2024-10-21 14:27:04,728 [WARN] ApiManager:304 - Cannot register API 'Board Extension:STSAFEA1' from pack STMicroelectronics.X-CUBE-SAFEA1.1.2.2: no header file found
2024-10-21 14:27:04,728 [WARN] ApiManager:304 - Cannot register API 'Board Part:STSAFEA110' from pack STMicroelectronics.X-CUBE-SAFEA1.1.2.2: no header file found
2024-10-21 14:27:04,728 [WARN] ApiManager:304 - Cannot register API 'Security:ST_Cryptolib' from pack STMicroelectronics.X-CUBE-SAFEA1.1.2.2: no header file found
2024-10-21 14:27:04,728 [WARN] ApiManager:304 - Cannot register API 'Security:MbedTLS' from pack STMicroelectronics.X-CUBE-SAFEA1.1.2.2: no header file found
2024-10-21 14:27:04,729 [WARN] ApiManager:304 - Cannot register API 'Board Extension:NFC04A1' from pack STMicroelectronics.X-CUBE-NFC4.3.0.0: no header file found
2024-10-21 14:27:04,731 [WARN] ApiManager:304 - Cannot register API 'Board Extension:S2868A1' from pack STMicroelectronics.X-CUBE-SUBG2.5.0.0: no header file found
2024-10-21 14:27:04,731 [WARN] ApiManager:304 - Cannot register API 'Board Extension:S2868A2' from pack STMicroelectronics.X-CUBE-SUBG2.5.0.0: no header file found
2024-10-21 14:27:04,731 [WARN] ApiManager:304 - Cannot register API 'Board Extension:S2915A1' from pack STMicroelectronics.X-CUBE-SUBG2.5.0.0: no header file found
2024-10-21 14:27:04,735 [WARN] ApiManager:304 - Cannot register API 'Board Extension:S2868A1' from pack STMicroelectronics.X-CUBE-SFXS2LP1.4.0.0: no header file found
2024-10-21 14:27:04,735 [WARN] ApiManager:304 - Cannot register API 'Board Extension:S2868A2' from pack STMicroelectronics.X-CUBE-SFXS2LP1.4.0.0: no header file found
2024-10-21 14:27:04,735 [WARN] ApiManager:304 - Cannot register API 'Board Extension:S2915A1' from pack STMicroelectronics.X-CUBE-SFXS2LP1.4.0.0: no header file found
2024-10-21 14:27:04,735 [WARN] ApiManager:304 - Cannot register API 'Wireless:BlueNRG-2' from pack STMicroelectronics.X-CUBE-BLE2.3.3.0: no header file found
2024-10-21 14:27:05,195 [INFO] UtilMem:74 - End LoadConfig() Used Memory: 785607648 Bytes (905969664)
2024-10-21 14:27:05,202 [WARN] ThirdParty:779 - waiting for thirdparty lock release [change project]
2024-10-21 14:27:05,202 [INFO] ThirdParty:781 - entering critical section [change project]
2024-10-21 14:27:05,202 [INFO] ThirdParty:967 - CMSIS Pack Vendor :STMicroelectronics X-CUBE-NFC9 1.0.0
2024-10-21 14:27:05,202 [INFO] ThirdParty:967 - CMSIS Pack Vendor :STMicroelectronics USB_HOST 2.0.0
2024-10-21 14:27:05,202 [INFO] ThirdParty:967 - CMSIS Pack Vendor :STMicroelectronics X-CUBE-AZRTOS-F4 1.1.0
2024-10-21 14:27:05,202 [INFO] ThirdParty:967 - CMSIS Pack Vendor :STMicroelectronics X-CUBE-BLE1 7.0.0
2024-10-21 14:27:05,202 [INFO] ThirdParty:967 - CMSIS Pack Vendor :STMicroelectronics FP-ATR-SIGFOX1 3.2.0
2024-10-21 14:27:05,202 [INFO] ThirdParty:967 - CMSIS Pack Vendor :STMicroelectronics X-CUBE-NFC10 1.0.0
2024-10-21 14:27:05,202 [INFO] ThirdParty:967 - CMSIS Pack Vendor :STMicroelectronics X-CUBE-WB05N 1.1.0
2024-10-21 14:27:05,202 [INFO] ThirdParty:967 - CMSIS Pack Vendor :STMicroelectronics USB_DEVICE 3.0.0
2024-10-21 14:27:05,202 [INFO] ThirdParty:967 - CMSIS Pack Vendor :STMicroelectronics X-CUBE-EEPRMA1 5.1.0
2024-10-21 14:27:05,202 [INFO] ThirdParty:967 - CMSIS Pack Vendor :STMicroelectronics HAL Drivers 0.0.0
2024-10-21 14:27:05,202 [INFO] ThirdParty:967 - CMSIS Pack Vendor :STMicroelectronics MBEDTLS 2.16.2
2024-10-21 14:27:05,203 [INFO] ThirdParty:967 - CMSIS Pack Vendor :STMicroelectronics X-CUBE-AZRTOS-WB 2.0.0
2024-10-21 14:27:05,203 [INFO] ThirdParty:967 - CMSIS Pack Vendor :STMicroelectronics X-CUBE-NFC7 1.0.1
2024-10-21 14:27:05,203 [INFO] ThirdParty:967 - CMSIS Pack Vendor :STMicroelectronics MBEDTLS 2.14.1
2024-10-21 14:27:05,203 [INFO] ThirdParty:967 - CMSIS Pack Vendor :STMicroelectronics X-CUBE-AZRTOS-F7 1.1.0
2024-10-21 14:27:05,203 [INFO] ThirdParty:967 - CMSIS Pack Vendor :STMicroelectronics X-CUBE-AZRTOS-L5 2.0.0
2024-10-21 14:27:05,203 [INFO] ThirdParty:967 - CMSIS Pack Vendor :portGmbH I-Cube-SoM-uGOAL 1.1.0
2024-10-21 14:27:05,203 [INFO] ThirdParty:967 - CMSIS Pack Vendor :STMicroelectronics USB_DEVICE 2.0.0
2024-10-21 14:27:05,203 [INFO] ThirdParty:967 - CMSIS Pack Vendor :STMicroelectronics X-CUBE-NFC6 3.1.0
2024-10-21 14:27:05,203 [INFO] ThirdParty:967 - CMSIS Pack Vendor :STMicroelectronics X-CUBE-AZRTOS-WL 2.0.0
2024-10-21 14:27:05,203 [INFO] ThirdParty:967 - CMSIS Pack Vendor :SEGGER I-CUBE-embOS 1.3.1
2024-10-21 14:27:05,203 [INFO] ThirdParty:967 - CMSIS Pack Vendor :STMicroelectronics X-CUBE-ALGOBUILD 1.4.0
2024-10-21 14:27:05,203 [INFO] ThirdParty:967 - CMSIS Pack Vendor :STMicroelectronics FreeRTOS 0.0.1
2024-10-21 14:27:05,203 [INFO] ThirdParty:967 - CMSIS Pack Vendor :STMicroelectronics X-CUBE-AZRTOS-G0 1.1.0
2024-10-21 14:27:05,203 [INFO] ThirdParty:967 - CMSIS Pack Vendor :STMicroelectronics USB_DEVICE 1.0.0
2024-10-21 14:27:05,203 [INFO] ThirdParty:967 - CMSIS Pack Vendor :STMicroelectronics X-CUBE-SAFEA1 1.2.2
2024-10-21 14:27:05,203 [INFO] ThirdParty:967 - CMSIS Pack Vendor :STMicroelectronics X-CUBE-NFC4 3.0.0
2024-10-21 14:27:05,203 [INFO] ThirdParty:967 - CMSIS Pack Vendor :STMicroelectronics X-CUBE-SUBG2 5.0.0
2024-10-21 14:27:05,203 [INFO] ThirdParty:967 - CMSIS Pack Vendor :STMicroelectronics X-CUBE-AZRTOS-H7RS 1.0.0
2024-10-21 14:27:05,203 [INFO] ThirdParty:967 - CMSIS Pack Vendor :wolfSSL I-CUBE-wolfMQTT 1.19.0
2024-10-21 14:27:05,203 [INFO] ThirdParty:967 - CMSIS Pack Vendor :STMicroelectronics X-CUBE-AZRTOS-L4 2.0.0
2024-10-21 14:27:05,203 [INFO] ThirdParty:967 - CMSIS Pack Vendor :STMicroelectronics ThreadX 0.0.2
2024-10-21 14:27:05,203 [INFO] ThirdParty:967 - CMSIS Pack Vendor :WES I-CUBE-Cesium 1.3.0
2024-10-21 14:27:05,203 [INFO] ThirdParty:967 - CMSIS Pack Vendor :STMicroelectronics FP-ATR-ASTRA1 2.0.0
2024-10-21 14:27:05,203 [INFO] ThirdParty:967 - CMSIS Pack Vendor :STMicroelectronics lwIP 2.0.3
2024-10-21 14:27:05,203 [INFO] ThirdParty:967 - CMSIS Pack Vendor :STMicroelectronics lwIP 2.1.2
2024-10-21 14:27:05,203 [INFO] ThirdParty:967 - CMSIS Pack Vendor :STMicroelectronics X-CUBE-SFXS2LP1 4.0.0
2024-10-21 14:27:05,203 [INFO] ThirdParty:967 - CMSIS Pack Vendor :STMicroelectronics X-CUBE-BLE2 3.3.0
2024-10-21 14:27:05,203 [INFO] ThirdParty:967 - CMSIS Pack Vendor :STMicroelectronics USB_HOST 1.0.0
2024-10-21 14:27:05,203 [INFO] ThirdParty:967 - CMSIS Pack Vendor :STMicroelectronics X-CUBE-AI 9.1.0
2024-10-21 14:27:05,203 [INFO] ThirdParty:967 - CMSIS Pack Vendor :STMicroelectronics X-CUBE-AI 9.0.0
2024-10-21 14:27:05,203 [INFO] ThirdParty:967 - CMSIS Pack Vendor :STMicroelectronics X-CUBE-AZRTOS-G4 2.0.0
2024-10-21 14:27:05,203 [INFO] ThirdParty:967 - CMSIS Pack Vendor :STMicroelectronics PDM2PCM 3.1.0
2024-10-21 14:27:05,204 [INFO] ThirdParty:967 - CMSIS Pack Vendor :STMicroelectronics PDM2PCM 3.2.0
2024-10-21 14:27:05,204 [INFO] ThirdParty:967 - CMSIS Pack Vendor :STMicroelectronics PDM2PCM 3.3.0
2024-10-21 14:27:05,204 [INFO] ThirdParty:787 - exiting critical section [change project]
2024-10-21 14:27:05,382 [INFO] PinOutPanel:1463 - setPackage(No Configuration,No Configuration)
2024-10-21 14:27:05,383 [INFO] PinOutPanel:1463 - setPackage(STM32F103C6Ux,UFQFPN48)
2024-10-21 14:27:05,654 [INFO] UtilMem:74 - Before build in PCC Used Memory: 781509888 Bytes (905969664)
2024-10-21 14:27:06,151 [INFO] UtilMem:74 - After build in PCC Used Memory: 786739568 Bytes (905969664)
2024-10-21 14:27:06,174 [INFO] IPUIPlugin:74 - create IPUIPlugin
2024-10-21 14:27:06,174 [INFO] IPUIPlugin:74 - create IPUIPlugin
2024-10-21 14:27:06,174 [INFO] IPUIPlugin:74 - create IPUIPlugin
2024-10-21 14:27:06,175 [INFO] IPUIPlugin:74 - create IPUIPlugin
2024-10-21 14:27:06,175 [INFO] IPUIPlugin:74 - create IPUIPlugin
2024-10-21 14:27:06,175 [INFO] IPUIPlugin:74 - create IPUIPlugin
2024-10-21 14:27:06,175 [INFO] IPUIPlugin:74 - create IPUIPlugin
2024-10-21 14:27:06,175 [INFO] IPUIPlugin:74 - create IPUIPlugin
2024-10-21 14:27:06,176 [INFO] IPUIPlugin:74 - create IPUIPlugin
2024-10-21 14:27:06,176 [INFO] IPUIPlugin:74 - create IPUIPlugin
2024-10-21 14:27:06,176 [INFO] IPUIPlugin:74 - create IPUIPlugin
2024-10-21 14:27:06,176 [INFO] IPUIPlugin:74 - create IPUIPlugin
2024-10-21 14:27:06,177 [INFO] IPUIPlugin:74 - create IPUIPlugin
2024-10-21 14:27:06,177 [INFO] IPUIPlugin:74 - create IPUIPlugin
2024-10-21 14:27:06,177 [INFO] IPUIPlugin:74 - create IPUIPlugin
2024-10-21 14:27:06,178 [INFO] IPUIPlugin:74 - create IPUIPlugin
2024-10-21 14:27:06,178 [INFO] IPUIPlugin:74 - create IPUIPlugin
2024-10-21 14:27:06,178 [INFO] IPUIPlugin:74 - create IPUIPlugin
2024-10-21 14:27:06,179 [INFO] IPUIPlugin:74 - create IPUIPlugin
2024-10-21 14:27:06,179 [INFO] IPUIPlugin:74 - create IPUIPlugin
2024-10-21 14:27:06,179 [INFO] IPUIPlugin:74 - create IPUIPlugin
2024-10-21 14:27:06,180 [INFO] IPUIPlugin:74 - create IPUIPlugin
2024-10-21 14:27:06,180 [INFO] IPUIPlugin:74 - create IPUIPlugin
2024-10-21 14:27:06,296 [INFO] OpenFileManager:333 - Restore cursor
2024-10-21 14:27:06,562 [INFO] UtilMem:74 - End SaveConfig() Used Memory: 809978120 Bytes (905969664)
2024-10-21 14:27:06,606 [INFO] UtilMem:74 - End SaveConfig() Used Memory: 822038792 Bytes (905969664)
2024-10-21 14:27:06,825 [INFO] BlockDiagram:2740 - set Specific Code input for plugin: NVIC
2024-10-21 14:27:06,825 [INFO] BlockDiagram:2740 - set Specific Code input for plugin: SYS
2024-10-21 14:27:06,825 [INFO] BlockDiagram:2740 - set Specific Code input for plugin: RCC
2024-10-21 14:27:06,826 [INFO] CodeGenerator:663 - code generatio: config db path: C:\ST\STM32CubeIDE_1.7.0\STM32CubeIDE\plugins\com.st.stm32cube.common.mx_6.3.0.202107141111\\db\
2024-10-21 14:27:07,074 [INFO] CodeEngine:239 - oldGeneratedFile, C:\Users\ADMIN\Desktop\GIT_LAB3\SOURCE\LAB\MXTmpFiles\license.tmp_save
2024-10-21 14:27:07,442 [INFO] CodeEngine:257 - Generated code: C:\Users\ADMIN\Desktop\GIT_LAB3\SOURCE\LAB\MXTmpFiles\license.tmp
2024-10-21 14:27:07,562 [INFO] CodeEngine:239 - oldGeneratedFile, C:\Users\ADMIN\Desktop\GIT_LAB3\SOURCE\LAB\Core\Src\stm32f1xx_it.c_save
2024-10-21 14:27:07,666 [INFO] CodeEngine:257 - Generated code: C:\Users\ADMIN\Desktop\GIT_LAB3\SOURCE\LAB\Core\Src\stm32f1xx_it.c
2024-10-21 14:27:07,673 [INFO] CodeEngine:239 - oldGeneratedFile, C:\Users\ADMIN\Desktop\GIT_LAB3\SOURCE\LAB\Core\Inc\stm32f1xx_it.h_save
2024-10-21 14:27:07,726 [INFO] CodeEngine:257 - Generated code: C:\Users\ADMIN\Desktop\GIT_LAB3\SOURCE\LAB\Core\Inc\stm32f1xx_it.h
2024-10-21 14:27:07,741 [INFO] CodeEngine:239 - oldGeneratedFile, C:\Users\ADMIN\Desktop\GIT_LAB3\SOURCE\LAB\Core\Src\stm32f1xx_hal_msp.c_save
2024-10-21 14:27:07,832 [INFO] CodeEngine:257 - Generated code: C:\Users\ADMIN\Desktop\GIT_LAB3\SOURCE\LAB\Core\Src\stm32f1xx_hal_msp.c
2024-10-21 14:27:07,839 [INFO] CodeEngine:239 - oldGeneratedFile, C:\Users\ADMIN\Desktop\GIT_LAB3\SOURCE\LAB\MXTmpFiles\system.tmp_save
2024-10-21 14:27:07,907 [INFO] CodeEngine:257 - Generated code: C:\Users\ADMIN\Desktop\GIT_LAB3\SOURCE\LAB\MXTmpFiles\system.tmp
2024-10-21 14:27:07,930 [INFO] CodeEngine:239 - oldGeneratedFile, C:\Users\ADMIN\Desktop\GIT_LAB3\SOURCE\LAB\Core\Inc\stm32f1xx_hal_conf.h_save
2024-10-21 14:27:08,002 [INFO] CodeEngine:257 - Generated code: C:\Users\ADMIN\Desktop\GIT_LAB3\SOURCE\LAB\Core\Inc\stm32f1xx_hal_conf.h
2024-10-21 14:27:08,039 [INFO] CodeEngine:239 - oldGeneratedFile, C:\Users\ADMIN\Desktop\GIT_LAB3\SOURCE\LAB\Core\Inc\main.h_save
2024-10-21 14:27:08,102 [INFO] CodeEngine:257 - Generated code: C:\Users\ADMIN\Desktop\GIT_LAB3\SOURCE\LAB\Core\Inc\main.h
2024-10-21 14:27:08,110 [INFO] CodeEngine:239 - oldGeneratedFile, C:\Users\ADMIN\Desktop\GIT_LAB3\SOURCE\LAB\Core\Src\main.c_save
2024-10-21 14:27:08,231 [INFO] CodeEngine:257 - Generated code: C:\Users\ADMIN\Desktop\GIT_LAB3\SOURCE\LAB\Core\Src\main.c
2024-10-21 14:27:08,974 [INFO] ProjectBuilder:2578 - Time for Copy HAL[1] : 85mS.
2024-10-21 14:27:08,979 [INFO] ProjectBuilder:3622 - Project Generator version: 3.14.1
2024-10-21 14:27:09,671 [INFO] ConfigFileManager:1271 - The Die is : DIE412
2024-10-21 14:27:09,695 [INFO] ApiDbMcu:468 - Load IP Config File for FATFS
2024-10-21 14:27:09,723 [INFO] ApiDbMcu:468 - Load IP Config File for FREERTOS
2024-10-21 14:27:09,747 [INFO] ApiDbMcu:468 - Load IP Config File for USB_DEVICE
2024-10-21 14:27:14,365 [INFO] ProjectBuilder:3789 - Time for Generating toolchain IDE Files: 5386mS.
2024-10-21 14:27:14,366 [INFO] ProjectBuilder:2457 - Time for Copy CMSIS : 0mS.
2024-10-21 14:27:14,368 [INFO] ProjectBuilder:2457 - Time for Copy CMSIS : 0mS.
2024-10-21 14:27:15,292 [INFO] McuFinderGlobals:52 - Set McuFinderConnectedMode to true
2024-10-21 14:27:15,292 [INFO] ApiDb:276 - Save user favorites file C:\Users\ADMIN/.stm32cubeide/favorites.mcus.txt: 0 item(s)
2024-10-21 14:27:15,292 [INFO] ApiDb:280 - User favorites MCUs=[]
2024-10-21 14:50:22,374 [INFO] NvicIntPanel:96 - NVIC parent = com.st.microxplorer.plugins.ip.nvic.MultiNvicIntPanel[,0,0,0x0,invalid,layout=javax.swing.BoxLayout,alignmentX=0.0,alignmentY=0.0,border=,flags=9,maximumSize=,minimumSize=,preferredSize=]
2024-10-21 14:51:02,005 [INFO] NvicIntPanel:96 - NVIC parent = com.st.microxplorer.plugins.ip.nvic.MultiNvicIntPanel[,0,0,450x186,layout=javax.swing.BoxLayout,alignmentX=0.0,alignmentY=0.0,border=,flags=9,maximumSize=,minimumSize=,preferredSize=]
2024-10-21 14:51:13,031 [INFO] UtilMem:74 - End SaveConfig() Used Memory: 824845064 Bytes (1073741824)
2024-10-21 14:51:13,897 [INFO] UtilMem:74 - End SaveConfig() Used Memory: 851059464 Bytes (1073741824)
2024-10-21 14:51:15,115 [INFO] UtilMem:74 - End SaveConfig() Used Memory: 902439688 Bytes (1073741824)
2024-10-21 14:51:15,309 [INFO] BlockDiagram:2740 - set Specific Code input for plugin: NVIC
2024-10-21 14:51:15,309 [INFO] BlockDiagram:2740 - set Specific Code input for plugin: SYS
2024-10-21 14:51:15,309 [INFO] BlockDiagram:2740 - set Specific Code input for plugin: RCC
2024-10-21 14:51:15,309 [INFO] BlockDiagram:2740 - set Specific Code input for plugin: TIM1_8F1
2024-10-21 14:51:15,309 [INFO] CodeGenerator:663 - code generatio: config db path: C:\ST\STM32CubeIDE_1.7.0\STM32CubeIDE\plugins\com.st.stm32cube.common.mx_6.3.0.202107141111\\db\
2024-10-21 14:51:15,497 [INFO] CodeEngine:239 - oldGeneratedFile, C:\Users\ADMIN\Desktop\GIT_LAB3\SOURCE\LAB\MXTmpFiles\license.tmp_save
2024-10-21 14:51:15,574 [INFO] CodeEngine:257 - Generated code: C:\Users\ADMIN\Desktop\GIT_LAB3\SOURCE\LAB\MXTmpFiles\license.tmp
2024-10-21 14:51:15,676 [INFO] CodeEngine:239 - oldGeneratedFile, C:\Users\ADMIN\Desktop\GIT_LAB3\SOURCE\LAB\Core\Src\stm32f1xx_it.c_save
2024-10-21 14:51:15,767 [INFO] CodeEngine:257 - Generated code: C:\Users\ADMIN\Desktop\GIT_LAB3\SOURCE\LAB\Core\Src\stm32f1xx_it.c
2024-10-21 14:51:15,775 [INFO] CodeEngine:239 - oldGeneratedFile, C:\Users\ADMIN\Desktop\GIT_LAB3\SOURCE\LAB\Core\Inc\stm32f1xx_it.h_save
2024-10-21 14:51:15,841 [INFO] CodeEngine:257 - Generated code: C:\Users\ADMIN\Desktop\GIT_LAB3\SOURCE\LAB\Core\Inc\stm32f1xx_it.h
2024-10-21 14:51:15,858 [INFO] CodeEngine:239 - oldGeneratedFile, C:\Users\ADMIN\Desktop\GIT_LAB3\SOURCE\LAB\Core\Src\stm32f1xx_hal_msp.c_save
2024-10-21 14:51:15,950 [INFO] CodeEngine:257 - Generated code: C:\Users\ADMIN\Desktop\GIT_LAB3\SOURCE\LAB\Core\Src\stm32f1xx_hal_msp.c
2024-10-21 14:51:15,953 [INFO] CodeEngine:239 - oldGeneratedFile, C:\Users\ADMIN\Desktop\GIT_LAB3\SOURCE\LAB\MXTmpFiles\system.tmp_save
2024-10-21 14:51:15,994 [INFO] CodeEngine:257 - Generated code: C:\Users\ADMIN\Desktop\GIT_LAB3\SOURCE\LAB\MXTmpFiles\system.tmp
2024-10-21 14:51:16,007 [INFO] CodeEngine:239 - oldGeneratedFile, C:\Users\ADMIN\Desktop\GIT_LAB3\SOURCE\LAB\Core\Inc\stm32f1xx_hal_conf.h_save
2024-10-21 14:51:16,099 [INFO] CodeEngine:257 - Generated code: C:\Users\ADMIN\Desktop\GIT_LAB3\SOURCE\LAB\Core\Inc\stm32f1xx_hal_conf.h
2024-10-21 14:51:16,112 [WARN] IPConfigManager:3148 - IP not found : TIM
2024-10-21 14:51:16,113 [WARN] CodeGenerator:3268 - IP not found : null
2024-10-21 14:51:16,130 [INFO] CodeEngine:239 - oldGeneratedFile, C:\Users\ADMIN\Desktop\GIT_LAB3\SOURCE\LAB\Core\Inc\main.h_save
2024-10-21 14:51:16,189 [INFO] CodeEngine:257 - Generated code: C:\Users\ADMIN\Desktop\GIT_LAB3\SOURCE\LAB\Core\Inc\main.h
2024-10-21 14:51:16,201 [INFO] CodeEngine:239 - oldGeneratedFile, C:\Users\ADMIN\Desktop\GIT_LAB3\SOURCE\LAB\Core\Src\main.c_save
2024-10-21 14:51:16,304 [INFO] CodeEngine:257 - Generated code: C:\Users\ADMIN\Desktop\GIT_LAB3\SOURCE\LAB\Core\Src\main.c
2024-10-21 14:51:16,876 [INFO] ProjectBuilder:2578 - Time for Copy HAL[1] : 62mS.
2024-10-21 14:51:16,879 [INFO] ProjectBuilder:3622 - Project Generator version: 3.14.1
2024-10-21 14:51:17,185 [INFO] ConfigFileManager:1271 - The Die is : DIE412
2024-10-21 14:51:19,279 [INFO] ProjectBuilder:3789 - Time for Generating toolchain IDE Files: 2400mS.
2024-10-21 14:51:19,279 [INFO] ProjectBuilder:2457 - Time for Copy CMSIS : 0mS.
2024-10-21 14:51:19,282 [INFO] ProjectBuilder:2457 - Time for Copy CMSIS : 0mS.
2024-10-21 16:00:04,283 [INFO] NvicIntPanel:96 - NVIC parent = com.st.microxplorer.plugins.ip.nvic.MultiNvicIntPanel[,0,0,0x0,invalid,layout=javax.swing.BoxLayout,alignmentX=0.0,alignmentY=0.0,border=,flags=9,maximumSize=,minimumSize=,preferredSize=]
2024-10-21 16:00:16,745 [INFO] NvicIntPanel:96 - NVIC parent = com.st.microxplorer.plugins.ip.nvic.MultiNvicIntPanel[,0,0,0x0,invalid,layout=javax.swing.BoxLayout,alignmentX=0.0,alignmentY=0.0,border=,flags=9,maximumSize=,minimumSize=,preferredSize=]
2024-10-21 16:01:13,007 [INFO] Gpio:254 - dependency for GPIO []
2024-10-21 16:01:19,902 [INFO] UtilMem:74 - End SaveConfig() Used Memory: 876307944 Bytes (1073741824)
2024-10-21 16:01:20,929 [INFO] UtilMem:74 - End SaveConfig() Used Memory: 916632344 Bytes (1073741824)
2024-10-21 16:01:27,160 [INFO] UtilMem:74 - End SaveConfig() Used Memory: 870842104 Bytes (1073741824)
2024-10-21 16:01:27,350 [INFO] BlockDiagram:2740 - set Specific Code input for plugin: NVIC
2024-10-21 16:01:27,350 [INFO] BlockDiagram:2740 - set Specific Code input for plugin: SYS
2024-10-21 16:01:27,350 [INFO] BlockDiagram:2740 - set Specific Code input for plugin: GPIO
2024-10-21 16:01:27,350 [INFO] BlockDiagram:2740 - set Specific Code input for plugin: RCC
2024-10-21 16:01:27,350 [INFO] BlockDiagram:2740 - set Specific Code input for plugin: TIM1_8F1
2024-10-21 16:01:27,351 [INFO] CodeGenerator:663 - code generatio: config db path: C:\ST\STM32CubeIDE_1.7.0\STM32CubeIDE\plugins\com.st.stm32cube.common.mx_6.3.0.202107141111\\db\
2024-10-21 16:01:27,588 [INFO] CodeEngine:239 - oldGeneratedFile, C:\Users\ADMIN\Desktop\GIT_LAB3\SOURCE\LAB\MXTmpFiles\license.tmp_save
2024-10-21 16:01:27,635 [INFO] CodeEngine:257 - Generated code: C:\Users\ADMIN\Desktop\GIT_LAB3\SOURCE\LAB\MXTmpFiles\license.tmp
2024-10-21 16:01:27,673 [INFO] CodeEngine:239 - oldGeneratedFile, C:\Users\ADMIN\Desktop\GIT_LAB3\SOURCE\LAB\MXTmpFiles\gpio.tmp_save
2024-10-21 16:01:27,745 [INFO] CodeEngine:257 - Generated code: C:\Users\ADMIN\Desktop\GIT_LAB3\SOURCE\LAB\MXTmpFiles\gpio.tmp
2024-10-21 16:01:27,772 [INFO] CodeEngine:239 - oldGeneratedFile, C:\Users\ADMIN\Desktop\GIT_LAB3\SOURCE\LAB\Core\Src\stm32f1xx_it.c_save
2024-10-21 16:01:27,830 [INFO] CodeEngine:257 - Generated code: C:\Users\ADMIN\Desktop\GIT_LAB3\SOURCE\LAB\Core\Src\stm32f1xx_it.c
2024-10-21 16:01:27,833 [INFO] CodeEngine:239 - oldGeneratedFile, C:\Users\ADMIN\Desktop\GIT_LAB3\SOURCE\LAB\Core\Inc\stm32f1xx_it.h_save
2024-10-21 16:01:27,885 [INFO] CodeEngine:257 - Generated code: C:\Users\ADMIN\Desktop\GIT_LAB3\SOURCE\LAB\Core\Inc\stm32f1xx_it.h
2024-10-21 16:01:27,896 [INFO] CodeEngine:239 - oldGeneratedFile, C:\Users\ADMIN\Desktop\GIT_LAB3\SOURCE\LAB\Core\Src\stm32f1xx_hal_msp.c_save
2024-10-21 16:01:27,986 [INFO] CodeEngine:257 - Generated code: C:\Users\ADMIN\Desktop\GIT_LAB3\SOURCE\LAB\Core\Src\stm32f1xx_hal_msp.c
2024-10-21 16:01:27,989 [INFO] CodeEngine:239 - oldGeneratedFile, C:\Users\ADMIN\Desktop\GIT_LAB3\SOURCE\LAB\MXTmpFiles\system.tmp_save
2024-10-21 16:01:28,029 [INFO] CodeEngine:257 - Generated code: C:\Users\ADMIN\Desktop\GIT_LAB3\SOURCE\LAB\MXTmpFiles\system.tmp
2024-10-21 16:01:28,044 [INFO] CodeEngine:239 - oldGeneratedFile, C:\Users\ADMIN\Desktop\GIT_LAB3\SOURCE\LAB\Core\Inc\stm32f1xx_hal_conf.h_save
2024-10-21 16:01:28,128 [INFO] CodeEngine:257 - Generated code: C:\Users\ADMIN\Desktop\GIT_LAB3\SOURCE\LAB\Core\Inc\stm32f1xx_hal_conf.h
2024-10-21 16:01:28,141 [WARN] IPConfigManager:3148 - IP not found : TIM
2024-10-21 16:01:28,142 [WARN] CodeGenerator:3268 - IP not found : null
2024-10-21 16:01:28,153 [INFO] CodeEngine:239 - oldGeneratedFile, C:\Users\ADMIN\Desktop\GIT_LAB3\SOURCE\LAB\Core\Inc\main.h_save
2024-10-21 16:01:28,242 [INFO] CodeEngine:257 - Generated code: C:\Users\ADMIN\Desktop\GIT_LAB3\SOURCE\LAB\Core\Inc\main.h
2024-10-21 16:01:28,255 [INFO] CodeEngine:239 - oldGeneratedFile, C:\Users\ADMIN\Desktop\GIT_LAB3\SOURCE\LAB\Core\Src\main.c_save
2024-10-21 16:01:28,364 [INFO] CodeEngine:257 - Generated code: C:\Users\ADMIN\Desktop\GIT_LAB3\SOURCE\LAB\Core\Src\main.c
2024-10-21 16:01:28,897 [INFO] ProjectBuilder:2578 - Time for Copy HAL[1] : 59mS.
2024-10-21 16:01:28,900 [INFO] ProjectBuilder:3622 - Project Generator version: 3.14.1
2024-10-21 16:01:29,475 [INFO] ConfigFileManager:1271 - The Die is : DIE412
2024-10-21 16:01:30,804 [INFO] ProjectBuilder:3789 - Time for Generating toolchain IDE Files: 1904mS.
2024-10-21 16:01:30,804 [INFO] ProjectBuilder:2457 - Time for Copy CMSIS : 0mS.
2024-10-21 16:01:30,806 [INFO] ProjectBuilder:2457 - Time for Copy CMSIS : 0mS.
2024-10-21 16:03:24,815 [INFO] UtilMem:74 - End SaveConfig() Used Memory: 908663640 Bytes (1073741824)
2024-10-21 16:04:48,059 [INFO] UtilMem:74 - End SaveConfig() Used Memory: 864049240 Bytes (1073741824)
2024-10-21 16:04:49,046 [INFO] UtilMem:74 - End SaveConfig() Used Memory: 887902264 Bytes (1073741824)
2024-10-21 16:04:49,996 [INFO] UtilMem:74 - End SaveConfig() Used Memory: 934039608 Bytes (1073741824)
2024-10-21 16:04:50,177 [INFO] BlockDiagram:2740 - set Specific Code input for plugin: NVIC
2024-10-21 16:04:50,177 [INFO] BlockDiagram:2740 - set Specific Code input for plugin: SYS
2024-10-21 16:04:50,177 [INFO] BlockDiagram:2740 - set Specific Code input for plugin: GPIO
2024-10-21 16:04:50,177 [INFO] BlockDiagram:2740 - set Specific Code input for plugin: RCC
2024-10-21 16:04:50,177 [INFO] BlockDiagram:2740 - set Specific Code input for plugin: TIM1_8F1
2024-10-21 16:04:50,178 [INFO] CodeGenerator:663 - code generatio: config db path: C:\ST\STM32CubeIDE_1.7.0\STM32CubeIDE\plugins\com.st.stm32cube.common.mx_6.3.0.202107141111\\db\
2024-10-21 16:04:50,381 [INFO] CodeEngine:239 - oldGeneratedFile, C:\Users\ADMIN\Desktop\GIT_LAB3\SOURCE\LAB\MXTmpFiles\license.tmp_save
2024-10-21 16:04:50,433 [INFO] CodeEngine:257 - Generated code: C:\Users\ADMIN\Desktop\GIT_LAB3\SOURCE\LAB\MXTmpFiles\license.tmp
2024-10-21 16:04:50,441 [INFO] CodeEngine:239 - oldGeneratedFile, C:\Users\ADMIN\Desktop\GIT_LAB3\SOURCE\LAB\MXTmpFiles\gpio.tmp_save
2024-10-21 16:04:50,488 [INFO] CodeEngine:257 - Generated code: C:\Users\ADMIN\Desktop\GIT_LAB3\SOURCE\LAB\MXTmpFiles\gpio.tmp
2024-10-21 16:04:50,514 [INFO] CodeEngine:239 - oldGeneratedFile, C:\Users\ADMIN\Desktop\GIT_LAB3\SOURCE\LAB\Core\Src\stm32f1xx_it.c_save
2024-10-21 16:04:50,590 [INFO] CodeEngine:257 - Generated code: C:\Users\ADMIN\Desktop\GIT_LAB3\SOURCE\LAB\Core\Src\stm32f1xx_it.c
2024-10-21 16:04:50,594 [INFO] CodeEngine:239 - oldGeneratedFile, C:\Users\ADMIN\Desktop\GIT_LAB3\SOURCE\LAB\Core\Inc\stm32f1xx_it.h_save
2024-10-21 16:04:50,641 [INFO] CodeEngine:257 - Generated code: C:\Users\ADMIN\Desktop\GIT_LAB3\SOURCE\LAB\Core\Inc\stm32f1xx_it.h
2024-10-21 16:04:50,651 [INFO] CodeEngine:239 - oldGeneratedFile, C:\Users\ADMIN\Desktop\GIT_LAB3\SOURCE\LAB\Core\Src\stm32f1xx_hal_msp.c_save
2024-10-21 16:04:50,729 [INFO] CodeEngine:257 - Generated code: C:\Users\ADMIN\Desktop\GIT_LAB3\SOURCE\LAB\Core\Src\stm32f1xx_hal_msp.c
2024-10-21 16:04:50,731 [INFO] CodeEngine:239 - oldGeneratedFile, C:\Users\ADMIN\Desktop\GIT_LAB3\SOURCE\LAB\MXTmpFiles\system.tmp_save
2024-10-21 16:04:50,765 [INFO] CodeEngine:257 - Generated code: C:\Users\ADMIN\Desktop\GIT_LAB3\SOURCE\LAB\MXTmpFiles\system.tmp
2024-10-21 16:04:50,774 [INFO] CodeEngine:239 - oldGeneratedFile, C:\Users\ADMIN\Desktop\GIT_LAB3\SOURCE\LAB\Core\Inc\stm32f1xx_hal_conf.h_save
2024-10-21 16:04:50,857 [INFO] CodeEngine:257 - Generated code: C:\Users\ADMIN\Desktop\GIT_LAB3\SOURCE\LAB\Core\Inc\stm32f1xx_hal_conf.h
2024-10-21 16:04:50,870 [WARN] IPConfigManager:3148 - IP not found : TIM
2024-10-21 16:04:50,871 [WARN] CodeGenerator:3268 - IP not found : null
2024-10-21 16:04:50,882 [INFO] CodeEngine:239 - oldGeneratedFile, C:\Users\ADMIN\Desktop\GIT_LAB3\SOURCE\LAB\Core\Inc\main.h_save
2024-10-21 16:04:50,949 [INFO] CodeEngine:257 - Generated code: C:\Users\ADMIN\Desktop\GIT_LAB3\SOURCE\LAB\Core\Inc\main.h
2024-10-21 16:04:50,958 [INFO] CodeEngine:239 - oldGeneratedFile, C:\Users\ADMIN\Desktop\GIT_LAB3\SOURCE\LAB\Core\Src\main.c_save
2024-10-21 16:04:51,074 [INFO] CodeEngine:257 - Generated code: C:\Users\ADMIN\Desktop\GIT_LAB3\SOURCE\LAB\Core\Src\main.c
2024-10-21 16:04:51,630 [INFO] ProjectBuilder:2578 - Time for Copy HAL[1] : 71mS.
2024-10-21 16:04:51,633 [INFO] ProjectBuilder:3622 - Project Generator version: 3.14.1
2024-10-21 16:04:52,171 [INFO] ConfigFileManager:1271 - The Die is : DIE412
2024-10-21 16:04:53,480 [INFO] ProjectBuilder:3789 - Time for Generating toolchain IDE Files: 1847mS.
2024-10-21 16:04:53,481 [INFO] ProjectBuilder:2457 - Time for Copy CMSIS : 0mS.
2024-10-21 16:04:53,483 [INFO] ProjectBuilder:2457 - Time for Copy CMSIS : 0mS.
2024-10-22 11:41:31,787 [INFO] Activator:177 - 


2024-10-22 11:41:31,788 [INFO] Activator:178 - !SESSION log4j initialized
2024-10-22 11:42:14,203 [INFO] RetryExec:97 - I/O exception (org.apache.http.NoHttpResponseException) caught when processing request to {s}->https://sw-center.st.com:443: The target server failed to respond
2024-10-22 11:42:14,207 [INFO] RetryExec:113 - Retrying request to {s}->https://sw-center.st.com:443
2024-10-22 22:55:26,531 [INFO] Activator:177 - 


2024-10-22 22:55:26,533 [INFO] Activator:178 - !SESSION log4j initialized
2024-10-22 23:34:21,868 [INFO] McuFinderGlobals:39 - Set McuFinder mode to 2 (CubeIDE integrated)
2024-10-22 23:34:22,062 [INFO] ApplicationProperties:181 - Using Application install path: C:\ST\STM32CubeIDE_1.7.0\STM32CubeIDE\plugins\com.st.stm32cube.common.mx_6.3.0.202107141111
2024-10-22 23:34:22,080 [INFO] DbMcusXml:74 - Set database path to: C:\ST\STM32CubeIDE_1.7.0\STM32CubeIDE\plugins\com.st.stm32cube.common.mx_6.3.0.202107141111\\db\/mcu/
2024-10-22 23:34:22,084 [INFO] DbBoardsPdsc:56 - Set plugin database path to: C:\ST\STM32CubeIDE_1.7.0\STM32CubeIDE\plugins\com.st.stm32cube.common.mx_6.3.0.202107141111\\db\/plugins/boardmanager/
2024-10-22 23:34:22,084 [INFO] DbMcus:258 - Set plugin images path to: C:\ST\STM32CubeIDE_1.7.0\STM32CubeIDE\plugins\com.st.stm32cube.common.mx_6.3.0.202107141111\\db\/plugins/mcufinder/images/
2024-10-22 23:34:22,084 [INFO] DbBoards:264 - Set plugin images path to: C:\ST\STM32CubeIDE_1.7.0\STM32CubeIDE\plugins\com.st.stm32cube.common.mx_6.3.0.202107141111\\db\/plugins/mcufinder/images/
2024-10-22 23:34:22,086 [INFO] DbExamples:333 - Set plugin images path to: C:\ST\STM32CubeIDE_1.7.0\STM32CubeIDE\plugins\com.st.stm32cube.common.mx_6.3.0.202107141111\\db\/plugins/mcufinder/images/
2024-10-22 23:34:22,095 [INFO] DbMcusAds:119 - Set database path to: C:\Users\ADMIN\.stmcufinder\plugins\mcufinder//mcu/
2024-10-22 23:34:22,095 [INFO] DbMcusDocs:110 - Set database path to: C:\Users\ADMIN\.stmcufinder\plugins\mcufinder//mcu/
2024-10-22 23:34:22,097 [INFO] DbMcusJson:64 - Set database path to: C:\Users\ADMIN\.stmcufinder\plugins\mcufinder//mcu/
2024-10-22 23:34:22,098 [INFO] DbBoardsDocs:110 - Set database path to: C:\Users\ADMIN\.stmcufinder\plugins\mcufinder//mcu/
2024-10-22 23:34:22,099 [INFO] DbBoardsJson:57 - Set database path to: C:\Users\ADMIN\.stmcufinder\plugins\mcufinder//mcu/
2024-10-22 23:34:22,844 [INFO] CrossReferenceDbSqlite:196 - Set database path to: C:\Users\ADMIN\.stmcufinder\plugins\mcufinder//mcu/cs/
2024-10-22 23:34:22,861 [INFO] DbExamplesSqlite:767 - Set database path to: C:\Users\ADMIN\.stmcufinder\plugins\mcufinder//mcu/
2024-10-22 23:34:22,938 [INFO] RulesReader:57 - Compatibility file has been processed (242 Rules)
2024-10-22 23:34:23,005 [INFO] DbMcusXml:74 - Set database path to: C:\ST\STM32CubeIDE_1.7.0\STM32CubeIDE\plugins\com.st.stm32cube.common.mx_6.3.0.202107141111\\db\/mcu/
2024-10-22 23:34:23,006 [INFO] DbBoardsPdsc:56 - Set plugin database path to: C:\ST\STM32CubeIDE_1.7.0\STM32CubeIDE\plugins\com.st.stm32cube.common.mx_6.3.0.202107141111\\db\/plugins/boardmanager/
2024-10-22 23:34:23,006 [INFO] DbMcus:258 - Set plugin images path to: C:\ST\STM32CubeIDE_1.7.0\STM32CubeIDE\plugins\com.st.stm32cube.common.mx_6.3.0.202107141111\\db\/plugins/mcufinder/images/
2024-10-22 23:34:23,006 [INFO] DbBoards:264 - Set plugin images path to: C:\ST\STM32CubeIDE_1.7.0\STM32CubeIDE\plugins\com.st.stm32cube.common.mx_6.3.0.202107141111\\db\/plugins/mcufinder/images/
2024-10-22 23:34:23,006 [INFO] DbExamples:333 - Set plugin images path to: C:\ST\STM32CubeIDE_1.7.0\STM32CubeIDE\plugins\com.st.stm32cube.common.mx_6.3.0.202107141111\\db\/plugins/mcufinder/images/
2024-10-22 23:34:23,007 [WARN] DbFile:35 - Overriding database path with different value: C:\Users\ADMIN\.stmcufinder\plugins\mcufinder/ => C:\Users\ADMIN\.stmcufinder\plugins\mcufinder
2024-10-22 23:34:23,007 [INFO] DbMcusAds:119 - Set database path to: C:\Users\ADMIN\.stmcufinder\plugins\mcufinder//mcu/
2024-10-22 23:34:23,007 [WARN] DbFile:35 - Overriding database path with different value: C:\Users\ADMIN\.stmcufinder\plugins\mcufinder/ => C:\Users\ADMIN\.stmcufinder\plugins\mcufinder
2024-10-22 23:34:23,007 [INFO] DbMcusDocs:110 - Set database path to: C:\Users\ADMIN\.stmcufinder\plugins\mcufinder//mcu/
2024-10-22 23:34:23,007 [WARN] DbFile:35 - Overriding database path with different value: C:\Users\ADMIN\.stmcufinder\plugins\mcufinder/ => C:\Users\ADMIN\.stmcufinder\plugins\mcufinder
2024-10-22 23:34:23,007 [INFO] DbMcusJson:64 - Set database path to: C:\Users\ADMIN\.stmcufinder\plugins\mcufinder//mcu/
2024-10-22 23:34:23,007 [WARN] DbFile:35 - Overriding database path with different value: C:\Users\ADMIN\.stmcufinder\plugins\mcufinder/ => C:\Users\ADMIN\.stmcufinder\plugins\mcufinder
2024-10-22 23:34:23,007 [INFO] DbBoardsDocs:110 - Set database path to: C:\Users\ADMIN\.stmcufinder\plugins\mcufinder//mcu/
2024-10-22 23:34:23,007 [WARN] DbFile:35 - Overriding database path with different value: C:\Users\ADMIN\.stmcufinder\plugins\mcufinder/ => C:\Users\ADMIN\.stmcufinder\plugins\mcufinder
2024-10-22 23:34:23,007 [INFO] DbBoardsJson:57 - Set database path to: C:\Users\ADMIN\.stmcufinder\plugins\mcufinder//mcu/
2024-10-22 23:34:23,007 [WARN] DbFile:35 - Overriding database path with different value: C:\Users\ADMIN\.stmcufinder\plugins\mcufinder/ => C:\Users\ADMIN\.stmcufinder\plugins\mcufinder
2024-10-22 23:34:23,007 [WARN] DbFile:35 - Overriding database path with different value: C:\Users\ADMIN\.stmcufinder\plugins\mcufinder/ => C:\Users\ADMIN\.stmcufinder\plugins\mcufinder
2024-10-22 23:34:23,832 [INFO] CrossReferenceDbSqlite:196 - Set database path to: C:\Users\ADMIN\.stmcufinder\plugins\mcufinder//mcu/cs/
2024-10-22 23:34:23,832 [WARN] DbFile:35 - Overriding database path with different value: C:\Users\ADMIN\.stmcufinder\plugins\mcufinder/ => C:\Users\ADMIN\.stmcufinder\plugins\mcufinder
2024-10-22 23:34:23,832 [INFO] DbExamplesSqlite:767 - Set database path to: C:\Users\ADMIN\.stmcufinder\plugins\mcufinder//mcu/
2024-10-22 23:34:23,892 [INFO] MainPanel:214 - HeapMemory: 875560960
2024-10-22 23:34:23,982 [INFO] DbMcusXml:74 - Set database path to: C:\ST\STM32CubeIDE_1.7.0\STM32CubeIDE\plugins\com.st.stm32cube.common.mx_6.3.0.202107141111\\db\/mcu/
2024-10-22 23:34:23,982 [INFO] DbBoardsPdsc:56 - Set plugin database path to: C:\ST\STM32CubeIDE_1.7.0\STM32CubeIDE\plugins\com.st.stm32cube.common.mx_6.3.0.202107141111\\db\/plugins/boardmanager/
2024-10-22 23:34:23,982 [INFO] DbMcus:258 - Set plugin images path to: C:\ST\STM32CubeIDE_1.7.0\STM32CubeIDE\plugins\com.st.stm32cube.common.mx_6.3.0.202107141111\\db\/plugins/mcufinder/images/
2024-10-22 23:34:23,982 [INFO] DbBoards:264 - Set plugin images path to: C:\ST\STM32CubeIDE_1.7.0\STM32CubeIDE\plugins\com.st.stm32cube.common.mx_6.3.0.202107141111\\db\/plugins/mcufinder/images/
2024-10-22 23:34:23,982 [INFO] DbExamples:333 - Set plugin images path to: C:\ST\STM32CubeIDE_1.7.0\STM32CubeIDE\plugins\com.st.stm32cube.common.mx_6.3.0.202107141111\\db\/plugins/mcufinder/images/
2024-10-22 23:34:23,983 [WARN] DbFile:35 - Overriding database path with different value: C:\Users\ADMIN\.stmcufinder\plugins\mcufinder/ => C:\Users\ADMIN\.stmcufinder\plugins\mcufinder
2024-10-22 23:34:23,983 [INFO] DbMcusAds:119 - Set database path to: C:\Users\ADMIN\.stmcufinder\plugins\mcufinder//mcu/
2024-10-22 23:34:23,983 [WARN] DbFile:35 - Overriding database path with different value: C:\Users\ADMIN\.stmcufinder\plugins\mcufinder/ => C:\Users\ADMIN\.stmcufinder\plugins\mcufinder
2024-10-22 23:34:23,983 [INFO] DbMcusDocs:110 - Set database path to: C:\Users\ADMIN\.stmcufinder\plugins\mcufinder//mcu/
2024-10-22 23:34:23,983 [WARN] DbFile:35 - Overriding database path with different value: C:\Users\ADMIN\.stmcufinder\plugins\mcufinder/ => C:\Users\ADMIN\.stmcufinder\plugins\mcufinder
2024-10-22 23:34:23,983 [INFO] DbMcusJson:64 - Set database path to: C:\Users\ADMIN\.stmcufinder\plugins\mcufinder//mcu/
2024-10-22 23:34:23,983 [WARN] DbFile:35 - Overriding database path with different value: C:\Users\ADMIN\.stmcufinder\plugins\mcufinder/ => C:\Users\ADMIN\.stmcufinder\plugins\mcufinder
2024-10-22 23:34:23,983 [INFO] DbBoardsDocs:110 - Set database path to: C:\Users\ADMIN\.stmcufinder\plugins\mcufinder//mcu/
2024-10-22 23:34:23,984 [WARN] DbFile:35 - Overriding database path with different value: C:\Users\ADMIN\.stmcufinder\plugins\mcufinder/ => C:\Users\ADMIN\.stmcufinder\plugins\mcufinder
2024-10-22 23:34:23,984 [INFO] DbBoardsJson:57 - Set database path to: C:\Users\ADMIN\.stmcufinder\plugins\mcufinder//mcu/
2024-10-22 23:34:23,984 [WARN] DbFile:35 - Overriding database path with different value: C:\Users\ADMIN\.stmcufinder\plugins\mcufinder/ => C:\Users\ADMIN\.stmcufinder\plugins\mcufinder
2024-10-22 23:34:23,984 [WARN] DbFile:35 - Overriding database path with different value: C:\Users\ADMIN\.stmcufinder\plugins\mcufinder/ => C:\Users\ADMIN\.stmcufinder\plugins\mcufinder
2024-10-22 23:34:24,830 [INFO] CrossReferenceDbSqlite:196 - Set database path to: C:\Users\ADMIN\.stmcufinder\plugins\mcufinder//mcu/cs/
2024-10-22 23:34:24,830 [WARN] DbFile:35 - Overriding database path with different value: C:\Users\ADMIN\.stmcufinder\plugins\mcufinder/ => C:\Users\ADMIN\.stmcufinder\plugins\mcufinder
2024-10-22 23:34:24,831 [INFO] DbExamplesSqlite:767 - Set database path to: C:\Users\ADMIN\.stmcufinder\plugins\mcufinder//mcu/
2024-10-22 23:34:24,856 [INFO] ApplicationProperties:181 - Using Application install path: C:\ST\STM32CubeIDE_1.7.0\STM32CubeIDE\plugins\com.st.stm32cube.common.mx_6.3.0.202107141111
2024-10-22 23:34:24,857 [INFO] PluginManage:188 - Search for loadable plugins [exclusion list=, ]
2024-10-22 23:34:24,858 [INFO] PluginManage:302 - Check plugin analytics
2024-10-22 23:34:30,437 [INFO] AnalyticsPlugin:257 - Accepted Software Licenses: 
2024-10-22 23:34:30,437 [INFO] AnalyticsPlugin:259 - Accepted CMSIS Pack Licenses: 
2024-10-22 23:34:30,437 [INFO] AnalyticsPlugin:261 - Accepted Firmware Licenses: 
2024-10-22 23:34:30,438 [INFO] PluginManage:352 - Loaded plugin analytics (category:tool,tabindex:-1)
2024-10-22 23:34:30,438 [INFO] PluginManage:302 - Check plugin clock
2024-10-22 23:34:30,463 [INFO] PluginManage:352 - Loaded plugin clock (category:base,tabindex:2)
2024-10-22 23:34:30,464 [INFO] PluginManage:302 - Check plugin ddr
2024-10-22 23:34:30,468 [INFO] PluginManage:352 - Loaded plugin ddr (category:tool,tabindex:6)
2024-10-22 23:34:30,468 [INFO] PluginManage:302 - Check plugin filemanager
2024-10-22 23:34:30,639 [INFO] PluginManage:352 - Loaded plugin filemanager (category:base,tabindex:10)
2024-10-22 23:34:30,640 [INFO] PluginManage:302 - Check plugin ipmanager
2024-10-22 23:34:30,646 [INFO] PluginManage:352 - Loaded plugin ipmanager (category:base,tabindex:5)
2024-10-22 23:34:30,646 [INFO] PluginManage:302 - Check plugin pinoutandconfiguration
2024-10-22 23:34:30,683 [INFO] PluginManage:352 - Loaded plugin pinoutandconfiguration (category:base,tabindex:1)
2024-10-22 23:34:30,683 [INFO] PluginManage:302 - Check plugin pinoutconfig
2024-10-22 23:34:30,759 [INFO] PluginManage:352 - Loaded plugin pinoutconfig (category:base,tabindex:0)
2024-10-22 23:34:30,760 [INFO] PluginManage:302 - Check plugin power
2024-10-22 23:34:30,802 [INFO] PluginManage:352 - Loaded plugin power (category:power,tabindex:4)
2024-10-22 23:34:30,802 [INFO] PluginManage:302 - Check plugin projectmanager
2024-10-22 23:34:30,818 [INFO] PluginManage:352 - Loaded plugin projectmanager (category:projectmanager,tabindex:3)
2024-10-22 23:34:30,818 [INFO] PluginManage:302 - Check plugin thirdparty
2024-10-22 23:34:31,055 [WARN] IntegrityCheckThread:78 - waiting for thirdparty lock release [integrity check]
2024-10-22 23:34:31,056 [INFO] PluginManage:352 - Loaded plugin thirdparty (category:base,tabindex:-1)
2024-10-22 23:34:31,056 [INFO] IntegrityCheckThread:80 - entering critical section [integrity check]
2024-10-22 23:34:31,056 [INFO] PluginManage:302 - Check plugin tools
2024-10-22 23:34:31,057 [INFO] ThirdPartyUpdaterWithRetryManager:66 - Updater plugin not ready yet. [1/15]
2024-10-22 23:34:31,118 [INFO] PluginManage:352 - Loaded plugin tools (category:base,tabindex:7)
2024-10-22 23:34:31,118 [INFO] PluginManage:302 - Check plugin tutovideos
2024-10-22 23:34:31,450 [INFO] PluginManage:352 - Loaded plugin tutovideos (category:base,tabindex:-1)
2024-10-22 23:34:31,451 [INFO] PluginManage:302 - Check plugin updater
2024-10-22 23:34:31,478 [INFO] PluginManage:352 - Loaded plugin updater (category:base,tabindex:12)
2024-10-22 23:34:31,479 [INFO] PluginManage:275 - PluginManage : Loaded plugins [13]
2024-10-22 23:34:31,819 [INFO] PinOutPanel:1463 - setPackage(No Configuration,No Configuration)
2024-10-22 23:34:31,962 [INFO] IPUIPlugin:74 - create IPUIPlugin
2024-10-22 23:34:31,963 [INFO] PluginManager:213 - loadIPPluginJar : add adc
2024-10-22 23:34:32,021 [INFO] IPUIPlugin:74 - create IPUIPlugin
2024-10-22 23:34:32,021 [INFO] PluginManager:213 - loadIPPluginJar : add aes
2024-10-22 23:34:32,074 [INFO] IPUIPlugin:74 - create IPUIPlugin
2024-10-22 23:34:32,074 [INFO] PluginManager:213 - loadIPPluginJar : add can
2024-10-22 23:34:32,104 [INFO] IPUIPlugin:74 - create IPUIPlugin
2024-10-22 23:34:32,104 [INFO] PluginManager:213 - loadIPPluginJar : add comp
2024-10-22 23:34:32,135 [INFO] IPUIPlugin:74 - create IPUIPlugin
2024-10-22 23:34:32,136 [INFO] PluginManager:213 - loadIPPluginJar : add cryp
2024-10-22 23:34:32,164 [INFO] IPUIPlugin:74 - create IPUIPlugin
2024-10-22 23:34:32,164 [INFO] PluginManager:213 - loadIPPluginJar : add dfsdm
2024-10-22 23:34:32,181 [INFO] IPUIPlugin:74 - create IPUIPlugin
2024-10-22 23:34:32,182 [INFO] PluginManager:213 - loadIPPluginJar : add dma
2024-10-22 23:34:32,242 [INFO] IPUIPlugin:74 - create IPUIPlugin
2024-10-22 23:34:32,243 [INFO] PluginManager:213 - loadIPPluginJar : add dma3
2024-10-22 23:34:32,265 [INFO] IPUIPlugin:74 - create IPUIPlugin
2024-10-22 23:34:32,265 [INFO] PluginManager:213 - loadIPPluginJar : add fatfs
2024-10-22 23:34:32,322 [INFO] IPUIPlugin:74 - create IPUIPlugin
2024-10-22 23:34:32,323 [INFO] PluginManager:213 - loadIPPluginJar : add fmc
2024-10-22 23:34:32,340 [INFO] IPUIPlugin:74 - create IPUIPlugin
2024-10-22 23:34:32,340 [INFO] PluginManager:213 - loadIPPluginJar : add freertos
2024-10-22 23:34:32,363 [INFO] IPUIPlugin:74 - create IPUIPlugin
2024-10-22 23:34:32,363 [INFO] PluginManager:213 - loadIPPluginJar : add genericplugin
2024-10-22 23:34:32,434 [INFO] IPUIPlugin:74 - create IPUIPlugin
2024-10-22 23:34:32,435 [INFO] PluginManager:213 - loadIPPluginJar : add gfxmmu
2024-10-22 23:34:32,559 [INFO] IPUIPlugin:74 - create IPUIPlugin
2024-10-22 23:34:32,560 [INFO] PluginManager:213 - loadIPPluginJar : add gic
2024-10-22 23:34:32,577 [INFO] IPUIPlugin:74 - create IPUIPlugin
2024-10-22 23:34:32,577 [INFO] PluginManager:213 - loadIPPluginJar : add gpio
2024-10-22 23:34:32,639 [INFO] IPUIPlugin:74 - create IPUIPlugin
2024-10-22 23:34:32,640 [INFO] PluginManager:213 - loadIPPluginJar : add gtzc
2024-10-22 23:34:32,674 [INFO] IPUIPlugin:74 - create IPUIPlugin
2024-10-22 23:34:32,675 [INFO] PluginManager:213 - loadIPPluginJar : add hash
2024-10-22 23:34:32,747 [INFO] IPUIPlugin:74 - create IPUIPlugin
2024-10-22 23:34:32,747 [INFO] PluginManager:213 - loadIPPluginJar : add i2c
2024-10-22 23:34:32,787 [INFO] IPUIPlugin:74 - create IPUIPlugin
2024-10-22 23:34:32,788 [INFO] PluginManager:213 - loadIPPluginJar : add i2s
2024-10-22 23:34:32,801 [INFO] IPUIPlugin:74 - create IPUIPlugin
2024-10-22 23:34:32,802 [INFO] PluginManager:213 - loadIPPluginJar : add ipddr
2024-10-22 23:34:32,881 [INFO] IPUIPlugin:74 - create IPUIPlugin
2024-10-22 23:34:32,882 [INFO] PluginManager:213 - loadIPPluginJar : add linkedlist
2024-10-22 23:34:32,920 [INFO] IPUIPlugin:74 - create IPUIPlugin
2024-10-22 23:34:32,920 [INFO] PluginManager:213 - loadIPPluginJar : add lorawan
2024-10-22 23:34:32,987 [INFO] IPUIPlugin:74 - create IPUIPlugin
2024-10-22 23:34:32,987 [INFO] PluginManager:213 - loadIPPluginJar : add ltdc
2024-10-22 23:34:32,999 [INFO] IPUIPlugin:74 - create IPUIPlugin
2024-10-22 23:34:33,000 [INFO] PluginManager:213 - loadIPPluginJar : add mdma
2024-10-22 23:34:33,011 [INFO] IPUIPlugin:74 - create IPUIPlugin
2024-10-22 23:34:33,011 [INFO] PluginManager:213 - loadIPPluginJar : add nvic
2024-10-22 23:34:33,062 [INFO] IPUIPlugin:74 - create IPUIPlugin
2024-10-22 23:34:33,062 [INFO] PluginManager:213 - loadIPPluginJar : add opamp
2024-10-22 23:34:33,120 [INFO] IPUIPlugin:74 - create IPUIPlugin
2024-10-22 23:34:33,120 [INFO] PluginManager:213 - loadIPPluginJar : add openamp
2024-10-22 23:34:33,173 [INFO] IPUIPlugin:74 - create IPUIPlugin
2024-10-22 23:34:33,173 [INFO] PluginManager:213 - loadIPPluginJar : add pdm2pcm
2024-10-22 23:34:33,186 [INFO] IPUIPlugin:74 - create IPUIPlugin
2024-10-22 23:34:33,188 [INFO] PluginManager:213 - loadIPPluginJar : add plateformsettings
2024-10-22 23:34:33,214 [INFO] IPUIPlugin:74 - create IPUIPlugin
2024-10-22 23:34:33,214 [INFO] PluginManager:213 - loadIPPluginJar : add quadspi
2024-10-22 23:34:33,225 [INFO] IPUIPlugin:74 - create IPUIPlugin
2024-10-22 23:34:33,225 [INFO] PluginManager:213 - loadIPPluginJar : add resmgrutility
2024-10-22 23:34:33,271 [INFO] IPUIPlugin:74 - create IPUIPlugin
2024-10-22 23:34:33,272 [INFO] PluginManager:213 - loadIPPluginJar : add sai
2024-10-22 23:34:33,314 [INFO] IPUIPlugin:74 - create IPUIPlugin
2024-10-22 23:34:33,315 [INFO] PluginManager:213 - loadIPPluginJar : add spi
2024-10-22 23:34:33,373 [INFO] IPUIPlugin:74 - create IPUIPlugin
2024-10-22 23:34:33,374 [INFO] PluginManager:213 - loadIPPluginJar : add stm32_wpan
2024-10-22 23:34:33,405 [INFO] IPUIPlugin:74 - create IPUIPlugin
2024-10-22 23:34:33,405 [INFO] PluginManager:213 - loadIPPluginJar : add tim
2024-10-22 23:34:33,458 [INFO] IPUIPlugin:74 - create IPUIPlugin
2024-10-22 23:34:33,458 [INFO] PluginManager:213 - loadIPPluginJar : add touchsensing
2024-10-22 23:34:33,489 [INFO] IPUIPlugin:74 - create IPUIPlugin
2024-10-22 23:34:33,489 [INFO] PluginManager:213 - loadIPPluginJar : add tracer_emb
2024-10-22 23:34:33,518 [INFO] IPUIPlugin:74 - create IPUIPlugin
2024-10-22 23:34:33,518 [INFO] PluginManager:213 - loadIPPluginJar : add ts
2024-10-22 23:34:33,544 [INFO] IPUIPlugin:74 - create IPUIPlugin
2024-10-22 23:34:33,545 [INFO] PluginManager:213 - loadIPPluginJar : add tsc
2024-10-22 23:34:33,577 [INFO] IPUIPlugin:74 - create IPUIPlugin
2024-10-22 23:34:33,577 [INFO] PluginManager:213 - loadIPPluginJar : add ucpd
2024-10-22 23:34:33,631 [INFO] IPUIPlugin:74 - create IPUIPlugin
2024-10-22 23:34:33,632 [INFO] PluginManager:213 - loadIPPluginJar : add usart
2024-10-22 23:34:33,668 [INFO] IPUIPlugin:74 - create IPUIPlugin
2024-10-22 23:34:33,669 [INFO] PluginManager:213 - loadIPPluginJar : add usbx
2024-10-22 23:34:34,072 [INFO] ThirdPartyUpdaterWithRetryManager:66 - Updater plugin not ready yet. [2/15]
2024-10-22 23:34:34,086 [FATAL] Updater:294 - Updater called before beeing initialized
2024-10-22 23:34:34,181 [FATAL] Updater:294 - Updater called before beeing initialized
2024-10-22 23:34:34,190 [INFO] DbMcusAds:47 - JSON generation date=Fri Sep 20 20:04:38 ICT 2024 (1726837478367)
2024-10-22 23:34:34,190 [FATAL] Updater:294 - Updater called before beeing initialized
2024-10-22 23:34:34,229 [WARN] DetailPanel:314 - Failed to get advertising image, set to default
2024-10-22 23:34:34,315 [FATAL] Updater:294 - Updater called before beeing initialized
2024-10-22 23:34:34,319 [FATAL] Updater:294 - Updater called before beeing initialized
2024-10-22 23:34:34,319 [FATAL] Updater:294 - Updater called before beeing initialized
2024-10-22 23:34:34,319 [WARN] DetailPanel:314 - Failed to get advertising image, set to default
2024-10-22 23:34:34,321 [FATAL] Updater:294 - Updater called before beeing initialized
2024-10-22 23:34:34,386 [ERROR] Updater:1075 - MainUpdater not yet initialized. External WinMGr cannot be set.
2024-10-22 23:34:34,395 [INFO] Updater:1012 - Updater Version found : 6.3.0
2024-10-22 23:34:34,417 [INFO] ApplicationProperties:181 - Using Application install path: C:\ST\STM32CubeIDE_1.7.0\STM32CubeIDE\plugins\com.st.stm32cube.common.mx_6.3.0.202107141111
2024-10-22 23:34:34,680 [INFO] MainUpdater:2671 - connection check result : 10
2024-10-22 23:34:34,681 [INFO] MainUpdater:265 - Updater Check For Update Now.
2024-10-22 23:34:34,681 [INFO] MicroXplorer:478 - Change Database Version : DB.6.0.30
2024-10-22 23:34:34,894 [INFO] CheckServerUpdateThread:112 - End of CheckServer Thread
2024-10-22 23:34:34,925 [INFO] MainUpdater:2671 - connection check result : 10
2024-10-22 23:34:34,934 [INFO] MainUpdater:2671 - connection check result : 10
2024-10-22 23:34:35,171 [INFO] MicroXplorer:448 - Change Database Path : 
2024-10-22 23:34:35,172 [INFO] MicroXplorer:478 - Change Database Version : DB.6.0.30
2024-10-22 23:34:35,173 [WARN] ThirdParty:813 - waiting for thirdparty lock release [close project]
2024-10-22 23:34:37,200 [ERROR] Engine:463 - C:\Users\ADMIN\.stm32cubemx\thirdparties\pdsc\STMicroelectronics.FP-SNS-MOTENVWB1.1.4.0.pdsc: PDSC version is not supported
2024-10-22 23:34:37,208 [ERROR] Engine:463 - C:\Users\ADMIN\.stm32cubemx\thirdparties\pdsc\STMicroelectronics.X-CUBE-SMBUS.2.1.0.pdsc: PDSC version is not supported
2024-10-22 23:34:37,238 [WARN] PackLoader:238 - Cannot read IP mode file for STMicroelectronics.X-CUBE-WB05N.1.1.0
2024-10-22 23:34:37,276 [WARN] PackLoader:238 - Cannot read IP mode file for STMicroelectronics.X-CUBE-AZRTOS-F7.1.1.0
2024-10-22 23:34:37,288 [ERROR] Engine:463 - C:\Users\ADMIN\.stm32cubemx\thirdparties\pdsc\STMicroelectronics.FP-SNS-FLIGHT1.5.0.2.pdsc: PDSC version is not supported
2024-10-22 23:34:37,298 [ERROR] Engine:463 - C:\Users\ADMIN\.stm32cubemx\thirdparties\pdsc\STMicroelectronics.X-CUBE-DISPLAY.3.0.0.pdsc: PDSC version is not supported
2024-10-22 23:34:37,309 [WARN] PackLoader:238 - Cannot read IP mode file for STMicroelectronics.X-CUBE-BLE1.7.0.0
2024-10-22 23:34:37,321 [WARN] PackLoader:238 - Cannot read IP mode file for STMicroelectronics.X-CUBE-NFC10.1.0.0
2024-10-22 23:34:37,333 [ERROR] Engine:463 - C:\Users\ADMIN\.stm32cubemx\thirdparties\pdsc\emotas.I-CUBE-CANOPEN.1.3.0.pdsc: PDSC version is not supported
2024-10-22 23:34:37,341 [ERROR] Engine:463 - C:\Users\ADMIN\.stm32cubemx\thirdparties\pdsc\STMicroelectronics.X-CUBE-BLEMGR.3.1.0.pdsc: PDSC version is not supported
2024-10-22 23:34:37,349 [ERROR] Engine:463 - C:\Users\ADMIN\.stm32cubemx\thirdparties\pdsc\STMicroelectronics.FP-SNS-SMARTAG2.1.2.0.pdsc: PDSC version is not supported
2024-10-22 23:34:37,365 [INFO] LogOutputStream:76 - [STDOUT_REDIRECT] 1 : Invalid condition id : UX_CORESTACK_Condition cause : null
2024-10-22 23:34:37,367 [INFO] LogOutputStream:76 - [STDOUT_REDIRECT] 1 : Invalid condition id : UX_CORESTACK_Condition cause : null
2024-10-22 23:34:37,368 [INFO] LogOutputStream:76 - [STDOUT_REDIRECT] 1 : Invalid condition id : UX_CORESTACK_Condition cause : null
2024-10-22 23:34:37,368 [INFO] LogOutputStream:76 - [STDOUT_REDIRECT] 1 : Invalid condition id : UX_CORESTACK_Condition cause : null
2024-10-22 23:34:37,369 [INFO] LogOutputStream:76 - [STDOUT_REDIRECT] 1 : Invalid condition id : UX_CORESTACK_Condition cause : null
2024-10-22 23:34:37,372 [WARN] PackLoader:238 - Cannot read IP mode file for STMicroelectronics.X-CUBE-AZRTOS-WL.2.0.0
2024-10-22 23:34:37,382 [ERROR] Engine:463 - C:\Users\ADMIN\.stm32cubemx\thirdparties\pdsc\STMicroelectronics.FP-SNS-MOTENV1.5.0.0.pdsc: PDSC version is not supported
2024-10-22 23:34:37,391 [WARN] PackLoader:238 - Cannot read IP mode file for wolfSSL.I-CUBE-wolfMQTT.1.19.0
2024-10-22 23:34:37,402 [WARN] PackLoader:238 - Cannot read IP mode file for WES.I-CUBE-Cesium.1.3.0
2024-10-22 23:34:37,413 [WARN] PackLoader:238 - Cannot read IP mode file for STMicroelectronics.X-CUBE-BLE2.3.3.0
2024-10-22 23:34:37,424 [WARN] PackLoader:238 - Cannot read IP mode file for STMicroelectronics.X-CUBE-NFC9.1.0.0
2024-10-22 23:34:37,441 [ERROR] Engine:463 - C:\Users\ADMIN\.stm32cubemx\thirdparties\pdsc\STMicroelectronics.X-CUBE-TCPP.4.1.0.pdsc: PDSC version is not supported
2024-10-22 23:34:37,477 [WARN] PackLoader:238 - Cannot read IP mode file for STMicroelectronics.X-CUBE-AZRTOS-G0.1.1.0
2024-10-22 23:34:37,492 [WARN] PackLoader:238 - Cannot read IP mode file for STMicroelectronics.X-CUBE-SAFEA1.1.2.2
2024-10-22 23:34:37,503 [WARN] PackLoader:238 - Cannot read IP mode file for STMicroelectronics.X-CUBE-NFC4.3.0.0
2024-10-22 23:34:37,512 [ERROR] Engine:463 - C:\Users\ADMIN\.stm32cubemx\thirdparties\pdsc\EmbeddedOffice.I-CUBE-FS-RTOS.1.0.1.pdsc: PDSC version is not supported
2024-10-22 23:34:37,520 [ERROR] Engine:463 - C:\Users\ADMIN\.stm32cubemx\thirdparties\pdsc\RealThread.X-CUBE-RT-Thread_Nano.4.1.1.pdsc: PDSC version is not supported
2024-10-22 23:34:37,527 [WARN] PackLoader:238 - Cannot read IP mode file for STMicroelectronics.FP-ATR-SIGFOX1.3.2.0
2024-10-22 23:34:37,539 [WARN] PackLoader:238 - Cannot read IP mode file for STMicroelectronics.X-CUBE-EEPRMA1.5.1.0
2024-10-22 23:34:37,549 [ERROR] Engine:463 - C:\Users\ADMIN\.stm32cubemx\thirdparties\pdsc\ITTIA_DB.I-CUBE-ITTIADB.8.9.0.pdsc: PDSC version is not supported
2024-10-22 23:34:37,584 [WARN] PackLoader:238 - Cannot read IP mode file for SEGGER.I-CUBE-embOS.1.3.1
2024-10-22 23:34:37,628 [WARN] PackLoader:238 - Cannot read IP mode file for STMicroelectronics.X-CUBE-ALGOBUILD.1.4.0
2024-10-22 23:34:37,638 [WARN] PackLoader:238 - Cannot read IP mode file for STMicroelectronics.X-CUBE-AI.9.1.0
2024-10-22 23:34:37,661 [WARN] PackLoader:238 - Cannot read IP mode file for STMicroelectronics.X-CUBE-AZRTOS-F4.1.1.0
2024-10-22 23:34:37,670 [ERROR] Engine:463 - C:\Users\ADMIN\.stm32cubemx\thirdparties\pdsc\STMicroelectronics.X-CUBE-FREERTOS.1.2.0.pdsc: PDSC version is not supported
2024-10-22 23:34:37,693 [WARN] PackLoader:238 - Cannot read IP mode file for STMicroelectronics.X-CUBE-AZRTOS-L5.2.0.0
2024-10-22 23:34:37,706 [WARN] PackLoader:238 - Cannot read IP mode file for STMicroelectronics.X-CUBE-NFC6.3.1.0
2024-10-22 23:34:37,715 [WARN] PackLoader:238 - Cannot read IP mode file for STMicroelectronics.X-CUBE-AI.9.0.0
2024-10-22 23:34:37,727 [WARN] PackLoader:238 - Cannot read IP mode file for STMicroelectronics.X-CUBE-NFC7.1.0.1
2024-10-22 23:34:37,749 [WARN] ConditionMgr:437 - getConditionDescription Invalid condition id : LAN8742 Phy interface Condition cause : null
2024-10-22 23:34:37,749 [WARN] PackLoader:238 - Cannot read IP mode file for STMicroelectronics.X-CUBE-AZRTOS-L4.2.0.0
2024-10-22 23:34:37,750 [WARN] ConditionMgr:1038 - genDependencies : Invalid condition id : LAN8742 Phy interface Condition cause : null
2024-10-22 23:34:37,750 [WARN] ConditionMgr:1038 - genDependencies : Invalid condition id : LAN8742 Phy interface Condition cause : null
2024-10-22 23:34:37,750 [WARN] ConditionMgr:1038 - genDependencies : Invalid condition id : LAN8742 Phy interface Condition cause : null
2024-10-22 23:34:37,760 [WARN] PackLoader:238 - Cannot read IP mode file for STMicroelectronics.X-CUBE-SFXS2LP1.4.0.0
2024-10-22 23:34:37,770 [ERROR] Engine:463 - C:\Users\ADMIN\.stm32cubemx\thirdparties\pdsc\STMicroelectronics.X-CUBE-IPS.3.0.0.pdsc: PDSC version is not supported
2024-10-22 23:34:37,790 [WARN] ConditionMgr:437 - getConditionDescription Invalid condition id : UX DEVICE CLASS RTOS Condition cause : null
2024-10-22 23:34:37,790 [WARN] ConditionMgr:437 - getConditionDescription Invalid condition id : UX DEVICE CLASS RTOS Condition cause : null
2024-10-22 23:34:37,792 [WARN] PackLoader:238 - Cannot read IP mode file for STMicroelectronics.X-CUBE-AZRTOS-WB.2.0.0
2024-10-22 23:34:37,792 [WARN] ConditionMgr:1038 - genDependencies : Invalid condition id : UX DEVICE CLASS RTOS Condition cause : null
2024-10-22 23:34:37,792 [WARN] ConditionMgr:1038 - genDependencies : Invalid condition id : UX DEVICE CLASS RTOS Condition cause : null
2024-10-22 23:34:37,793 [WARN] ConditionMgr:1038 - genDependencies : Invalid condition id : UX DEVICE CLASS RTOS Condition cause : null
2024-10-22 23:34:37,793 [WARN] ConditionMgr:1038 - genDependencies : Invalid condition id : UX DEVICE CLASS RTOS Condition cause : null
2024-10-22 23:34:37,793 [WARN] ConditionMgr:1038 - genDependencies : Invalid condition id : UX DEVICE CLASS RTOS Condition cause : null
2024-10-22 23:34:37,806 [WARN] PackLoader:238 - Cannot read IP mode file for STMicroelectronics.X-CUBE-SUBG2.5.0.0
2024-10-22 23:34:37,817 [ERROR] Engine:463 - C:\Users\ADMIN\.stm32cubemx\thirdparties\pdsc\Cesanta.I-CUBE-Mongoose.7.13.0.pdsc: PDSC version is not supported
2024-10-22 23:34:37,834 [WARN] PackLoader:238 - Cannot read IP mode file for STMicroelectronics.X-CUBE-AZRTOS-G4.2.0.0
2024-10-22 23:34:37,841 [ERROR] Engine:463 - C:\Users\ADMIN\.stm32cubemx\thirdparties\pdsc\STMicroelectronics.X-CUBE-ALS.1.0.2.pdsc: PDSC version is not supported
2024-10-22 23:34:37,850 [WARN] PackLoader:238 - Cannot read IP mode file for portGmbH.I-Cube-SoM-uGOAL.1.1.0
2024-10-22 23:34:37,874 [WARN] PackLoader:238 - Cannot read IP mode file for STMicroelectronics.X-CUBE-AZRTOS-H7RS.1.0.0
2024-10-22 23:34:37,885 [WARN] PackLoader:238 - Cannot read IP mode file for STMicroelectronics.FP-ATR-ASTRA1.2.0.0
2024-10-22 23:34:37,902 [ERROR] Engine:463 - C:\Users\ADMIN\.stm32cubemx\thirdparties\pdsc\Infineon.AIROC-Wi-Fi-Bluetooth-STM32.1.6.1.pdsc: PDSC version is not supported
2024-10-22 23:34:37,902 [INFO] ThirdParty:915 - Integrity check success = true
2024-10-22 23:34:37,903 [INFO] IntegrityCheckThread:94 - exiting critical section [integrity check]
2024-10-22 23:34:37,903 [INFO] IntegrityCheckThread:97 - End integrity checks thread
2024-10-22 23:34:37,903 [INFO] ThirdParty:815 - entering critical section [close project]
2024-10-22 23:34:37,904 [INFO] ThirdParty:825 - exiting critical section [close project]
2024-10-22 23:34:37,907 [INFO] PinOutPanel:1463 - setPackage(No Configuration,No Configuration)
2024-10-22 23:34:37,908 [INFO] UtilMem:74 - Begin LoadConfig() Used Memory: 784989752 Bytes (875560960)
2024-10-22 23:34:37,909 [INFO] MicroXplorer:448 - Change Database Path : 
2024-10-22 23:34:37,909 [INFO] MicroXplorer:478 - Change Database Version : DB.6.0.30
2024-10-22 23:34:37,909 [INFO] OpenFileManager:313 - Change cursor
2024-10-22 23:34:38,537 [INFO] Context:592 - Trying to add GPIOservice into a context  which must be forbidden
2024-10-22 23:34:38,732 [WARN] ApiManager:304 - Cannot register API 'Board Extension:NFC09A1' from pack STMicroelectronics.X-CUBE-NFC9.1.0.0: no header file found
2024-10-22 23:34:38,736 [WARN] ApiManager:304 - Cannot register API 'Wireless:BlueNRG-MS' from pack STMicroelectronics.X-CUBE-BLE1.7.0.0: no header file found
2024-10-22 23:34:38,736 [WARN] ApiManager:304 - Cannot register API 'Board Extension:NFC10A1' from pack STMicroelectronics.X-CUBE-NFC10.1.0.0: no header file found
2024-10-22 23:34:38,737 [WARN] ApiManager:304 - Cannot register API 'Wireless:STM32WB05N' from pack STMicroelectronics.X-CUBE-WB05N.1.1.0: no header file found
2024-10-22 23:34:38,738 [WARN] ApiManager:304 - Cannot register API 'Board Extension:EEPRMA2' from pack STMicroelectronics.X-CUBE-EEPRMA1.5.1.0: no header file found
2024-10-22 23:34:38,738 [WARN] ApiManager:304 - Cannot register API 'Board Extension:PGEEZ1' from pack STMicroelectronics.X-CUBE-EEPRMA1.5.1.0: no header file found
2024-10-22 23:34:38,738 [WARN] ApiManager:304 - Cannot register API 'Board Extension:EEICA1' from pack STMicroelectronics.X-CUBE-EEPRMA1.5.1.0: no header file found
2024-10-22 23:34:38,738 [WARN] ApiManager:304 - Cannot register API 'Board Part:M24' from pack STMicroelectronics.X-CUBE-EEPRMA1.5.1.0: no header file found
2024-10-22 23:34:38,738 [WARN] ApiManager:304 - Cannot register API 'Board Part:M95' from pack STMicroelectronics.X-CUBE-EEPRMA1.5.1.0: no header file found
2024-10-22 23:34:38,738 [WARN] ApiManager:304 - Cannot register API 'Board Part:M95P32' from pack STMicroelectronics.X-CUBE-EEPRMA1.5.1.0: no header file found
2024-10-22 23:34:38,738 [WARN] ApiManager:304 - Cannot register API 'Board Part:M24256E-F' from pack STMicroelectronics.X-CUBE-EEPRMA1.5.1.0: no header file found
2024-10-22 23:34:38,738 [WARN] ApiManager:304 - Cannot register API 'Board Part:M24M01E-F' from pack STMicroelectronics.X-CUBE-EEPRMA1.5.1.0: no header file found
2024-10-22 23:34:38,738 [WARN] ApiManager:304 - Cannot register API 'PGEEZ1:SPI' from pack STMicroelectronics.X-CUBE-EEPRMA1.5.1.0: no header file found
2024-10-22 23:34:38,738 [WARN] ApiManager:304 - Cannot register API 'PGEEZ1:QDSPI' from pack STMicroelectronics.X-CUBE-EEPRMA1.5.1.0: no header file found
2024-10-22 23:34:38,740 [WARN] ModelIntegratedComponent:60 - No mode defined for component null
2024-10-22 23:34:38,741 [WARN] ModelIntegratedComponent:60 - No mode defined for component null
2024-10-22 23:34:38,741 [WARN] ModelIntegratedComponent:60 - No mode defined for component null
2024-10-22 23:34:38,741 [WARN] ModelIntegratedComponent:60 - No mode defined for component null
2024-10-22 23:34:38,741 [WARN] ModelIntegratedComponent:60 - No mode defined for component null
2024-10-22 23:34:38,741 [WARN] ModelIntegratedComponent:60 - No mode defined for component null
2024-10-22 23:34:38,741 [WARN] ModelIntegratedComponent:60 - No mode defined for component null
2024-10-22 23:34:38,741 [WARN] ModelIntegratedComponent:60 - No mode defined for component null
2024-10-22 23:34:38,741 [WARN] ModelIntegratedComponent:60 - No mode defined for component null
2024-10-22 23:34:38,741 [WARN] ModelIntegratedComponent:60 - No mode defined for component null
2024-10-22 23:34:38,741 [WARN] ModelIntegratedComponent:60 - No mode defined for component null
2024-10-22 23:34:38,741 [WARN] ModelIntegratedComponent:60 - No mode defined for component null
2024-10-22 23:34:38,741 [WARN] ModelIntegratedComponent:60 - No mode defined for component null
2024-10-22 23:34:38,741 [WARN] ModelIntegratedComponent:60 - No mode defined for component null
2024-10-22 23:34:38,741 [WARN] ModelIntegratedComponent:60 - No mode defined for component null
2024-10-22 23:34:38,741 [WARN] ModelIntegratedComponent:60 - No mode defined for component null
2024-10-22 23:34:38,741 [WARN] ModelIntegratedComponent:60 - No mode defined for component null
2024-10-22 23:34:38,741 [WARN] ModelIntegratedComponent:60 - No mode defined for component null
2024-10-22 23:34:38,741 [WARN] ModelIntegratedComponent:60 - No mode defined for component null
2024-10-22 23:34:38,741 [WARN] ModelIntegratedComponent:60 - No mode defined for component null
2024-10-22 23:34:38,741 [WARN] ModelIntegratedComponent:60 - No mode defined for component null
2024-10-22 23:34:38,741 [WARN] ModelIntegratedComponent:60 - No mode defined for component null
2024-10-22 23:34:38,741 [WARN] ModelIntegratedComponent:60 - No mode defined for component null
2024-10-22 23:34:38,742 [WARN] ModelIntegratedComponent:60 - No mode defined for component null
2024-10-22 23:34:38,742 [WARN] ModelIntegratedComponent:60 - No mode defined for component null
2024-10-22 23:34:38,742 [WARN] ModelIntegratedComponent:60 - No mode defined for component null
2024-10-22 23:34:38,742 [WARN] ModelIntegratedComponent:60 - No mode defined for component null
2024-10-22 23:34:38,742 [WARN] ModelIntegratedComponent:60 - No mode defined for component null
2024-10-22 23:34:38,742 [WARN] ModelIntegratedComponent:60 - No mode defined for component null
2024-10-22 23:34:38,742 [WARN] ModelIntegratedComponent:60 - No mode defined for component null
2024-10-22 23:34:38,742 [WARN] ModelIntegratedComponent:60 - No mode defined for component null
2024-10-22 23:34:38,744 [WARN] ApiManager:304 - Cannot register API 'Board Extension:NFC07A1' from pack STMicroelectronics.X-CUBE-NFC7.1.0.1: no header file found
2024-10-22 23:34:38,748 [WARN] ApiManager:304 - Cannot register API 'Board Extension:NFC06A1' from pack STMicroelectronics.X-CUBE-NFC6.3.1.0: no header file found
2024-10-22 23:34:38,749 [WARN] ApiManager:304 - Cannot register API 'Board Extension:NFC08A1' from pack STMicroelectronics.X-CUBE-NFC6.3.1.0: no header file found
2024-10-22 23:34:38,753 [INFO] RtosManager:484 - Registered RTOS mode: class=CMSIS, group=RTOS, mode=CMSIS_V1, owner=FREERTOS
2024-10-22 23:34:38,753 [INFO] RtosManager:484 - Registered RTOS mode: class=CMSIS, group=RTOS2, mode=CMSIS_V2, owner=FREERTOS
2024-10-22 23:34:38,753 [INFO] RtosManager:484 - Registered RTOS mode: class=RTOS, group=Core, mode=CMSIS_V1, owner=FREERTOS
2024-10-22 23:34:38,753 [INFO] RtosManager:484 - Registered RTOS mode: class=RTOS, group=Core, mode=CMSIS_V2, owner=FREERTOS
2024-10-22 23:34:38,753 [WARN] ModelIntegratedComponent:181 - Missing modes for component STMicroelectronics:FreeRTOS:0.0.1:STMicroelectronics:RTOS:FreeRTOS:Core:::10.2.0:
2024-10-22 23:34:38,754 [WARN] ApiManager:304 - Cannot register API 'Board Extension:STSAFEA1' from pack STMicroelectronics.X-CUBE-SAFEA1.1.2.2: no header file found
2024-10-22 23:34:38,754 [WARN] ApiManager:304 - Cannot register API 'Board Part:STSAFEA110' from pack STMicroelectronics.X-CUBE-SAFEA1.1.2.2: no header file found
2024-10-22 23:34:38,754 [WARN] ApiManager:304 - Cannot register API 'Security:ST_Cryptolib' from pack STMicroelectronics.X-CUBE-SAFEA1.1.2.2: no header file found
2024-10-22 23:34:38,754 [WARN] ApiManager:304 - Cannot register API 'Security:MbedTLS' from pack STMicroelectronics.X-CUBE-SAFEA1.1.2.2: no header file found
2024-10-22 23:34:38,755 [WARN] ApiManager:304 - Cannot register API 'Board Extension:NFC04A1' from pack STMicroelectronics.X-CUBE-NFC4.3.0.0: no header file found
2024-10-22 23:34:38,757 [WARN] ApiManager:304 - Cannot register API 'Board Extension:S2868A1' from pack STMicroelectronics.X-CUBE-SUBG2.5.0.0: no header file found
2024-10-22 23:34:38,757 [WARN] ApiManager:304 - Cannot register API 'Board Extension:S2868A2' from pack STMicroelectronics.X-CUBE-SUBG2.5.0.0: no header file found
2024-10-22 23:34:38,757 [WARN] ApiManager:304 - Cannot register API 'Board Extension:S2915A1' from pack STMicroelectronics.X-CUBE-SUBG2.5.0.0: no header file found
2024-10-22 23:34:38,760 [WARN] ApiManager:304 - Cannot register API 'Board Extension:S2868A1' from pack STMicroelectronics.X-CUBE-SFXS2LP1.4.0.0: no header file found
2024-10-22 23:34:38,760 [WARN] ApiManager:304 - Cannot register API 'Board Extension:S2868A2' from pack STMicroelectronics.X-CUBE-SFXS2LP1.4.0.0: no header file found
2024-10-22 23:34:38,760 [WARN] ApiManager:304 - Cannot register API 'Board Extension:S2915A1' from pack STMicroelectronics.X-CUBE-SFXS2LP1.4.0.0: no header file found
2024-10-22 23:34:38,761 [WARN] ApiManager:304 - Cannot register API 'Wireless:BlueNRG-2' from pack STMicroelectronics.X-CUBE-BLE2.3.3.0: no header file found
2024-10-22 23:34:39,160 [INFO] UtilMem:74 - End LoadConfig() Used Memory: 819284208 Bytes (875560960)
2024-10-22 23:34:39,163 [INFO] DbMcusXml:100 - Load MCU database from C:\ST\STM32CubeIDE_1.7.0\STM32CubeIDE\plugins\com.st.stm32cube.common.mx_6.3.0.202107141111\\db\/mcu/families.xml
2024-10-22 23:34:39,734 [INFO] DbMcusJson:93 - JSON generation date=Tue Nov 16 23:17:54 ICT 2021 (1637079474)
2024-10-22 23:34:40,155 [INFO] DbMcus:175 - Found 1951 MCUs (1903 are supported by CubeMX, 1914 are visible in CubeMX)
2024-10-22 23:34:40,156 [INFO] ApiDb:251 - Load user favorites file C:\Users\ADMIN/.stm32cubeide/favorites.mcus.txt: 0 item(s)
2024-10-22 23:34:40,157 [INFO] ApiDb:255 - User favorites MCUs=[]
2024-10-22 23:34:40,157 [INFO] DbMcus:187 - Set 0 / 0 favorites MCUs
2024-10-22 23:34:40,165 [WARN] ThirdParty:779 - waiting for thirdparty lock release [change project]
2024-10-22 23:34:40,165 [INFO] ThirdParty:781 - entering critical section [change project]
2024-10-22 23:34:40,165 [INFO] ThirdParty:967 - CMSIS Pack Vendor :STMicroelectronics X-CUBE-NFC9 1.0.0
2024-10-22 23:34:40,165 [INFO] ThirdParty:967 - CMSIS Pack Vendor :STMicroelectronics USB_HOST 2.0.0
2024-10-22 23:34:40,165 [INFO] ThirdParty:967 - CMSIS Pack Vendor :STMicroelectronics X-CUBE-AZRTOS-F4 1.1.0
2024-10-22 23:34:40,165 [INFO] ThirdParty:967 - CMSIS Pack Vendor :STMicroelectronics X-CUBE-BLE1 7.0.0
2024-10-22 23:34:40,166 [INFO] ThirdParty:967 - CMSIS Pack Vendor :STMicroelectronics FP-ATR-SIGFOX1 3.2.0
2024-10-22 23:34:40,166 [INFO] ThirdParty:967 - CMSIS Pack Vendor :STMicroelectronics X-CUBE-NFC10 1.0.0
2024-10-22 23:34:40,166 [INFO] ThirdParty:967 - CMSIS Pack Vendor :STMicroelectronics X-CUBE-WB05N 1.1.0
2024-10-22 23:34:40,166 [INFO] ThirdParty:967 - CMSIS Pack Vendor :STMicroelectronics USB_DEVICE 3.0.0
2024-10-22 23:34:40,166 [INFO] ThirdParty:967 - CMSIS Pack Vendor :STMicroelectronics X-CUBE-EEPRMA1 5.1.0
2024-10-22 23:34:40,166 [INFO] ThirdParty:967 - CMSIS Pack Vendor :STMicroelectronics HAL Drivers 0.0.0
2024-10-22 23:34:40,166 [INFO] ThirdParty:967 - CMSIS Pack Vendor :STMicroelectronics MBEDTLS 2.16.2
2024-10-22 23:34:40,167 [INFO] ThirdParty:967 - CMSIS Pack Vendor :STMicroelectronics X-CUBE-AZRTOS-WB 2.0.0
2024-10-22 23:34:40,167 [INFO] ThirdParty:967 - CMSIS Pack Vendor :STMicroelectronics X-CUBE-NFC7 1.0.1
2024-10-22 23:34:40,167 [INFO] ThirdParty:967 - CMSIS Pack Vendor :STMicroelectronics MBEDTLS 2.14.1
2024-10-22 23:34:40,167 [INFO] ThirdParty:967 - CMSIS Pack Vendor :STMicroelectronics X-CUBE-AZRTOS-F7 1.1.0
2024-10-22 23:34:40,167 [INFO] ThirdParty:967 - CMSIS Pack Vendor :STMicroelectronics X-CUBE-AZRTOS-L5 2.0.0
2024-10-22 23:34:40,167 [INFO] ThirdParty:967 - CMSIS Pack Vendor :portGmbH I-Cube-SoM-uGOAL 1.1.0
2024-10-22 23:34:40,167 [INFO] ThirdParty:967 - CMSIS Pack Vendor :STMicroelectronics USB_DEVICE 2.0.0
2024-10-22 23:34:40,167 [INFO] ThirdParty:967 - CMSIS Pack Vendor :STMicroelectronics X-CUBE-NFC6 3.1.0
2024-10-22 23:34:40,167 [INFO] ThirdParty:967 - CMSIS Pack Vendor :STMicroelectronics X-CUBE-AZRTOS-WL 2.0.0
2024-10-22 23:34:40,167 [INFO] ThirdParty:967 - CMSIS Pack Vendor :SEGGER I-CUBE-embOS 1.3.1
2024-10-22 23:34:40,167 [INFO] ThirdParty:967 - CMSIS Pack Vendor :STMicroelectronics X-CUBE-ALGOBUILD 1.4.0
2024-10-22 23:34:40,167 [INFO] ThirdParty:967 - CMSIS Pack Vendor :STMicroelectronics FreeRTOS 0.0.1
2024-10-22 23:34:40,167 [INFO] ThirdParty:967 - CMSIS Pack Vendor :STMicroelectronics X-CUBE-AZRTOS-G0 1.1.0
2024-10-22 23:34:40,167 [INFO] ThirdParty:967 - CMSIS Pack Vendor :STMicroelectronics USB_DEVICE 1.0.0
2024-10-22 23:34:40,167 [INFO] ThirdParty:967 - CMSIS Pack Vendor :STMicroelectronics X-CUBE-SAFEA1 1.2.2
2024-10-22 23:34:40,167 [INFO] ThirdParty:967 - CMSIS Pack Vendor :STMicroelectronics X-CUBE-NFC4 3.0.0
2024-10-22 23:34:40,167 [INFO] ThirdParty:967 - CMSIS Pack Vendor :STMicroelectronics X-CUBE-SUBG2 5.0.0
2024-10-22 23:34:40,167 [INFO] ThirdParty:967 - CMSIS Pack Vendor :STMicroelectronics X-CUBE-AZRTOS-H7RS 1.0.0
2024-10-22 23:34:40,167 [INFO] ThirdParty:967 - CMSIS Pack Vendor :wolfSSL I-CUBE-wolfMQTT 1.19.0
2024-10-22 23:34:40,167 [INFO] ThirdParty:967 - CMSIS Pack Vendor :STMicroelectronics X-CUBE-AZRTOS-L4 2.0.0
2024-10-22 23:34:40,167 [INFO] ThirdParty:967 - CMSIS Pack Vendor :STMicroelectronics ThreadX 0.0.2
2024-10-22 23:34:40,167 [INFO] ThirdParty:967 - CMSIS Pack Vendor :WES I-CUBE-Cesium 1.3.0
2024-10-22 23:34:40,167 [INFO] ThirdParty:967 - CMSIS Pack Vendor :STMicroelectronics FP-ATR-ASTRA1 2.0.0
2024-10-22 23:34:40,167 [INFO] ThirdParty:967 - CMSIS Pack Vendor :STMicroelectronics lwIP 2.0.3
2024-10-22 23:34:40,167 [INFO] ThirdParty:967 - CMSIS Pack Vendor :STMicroelectronics lwIP 2.1.2
2024-10-22 23:34:40,167 [INFO] ThirdParty:967 - CMSIS Pack Vendor :STMicroelectronics X-CUBE-SFXS2LP1 4.0.0
2024-10-22 23:34:40,167 [INFO] ThirdParty:967 - CMSIS Pack Vendor :STMicroelectronics X-CUBE-BLE2 3.3.0
2024-10-22 23:34:40,167 [INFO] ThirdParty:967 - CMSIS Pack Vendor :STMicroelectronics USB_HOST 1.0.0
2024-10-22 23:34:40,168 [INFO] ThirdParty:967 - CMSIS Pack Vendor :STMicroelectronics X-CUBE-AI 9.1.0
2024-10-22 23:34:40,168 [INFO] ThirdParty:967 - CMSIS Pack Vendor :STMicroelectronics X-CUBE-AI 9.0.0
2024-10-22 23:34:40,168 [INFO] ThirdParty:967 - CMSIS Pack Vendor :STMicroelectronics X-CUBE-AZRTOS-G4 2.0.0
2024-10-22 23:34:40,168 [INFO] ThirdParty:967 - CMSIS Pack Vendor :STMicroelectronics PDM2PCM 3.1.0
2024-10-22 23:34:40,168 [INFO] ThirdParty:967 - CMSIS Pack Vendor :STMicroelectronics PDM2PCM 3.2.0
2024-10-22 23:34:40,168 [INFO] ThirdParty:967 - CMSIS Pack Vendor :STMicroelectronics PDM2PCM 3.3.0
2024-10-22 23:34:40,168 [INFO] ThirdParty:787 - exiting critical section [change project]
2024-10-22 23:34:40,422 [INFO] PinOutPanel:1463 - setPackage(No Configuration,No Configuration)
2024-10-22 23:34:40,423 [INFO] PinOutPanel:1463 - setPackage(STM32F103C6Ux,UFQFPN48)
2024-10-22 23:34:40,680 [INFO] UtilMem:74 - Before build in PCC Used Memory: 935303544 Bytes (1047527424)
2024-10-22 23:34:41,156 [INFO] UtilMem:74 - After build in PCC Used Memory: 948344824 Bytes (1047527424)
2024-10-22 23:34:41,180 [INFO] IPUIPlugin:74 - create IPUIPlugin
2024-10-22 23:34:41,180 [INFO] IPUIPlugin:74 - create IPUIPlugin
2024-10-22 23:34:41,180 [INFO] IPUIPlugin:74 - create IPUIPlugin
2024-10-22 23:34:41,180 [INFO] IPUIPlugin:74 - create IPUIPlugin
2024-10-22 23:34:41,181 [INFO] IPUIPlugin:74 - create IPUIPlugin
2024-10-22 23:34:41,181 [INFO] IPUIPlugin:74 - create IPUIPlugin
2024-10-22 23:34:41,181 [INFO] IPUIPlugin:74 - create IPUIPlugin
2024-10-22 23:34:41,181 [INFO] IPUIPlugin:74 - create IPUIPlugin
2024-10-22 23:34:41,181 [INFO] IPUIPlugin:74 - create IPUIPlugin
2024-10-22 23:34:41,181 [INFO] IPUIPlugin:74 - create IPUIPlugin
2024-10-22 23:34:41,181 [INFO] IPUIPlugin:74 - create IPUIPlugin
2024-10-22 23:34:41,181 [INFO] IPUIPlugin:74 - create IPUIPlugin
2024-10-22 23:34:41,182 [INFO] IPUIPlugin:74 - create IPUIPlugin
2024-10-22 23:34:41,182 [INFO] IPUIPlugin:74 - create IPUIPlugin
2024-10-22 23:34:41,182 [INFO] IPUIPlugin:74 - create IPUIPlugin
2024-10-22 23:34:41,182 [INFO] IPUIPlugin:74 - create IPUIPlugin
2024-10-22 23:34:41,182 [INFO] IPUIPlugin:74 - create IPUIPlugin
2024-10-22 23:34:41,182 [INFO] IPUIPlugin:74 - create IPUIPlugin
2024-10-22 23:34:41,183 [INFO] IPUIPlugin:74 - create IPUIPlugin
2024-10-22 23:34:41,183 [INFO] IPUIPlugin:74 - create IPUIPlugin
2024-10-22 23:34:41,183 [INFO] IPUIPlugin:74 - create IPUIPlugin
2024-10-22 23:34:41,184 [INFO] IPUIPlugin:74 - create IPUIPlugin
2024-10-22 23:34:41,184 [INFO] IPUIPlugin:74 - create IPUIPlugin
2024-10-22 23:34:41,279 [INFO] OpenFileManager:333 - Restore cursor
2024-10-22 23:35:53,487 [INFO] Gpio:254 - dependency for GPIO []
2024-10-22 23:37:41,499 [INFO] Gpio:254 - dependency for GPIO []
2024-10-22 23:37:43,312 [INFO] Gpio:254 - dependency for GPIO []
2024-10-22 23:37:45,853 [INFO] Gpio:254 - dependency for GPIO []
2024-10-22 23:37:51,738 [INFO] Gpio:254 - dependency for GPIO []
2024-10-22 23:37:53,650 [INFO] Gpio:254 - dependency for GPIO []
2024-10-22 23:37:56,016 [INFO] Gpio:254 - dependency for GPIO []
2024-10-22 23:37:58,434 [INFO] Gpio:254 - dependency for GPIO []
2024-10-22 23:38:40,106 [INFO] Gpio:254 - dependency for GPIO []
2024-10-22 23:38:42,581 [INFO] Gpio:254 - dependency for GPIO []
2024-10-22 23:38:44,261 [INFO] Gpio:254 - dependency for GPIO []
2024-10-22 23:38:46,300 [INFO] Gpio:254 - dependency for GPIO []
2024-10-22 23:39:14,100 [INFO] Gpio:254 - dependency for GPIO []
2024-10-22 23:39:15,530 [INFO] Gpio:254 - dependency for GPIO []
2024-10-22 23:39:18,184 [INFO] Gpio:254 - dependency for GPIO []
2024-10-22 23:39:41,855 [INFO] UtilMem:74 - End SaveConfig() Used Memory: 904888232 Bytes (1049624576)
2024-10-22 23:39:42,926 [INFO] UtilMem:74 - End SaveConfig() Used Memory: 927956904 Bytes (1049624576)
2024-10-22 23:39:46,054 [INFO] UtilMem:74 - End SaveConfig() Used Memory: 866698752 Bytes (1049624576)
2024-10-22 23:39:46,289 [INFO] BlockDiagram:2740 - set Specific Code input for plugin: NVIC
2024-10-22 23:39:46,289 [INFO] BlockDiagram:2740 - set Specific Code input for plugin: SYS
2024-10-22 23:39:46,290 [INFO] BlockDiagram:2740 - set Specific Code input for plugin: GPIO
2024-10-22 23:39:46,290 [INFO] BlockDiagram:2740 - set Specific Code input for plugin: RCC
2024-10-22 23:39:46,290 [INFO] BlockDiagram:2740 - set Specific Code input for plugin: TIM1_8F1
2024-10-22 23:39:46,291 [INFO] CodeGenerator:663 - code generatio: config db path: C:\ST\STM32CubeIDE_1.7.0\STM32CubeIDE\plugins\com.st.stm32cube.common.mx_6.3.0.202107141111\\db\
2024-10-22 23:39:46,573 [INFO] CodeEngine:239 - oldGeneratedFile, C:\Users\ADMIN\Desktop\GIT_LAB3\SOURCE\LAB\MXTmpFiles\license.tmp_save
2024-10-22 23:39:46,810 [INFO] CodeEngine:257 - Generated code: C:\Users\ADMIN\Desktop\GIT_LAB3\SOURCE\LAB\MXTmpFiles\license.tmp
2024-10-22 23:39:46,927 [INFO] CodeEngine:239 - oldGeneratedFile, C:\Users\ADMIN\Desktop\GIT_LAB3\SOURCE\LAB\MXTmpFiles\gpio.tmp_save
2024-10-22 23:39:46,992 [INFO] CodeEngine:257 - Generated code: C:\Users\ADMIN\Desktop\GIT_LAB3\SOURCE\LAB\MXTmpFiles\gpio.tmp
2024-10-22 23:39:47,193 [INFO] CodeEngine:239 - oldGeneratedFile, C:\Users\ADMIN\Desktop\GIT_LAB3\SOURCE\LAB\Core\Src\stm32f1xx_it.c_save
2024-10-22 23:39:47,321 [INFO] CodeEngine:257 - Generated code: C:\Users\ADMIN\Desktop\GIT_LAB3\SOURCE\LAB\Core\Src\stm32f1xx_it.c
2024-10-22 23:39:47,337 [INFO] CodeEngine:239 - oldGeneratedFile, C:\Users\ADMIN\Desktop\GIT_LAB3\SOURCE\LAB\Core\Inc\stm32f1xx_it.h_save
2024-10-22 23:39:47,406 [INFO] CodeEngine:257 - Generated code: C:\Users\ADMIN\Desktop\GIT_LAB3\SOURCE\LAB\Core\Inc\stm32f1xx_it.h
2024-10-22 23:39:47,430 [INFO] CodeEngine:239 - oldGeneratedFile, C:\Users\ADMIN\Desktop\GIT_LAB3\SOURCE\LAB\Core\Src\stm32f1xx_hal_msp.c_save
2024-10-22 23:39:47,538 [INFO] CodeEngine:257 - Generated code: C:\Users\ADMIN\Desktop\GIT_LAB3\SOURCE\LAB\Core\Src\stm32f1xx_hal_msp.c
2024-10-22 23:39:47,547 [INFO] CodeEngine:239 - oldGeneratedFile, C:\Users\ADMIN\Desktop\GIT_LAB3\SOURCE\LAB\MXTmpFiles\system.tmp_save
2024-10-22 23:39:47,600 [INFO] CodeEngine:257 - Generated code: C:\Users\ADMIN\Desktop\GIT_LAB3\SOURCE\LAB\MXTmpFiles\system.tmp
2024-10-22 23:39:47,617 [INFO] CodeEngine:239 - oldGeneratedFile, C:\Users\ADMIN\Desktop\GIT_LAB3\SOURCE\LAB\Core\Inc\stm32f1xx_hal_conf.h_save
2024-10-22 23:39:47,688 [INFO] CodeEngine:257 - Generated code: C:\Users\ADMIN\Desktop\GIT_LAB3\SOURCE\LAB\Core\Inc\stm32f1xx_hal_conf.h
2024-10-22 23:39:47,706 [WARN] IPConfigManager:3148 - IP not found : TIM
2024-10-22 23:39:47,707 [WARN] CodeGenerator:3268 - IP not found : null
2024-10-22 23:39:47,722 [INFO] CodeEngine:239 - oldGeneratedFile, C:\Users\ADMIN\Desktop\GIT_LAB3\SOURCE\LAB\Core\Inc\main.h_save
2024-10-22 23:39:47,794 [INFO] CodeEngine:257 - Generated code: C:\Users\ADMIN\Desktop\GIT_LAB3\SOURCE\LAB\Core\Inc\main.h
2024-10-22 23:39:47,807 [INFO] CodeEngine:239 - oldGeneratedFile, C:\Users\ADMIN\Desktop\GIT_LAB3\SOURCE\LAB\Core\Src\main.c_save
2024-10-22 23:39:47,891 [INFO] CodeEngine:257 - Generated code: C:\Users\ADMIN\Desktop\GIT_LAB3\SOURCE\LAB\Core\Src\main.c
2024-10-22 23:39:48,506 [INFO] ProjectBuilder:2578 - Time for Copy HAL[1] : 83mS.
2024-10-22 23:39:48,509 [INFO] ProjectBuilder:3622 - Project Generator version: 3.14.1
2024-10-22 23:39:49,071 [INFO] ConfigFileManager:1271 - The Die is : DIE412
2024-10-22 23:39:49,090 [INFO] ApiDbMcu:468 - Load IP Config File for FATFS
2024-10-22 23:39:49,113 [INFO] ApiDbMcu:468 - Load IP Config File for FREERTOS
2024-10-22 23:39:49,138 [INFO] ApiDbMcu:468 - Load IP Config File for USB_DEVICE
2024-10-22 23:39:51,538 [INFO] ProjectBuilder:3789 - Time for Generating toolchain IDE Files: 3029mS.
2024-10-22 23:39:51,539 [INFO] ProjectBuilder:2457 - Time for Copy CMSIS : 0mS.
2024-10-22 23:39:51,541 [INFO] ProjectBuilder:2457 - Time for Copy CMSIS : 0mS.
2024-10-23 20:25:59,862 [INFO] Activator:177 - 


2024-10-23 20:25:59,864 [INFO] Activator:178 - !SESSION log4j initialized
2024-10-24 12:07:14,742 [INFO] Activator:177 - 


2024-10-24 12:07:14,742 [INFO] Activator:178 - !SESSION log4j initialized
2024-10-24 12:09:06,131 [INFO] RetryExec:97 - I/O exception (org.apache.http.NoHttpResponseException) caught when processing request to {s}->https://sw-center.st.com:443: The target server failed to respond
2024-10-24 12:09:06,131 [INFO] RetryExec:113 - Retrying request to {s}->https://sw-center.st.com:443
2024-10-24 12:09:06,944 [INFO] McuFinderGlobals:39 - Set McuFinder mode to 2 (CubeIDE integrated)
2024-10-24 12:09:07,147 [INFO] ApplicationProperties:181 - Using Application install path: C:\ST\STM32CubeIDE_1.7.0\STM32CubeIDE\plugins\com.st.stm32cube.common.mx_6.3.0.202107141111
2024-10-24 12:09:07,162 [INFO] DbMcusXml:74 - Set database path to: C:\ST\STM32CubeIDE_1.7.0\STM32CubeIDE\plugins\com.st.stm32cube.common.mx_6.3.0.202107141111\\db\/mcu/
2024-10-24 12:09:07,162 [INFO] DbBoardsPdsc:56 - Set plugin database path to: C:\ST\STM32CubeIDE_1.7.0\STM32CubeIDE\plugins\com.st.stm32cube.common.mx_6.3.0.202107141111\\db\/plugins/boardmanager/
2024-10-24 12:09:07,162 [INFO] DbMcus:258 - Set plugin images path to: C:\ST\STM32CubeIDE_1.7.0\STM32CubeIDE\plugins\com.st.stm32cube.common.mx_6.3.0.202107141111\\db\/plugins/mcufinder/images/
2024-10-24 12:09:07,162 [INFO] DbBoards:264 - Set plugin images path to: C:\ST\STM32CubeIDE_1.7.0\STM32CubeIDE\plugins\com.st.stm32cube.common.mx_6.3.0.202107141111\\db\/plugins/mcufinder/images/
2024-10-24 12:09:07,162 [INFO] DbExamples:333 - Set plugin images path to: C:\ST\STM32CubeIDE_1.7.0\STM32CubeIDE\plugins\com.st.stm32cube.common.mx_6.3.0.202107141111\\db\/plugins/mcufinder/images/
2024-10-24 12:09:07,178 [INFO] DbMcusAds:119 - Set database path to: C:\Users\ADMIN\.stmcufinder\plugins\mcufinder//mcu/
2024-10-24 12:09:07,178 [INFO] DbMcusDocs:110 - Set database path to: C:\Users\ADMIN\.stmcufinder\plugins\mcufinder//mcu/
2024-10-24 12:09:07,178 [INFO] DbMcusJson:64 - Set database path to: C:\Users\ADMIN\.stmcufinder\plugins\mcufinder//mcu/
2024-10-24 12:09:07,178 [INFO] DbBoardsDocs:110 - Set database path to: C:\Users\ADMIN\.stmcufinder\plugins\mcufinder//mcu/
2024-10-24 12:09:07,178 [INFO] DbBoardsJson:57 - Set database path to: C:\Users\ADMIN\.stmcufinder\plugins\mcufinder//mcu/
2024-10-24 12:09:07,194 [INFO] CrossReferenceDbSqlite:196 - Set database path to: C:\Users\ADMIN\.stmcufinder\plugins\mcufinder//mcu/cs/
2024-10-24 12:09:07,194 [INFO] DbExamplesSqlite:767 - Set database path to: C:\Users\ADMIN\.stmcufinder\plugins\mcufinder//mcu/
2024-10-24 12:09:07,272 [INFO] RulesReader:57 - Compatibility file has been processed (242 Rules)
2024-10-24 12:09:07,334 [INFO] DbMcusXml:74 - Set database path to: C:\ST\STM32CubeIDE_1.7.0\STM32CubeIDE\plugins\com.st.stm32cube.common.mx_6.3.0.202107141111\\db\/mcu/
2024-10-24 12:09:07,334 [INFO] DbBoardsPdsc:56 - Set plugin database path to: C:\ST\STM32CubeIDE_1.7.0\STM32CubeIDE\plugins\com.st.stm32cube.common.mx_6.3.0.202107141111\\db\/plugins/boardmanager/
2024-10-24 12:09:07,334 [INFO] DbMcus:258 - Set plugin images path to: C:\ST\STM32CubeIDE_1.7.0\STM32CubeIDE\plugins\com.st.stm32cube.common.mx_6.3.0.202107141111\\db\/plugins/mcufinder/images/
2024-10-24 12:09:07,334 [INFO] DbBoards:264 - Set plugin images path to: C:\ST\STM32CubeIDE_1.7.0\STM32CubeIDE\plugins\com.st.stm32cube.common.mx_6.3.0.202107141111\\db\/plugins/mcufinder/images/
2024-10-24 12:09:07,334 [INFO] DbExamples:333 - Set plugin images path to: C:\ST\STM32CubeIDE_1.7.0\STM32CubeIDE\plugins\com.st.stm32cube.common.mx_6.3.0.202107141111\\db\/plugins/mcufinder/images/
2024-10-24 12:09:07,334 [WARN] DbFile:35 - Overriding database path with different value: C:\Users\ADMIN\.stmcufinder\plugins\mcufinder/ => C:\Users\ADMIN\.stmcufinder\plugins\mcufinder
2024-10-24 12:09:07,334 [INFO] DbMcusAds:119 - Set database path to: C:\Users\ADMIN\.stmcufinder\plugins\mcufinder//mcu/
2024-10-24 12:09:07,334 [WARN] DbFile:35 - Overriding database path with different value: C:\Users\ADMIN\.stmcufinder\plugins\mcufinder/ => C:\Users\ADMIN\.stmcufinder\plugins\mcufinder
2024-10-24 12:09:07,334 [INFO] DbMcusDocs:110 - Set database path to: C:\Users\ADMIN\.stmcufinder\plugins\mcufinder//mcu/
2024-10-24 12:09:07,334 [WARN] DbFile:35 - Overriding database path with different value: C:\Users\ADMIN\.stmcufinder\plugins\mcufinder/ => C:\Users\ADMIN\.stmcufinder\plugins\mcufinder
2024-10-24 12:09:07,334 [INFO] DbMcusJson:64 - Set database path to: C:\Users\ADMIN\.stmcufinder\plugins\mcufinder//mcu/
2024-10-24 12:09:07,334 [WARN] DbFile:35 - Overriding database path with different value: C:\Users\ADMIN\.stmcufinder\plugins\mcufinder/ => C:\Users\ADMIN\.stmcufinder\plugins\mcufinder
2024-10-24 12:09:07,334 [INFO] DbBoardsDocs:110 - Set database path to: C:\Users\ADMIN\.stmcufinder\plugins\mcufinder//mcu/
2024-10-24 12:09:07,334 [WARN] DbFile:35 - Overriding database path with different value: C:\Users\ADMIN\.stmcufinder\plugins\mcufinder/ => C:\Users\ADMIN\.stmcufinder\plugins\mcufinder
2024-10-24 12:09:07,334 [INFO] DbBoardsJson:57 - Set database path to: C:\Users\ADMIN\.stmcufinder\plugins\mcufinder//mcu/
2024-10-24 12:09:07,334 [WARN] DbFile:35 - Overriding database path with different value: C:\Users\ADMIN\.stmcufinder\plugins\mcufinder/ => C:\Users\ADMIN\.stmcufinder\plugins\mcufinder
2024-10-24 12:09:07,334 [WARN] DbFile:35 - Overriding database path with different value: C:\Users\ADMIN\.stmcufinder\plugins\mcufinder/ => C:\Users\ADMIN\.stmcufinder\plugins\mcufinder
2024-10-24 12:09:07,334 [INFO] CrossReferenceDbSqlite:196 - Set database path to: C:\Users\ADMIN\.stmcufinder\plugins\mcufinder//mcu/cs/
2024-10-24 12:09:07,334 [WARN] DbFile:35 - Overriding database path with different value: C:\Users\ADMIN\.stmcufinder\plugins\mcufinder/ => C:\Users\ADMIN\.stmcufinder\plugins\mcufinder
2024-10-24 12:09:07,334 [INFO] DbExamplesSqlite:767 - Set database path to: C:\Users\ADMIN\.stmcufinder\plugins\mcufinder//mcu/
2024-10-24 12:09:07,412 [INFO] MainPanel:214 - HeapMemory: 663748608
2024-10-24 12:09:07,522 [INFO] DbMcusXml:74 - Set database path to: C:\ST\STM32CubeIDE_1.7.0\STM32CubeIDE\plugins\com.st.stm32cube.common.mx_6.3.0.202107141111\\db\/mcu/
2024-10-24 12:09:07,522 [INFO] DbBoardsPdsc:56 - Set plugin database path to: C:\ST\STM32CubeIDE_1.7.0\STM32CubeIDE\plugins\com.st.stm32cube.common.mx_6.3.0.202107141111\\db\/plugins/boardmanager/
2024-10-24 12:09:07,522 [INFO] DbMcus:258 - Set plugin images path to: C:\ST\STM32CubeIDE_1.7.0\STM32CubeIDE\plugins\com.st.stm32cube.common.mx_6.3.0.202107141111\\db\/plugins/mcufinder/images/
2024-10-24 12:09:07,522 [INFO] DbBoards:264 - Set plugin images path to: C:\ST\STM32CubeIDE_1.7.0\STM32CubeIDE\plugins\com.st.stm32cube.common.mx_6.3.0.202107141111\\db\/plugins/mcufinder/images/
2024-10-24 12:09:07,522 [INFO] DbExamples:333 - Set plugin images path to: C:\ST\STM32CubeIDE_1.7.0\STM32CubeIDE\plugins\com.st.stm32cube.common.mx_6.3.0.202107141111\\db\/plugins/mcufinder/images/
2024-10-24 12:09:07,522 [WARN] DbFile:35 - Overriding database path with different value: C:\Users\ADMIN\.stmcufinder\plugins\mcufinder/ => C:\Users\ADMIN\.stmcufinder\plugins\mcufinder
2024-10-24 12:09:07,522 [INFO] DbMcusAds:119 - Set database path to: C:\Users\ADMIN\.stmcufinder\plugins\mcufinder//mcu/
2024-10-24 12:09:07,522 [WARN] DbFile:35 - Overriding database path with different value: C:\Users\ADMIN\.stmcufinder\plugins\mcufinder/ => C:\Users\ADMIN\.stmcufinder\plugins\mcufinder
2024-10-24 12:09:07,522 [INFO] DbMcusDocs:110 - Set database path to: C:\Users\ADMIN\.stmcufinder\plugins\mcufinder//mcu/
2024-10-24 12:09:07,522 [WARN] DbFile:35 - Overriding database path with different value: C:\Users\ADMIN\.stmcufinder\plugins\mcufinder/ => C:\Users\ADMIN\.stmcufinder\plugins\mcufinder
2024-10-24 12:09:07,522 [INFO] DbMcusJson:64 - Set database path to: C:\Users\ADMIN\.stmcufinder\plugins\mcufinder//mcu/
2024-10-24 12:09:07,522 [WARN] DbFile:35 - Overriding database path with different value: C:\Users\ADMIN\.stmcufinder\plugins\mcufinder/ => C:\Users\ADMIN\.stmcufinder\plugins\mcufinder
2024-10-24 12:09:07,522 [INFO] DbBoardsDocs:110 - Set database path to: C:\Users\ADMIN\.stmcufinder\plugins\mcufinder//mcu/
2024-10-24 12:09:07,522 [WARN] DbFile:35 - Overriding database path with different value: C:\Users\ADMIN\.stmcufinder\plugins\mcufinder/ => C:\Users\ADMIN\.stmcufinder\plugins\mcufinder
2024-10-24 12:09:07,522 [INFO] DbBoardsJson:57 - Set database path to: C:\Users\ADMIN\.stmcufinder\plugins\mcufinder//mcu/
2024-10-24 12:09:07,522 [WARN] DbFile:35 - Overriding database path with different value: C:\Users\ADMIN\.stmcufinder\plugins\mcufinder/ => C:\Users\ADMIN\.stmcufinder\plugins\mcufinder
2024-10-24 12:09:07,522 [WARN] DbFile:35 - Overriding database path with different value: C:\Users\ADMIN\.stmcufinder\plugins\mcufinder/ => C:\Users\ADMIN\.stmcufinder\plugins\mcufinder
2024-10-24 12:09:07,522 [INFO] CrossReferenceDbSqlite:196 - Set database path to: C:\Users\ADMIN\.stmcufinder\plugins\mcufinder//mcu/cs/
2024-10-24 12:09:07,522 [WARN] DbFile:35 - Overriding database path with different value: C:\Users\ADMIN\.stmcufinder\plugins\mcufinder/ => C:\Users\ADMIN\.stmcufinder\plugins\mcufinder
2024-10-24 12:09:07,522 [INFO] DbExamplesSqlite:767 - Set database path to: C:\Users\ADMIN\.stmcufinder\plugins\mcufinder//mcu/
2024-10-24 12:09:07,538 [INFO] ApplicationProperties:181 - Using Application install path: C:\ST\STM32CubeIDE_1.7.0\STM32CubeIDE\plugins\com.st.stm32cube.common.mx_6.3.0.202107141111
2024-10-24 12:09:07,538 [INFO] PluginManage:188 - Search for loadable plugins [exclusion list=, ]
2024-10-24 12:09:07,554 [INFO] PluginManage:302 - Check plugin analytics
2024-10-24 12:09:07,679 [INFO] AnalyticsPlugin:257 - Accepted Software Licenses: 
2024-10-24 12:09:07,679 [INFO] AnalyticsPlugin:259 - Accepted CMSIS Pack Licenses: 
2024-10-24 12:09:07,679 [INFO] AnalyticsPlugin:261 - Accepted Firmware Licenses: 
2024-10-24 12:09:07,679 [INFO] PluginManage:352 - Loaded plugin analytics (category:tool,tabindex:-1)
2024-10-24 12:09:07,679 [INFO] PluginManage:302 - Check plugin clock
2024-10-24 12:09:07,710 [INFO] PluginManage:352 - Loaded plugin clock (category:base,tabindex:2)
2024-10-24 12:09:07,710 [INFO] PluginManage:302 - Check plugin ddr
2024-10-24 12:09:07,710 [INFO] PluginManage:352 - Loaded plugin ddr (category:tool,tabindex:6)
2024-10-24 12:09:07,710 [INFO] PluginManage:302 - Check plugin filemanager
2024-10-24 12:09:07,819 [INFO] PluginManage:352 - Loaded plugin filemanager (category:base,tabindex:10)
2024-10-24 12:09:07,819 [INFO] PluginManage:302 - Check plugin ipmanager
2024-10-24 12:09:07,819 [INFO] PluginManage:352 - Loaded plugin ipmanager (category:base,tabindex:5)
2024-10-24 12:09:07,819 [INFO] PluginManage:302 - Check plugin pinoutandconfiguration
2024-10-24 12:09:07,835 [INFO] PluginManage:352 - Loaded plugin pinoutandconfiguration (category:base,tabindex:1)
2024-10-24 12:09:07,835 [INFO] PluginManage:302 - Check plugin pinoutconfig
2024-10-24 12:09:07,866 [INFO] PluginManage:352 - Loaded plugin pinoutconfig (category:base,tabindex:0)
2024-10-24 12:09:07,866 [INFO] PluginManage:302 - Check plugin power
2024-10-24 12:09:07,897 [INFO] PluginManage:352 - Loaded plugin power (category:power,tabindex:4)
2024-10-24 12:09:07,897 [INFO] PluginManage:302 - Check plugin projectmanager
2024-10-24 12:09:07,897 [INFO] PluginManage:352 - Loaded plugin projectmanager (category:projectmanager,tabindex:3)
2024-10-24 12:09:07,897 [INFO] PluginManage:302 - Check plugin thirdparty
2024-10-24 12:09:08,069 [WARN] IntegrityCheckThread:78 - waiting for thirdparty lock release [integrity check]
2024-10-24 12:09:08,085 [INFO] IntegrityCheckThread:80 - entering critical section [integrity check]
2024-10-24 12:09:08,069 [INFO] PluginManage:352 - Loaded plugin thirdparty (category:base,tabindex:-1)
2024-10-24 12:09:08,085 [INFO] PluginManage:302 - Check plugin tools
2024-10-24 12:09:08,085 [INFO] ThirdPartyUpdaterWithRetryManager:66 - Updater plugin not ready yet. [1/15]
2024-10-24 12:09:08,132 [INFO] PluginManage:352 - Loaded plugin tools (category:base,tabindex:7)
2024-10-24 12:09:08,132 [INFO] PluginManage:302 - Check plugin tutovideos
2024-10-24 12:09:08,335 [INFO] PluginManage:352 - Loaded plugin tutovideos (category:base,tabindex:-1)
2024-10-24 12:09:08,335 [INFO] PluginManage:302 - Check plugin updater
2024-10-24 12:09:08,366 [INFO] PluginManage:352 - Loaded plugin updater (category:base,tabindex:12)
2024-10-24 12:09:08,366 [INFO] PluginManage:275 - PluginManage : Loaded plugins [13]
2024-10-24 12:09:08,522 [INFO] PinOutPanel:1463 - setPackage(No Configuration,No Configuration)
2024-10-24 12:09:08,616 [INFO] IPUIPlugin:74 - create IPUIPlugin
2024-10-24 12:09:08,616 [INFO] PluginManager:213 - loadIPPluginJar : add adc
2024-10-24 12:09:08,663 [INFO] IPUIPlugin:74 - create IPUIPlugin
2024-10-24 12:09:08,663 [INFO] PluginManager:213 - loadIPPluginJar : add aes
2024-10-24 12:09:08,710 [INFO] IPUIPlugin:74 - create IPUIPlugin
2024-10-24 12:09:08,710 [INFO] PluginManager:213 - loadIPPluginJar : add can
2024-10-24 12:09:08,741 [INFO] IPUIPlugin:74 - create IPUIPlugin
2024-10-24 12:09:08,741 [INFO] PluginManager:213 - loadIPPluginJar : add comp
2024-10-24 12:09:08,772 [INFO] IPUIPlugin:74 - create IPUIPlugin
2024-10-24 12:09:08,772 [INFO] PluginManager:213 - loadIPPluginJar : add cryp
2024-10-24 12:09:08,819 [INFO] IPUIPlugin:74 - create IPUIPlugin
2024-10-24 12:09:08,819 [INFO] PluginManager:213 - loadIPPluginJar : add dfsdm
2024-10-24 12:09:08,835 [INFO] IPUIPlugin:74 - create IPUIPlugin
2024-10-24 12:09:08,835 [INFO] PluginManager:213 - loadIPPluginJar : add dma
2024-10-24 12:09:08,929 [INFO] IPUIPlugin:74 - create IPUIPlugin
2024-10-24 12:09:08,929 [INFO] PluginManager:213 - loadIPPluginJar : add dma3
2024-10-24 12:09:08,976 [INFO] IPUIPlugin:74 - create IPUIPlugin
2024-10-24 12:09:08,976 [INFO] PluginManager:213 - loadIPPluginJar : add fatfs
2024-10-24 12:09:09,085 [INFO] IPUIPlugin:74 - create IPUIPlugin
2024-10-24 12:09:09,085 [INFO] PluginManager:213 - loadIPPluginJar : add fmc
2024-10-24 12:09:09,101 [INFO] IPUIPlugin:74 - create IPUIPlugin
2024-10-24 12:09:09,101 [INFO] PluginManager:213 - loadIPPluginJar : add freertos
2024-10-24 12:09:09,148 [INFO] IPUIPlugin:74 - create IPUIPlugin
2024-10-24 12:09:09,148 [INFO] PluginManager:213 - loadIPPluginJar : add genericplugin
2024-10-24 12:09:09,320 [INFO] IPUIPlugin:74 - create IPUIPlugin
2024-10-24 12:09:09,320 [INFO] PluginManager:213 - loadIPPluginJar : add gfxmmu
2024-10-24 12:09:09,477 [INFO] IPUIPlugin:74 - create IPUIPlugin
2024-10-24 12:09:09,477 [INFO] PluginManager:213 - loadIPPluginJar : add gic
2024-10-24 12:09:09,493 [INFO] IPUIPlugin:74 - create IPUIPlugin
2024-10-24 12:09:09,493 [INFO] PluginManager:213 - loadIPPluginJar : add gpio
2024-10-24 12:09:09,586 [INFO] IPUIPlugin:74 - create IPUIPlugin
2024-10-24 12:09:09,586 [INFO] PluginManager:213 - loadIPPluginJar : add gtzc
2024-10-24 12:09:09,633 [INFO] IPUIPlugin:74 - create IPUIPlugin
2024-10-24 12:09:09,633 [INFO] PluginManager:213 - loadIPPluginJar : add hash
2024-10-24 12:09:09,680 [INFO] IPUIPlugin:74 - create IPUIPlugin
2024-10-24 12:09:09,680 [INFO] PluginManager:213 - loadIPPluginJar : add i2c
2024-10-24 12:09:09,727 [INFO] IPUIPlugin:74 - create IPUIPlugin
2024-10-24 12:09:09,727 [INFO] PluginManager:213 - loadIPPluginJar : add i2s
2024-10-24 12:09:09,743 [INFO] IPUIPlugin:74 - create IPUIPlugin
2024-10-24 12:09:09,743 [INFO] PluginManager:213 - loadIPPluginJar : add ipddr
2024-10-24 12:09:09,837 [INFO] IPUIPlugin:74 - create IPUIPlugin
2024-10-24 12:09:09,837 [INFO] PluginManager:213 - loadIPPluginJar : add linkedlist
2024-10-24 12:09:09,868 [INFO] IPUIPlugin:74 - create IPUIPlugin
2024-10-24 12:09:09,868 [INFO] PluginManager:213 - loadIPPluginJar : add lorawan
2024-10-24 12:09:09,899 [INFO] IPUIPlugin:74 - create IPUIPlugin
2024-10-24 12:09:09,899 [INFO] PluginManager:213 - loadIPPluginJar : add ltdc
2024-10-24 12:09:09,915 [INFO] IPUIPlugin:74 - create IPUIPlugin
2024-10-24 12:09:09,915 [INFO] PluginManager:213 - loadIPPluginJar : add mdma
2024-10-24 12:09:09,930 [INFO] IPUIPlugin:74 - create IPUIPlugin
2024-10-24 12:09:09,930 [INFO] PluginManager:213 - loadIPPluginJar : add nvic
2024-10-24 12:09:09,962 [INFO] IPUIPlugin:74 - create IPUIPlugin
2024-10-24 12:09:09,962 [INFO] PluginManager:213 - loadIPPluginJar : add opamp
2024-10-24 12:09:10,008 [INFO] IPUIPlugin:74 - create IPUIPlugin
2024-10-24 12:09:10,008 [INFO] PluginManager:213 - loadIPPluginJar : add openamp
2024-10-24 12:09:10,055 [INFO] IPUIPlugin:74 - create IPUIPlugin
2024-10-24 12:09:10,055 [INFO] PluginManager:213 - loadIPPluginJar : add pdm2pcm
2024-10-24 12:09:10,071 [INFO] IPUIPlugin:74 - create IPUIPlugin
2024-10-24 12:09:10,071 [INFO] PluginManager:213 - loadIPPluginJar : add plateformsettings
2024-10-24 12:09:10,086 [INFO] IPUIPlugin:74 - create IPUIPlugin
2024-10-24 12:09:10,086 [INFO] PluginManager:213 - loadIPPluginJar : add quadspi
2024-10-24 12:09:10,102 [INFO] IPUIPlugin:74 - create IPUIPlugin
2024-10-24 12:09:10,102 [INFO] PluginManager:213 - loadIPPluginJar : add resmgrutility
2024-10-24 12:09:10,149 [INFO] IPUIPlugin:74 - create IPUIPlugin
2024-10-24 12:09:10,149 [INFO] PluginManager:213 - loadIPPluginJar : add sai
2024-10-24 12:09:10,180 [INFO] IPUIPlugin:74 - create IPUIPlugin
2024-10-24 12:09:10,180 [INFO] PluginManager:213 - loadIPPluginJar : add spi
2024-10-24 12:09:10,227 [INFO] IPUIPlugin:74 - create IPUIPlugin
2024-10-24 12:09:10,227 [INFO] PluginManager:213 - loadIPPluginJar : add stm32_wpan
2024-10-24 12:09:10,243 [INFO] IPUIPlugin:74 - create IPUIPlugin
2024-10-24 12:09:10,243 [INFO] PluginManager:213 - loadIPPluginJar : add tim
2024-10-24 12:09:10,306 [INFO] IPUIPlugin:74 - create IPUIPlugin
2024-10-24 12:09:10,306 [INFO] PluginManager:213 - loadIPPluginJar : add touchsensing
2024-10-24 12:09:10,337 [INFO] IPUIPlugin:74 - create IPUIPlugin
2024-10-24 12:09:10,337 [INFO] PluginManager:213 - loadIPPluginJar : add tracer_emb
2024-10-24 12:09:10,368 [INFO] IPUIPlugin:74 - create IPUIPlugin
2024-10-24 12:09:10,368 [INFO] PluginManager:213 - loadIPPluginJar : add ts
2024-10-24 12:09:10,400 [INFO] IPUIPlugin:74 - create IPUIPlugin
2024-10-24 12:09:10,400 [INFO] PluginManager:213 - loadIPPluginJar : add tsc
2024-10-24 12:09:10,431 [INFO] IPUIPlugin:74 - create IPUIPlugin
2024-10-24 12:09:10,431 [INFO] PluginManager:213 - loadIPPluginJar : add ucpd
2024-10-24 12:09:10,478 [INFO] IPUIPlugin:74 - create IPUIPlugin
2024-10-24 12:09:10,478 [INFO] PluginManager:213 - loadIPPluginJar : add usart
2024-10-24 12:09:10,509 [INFO] IPUIPlugin:74 - create IPUIPlugin
2024-10-24 12:09:10,509 [INFO] PluginManager:213 - loadIPPluginJar : add usbx
2024-10-24 12:09:10,790 [FATAL] Updater:294 - Updater called before beeing initialized
2024-10-24 12:09:10,890 [FATAL] Updater:294 - Updater called before beeing initialized
2024-10-24 12:09:10,901 [INFO] DbMcusAds:47 - JSON generation date=Fri Sep 20 20:04:38 ICT 2024 (1726837478367)
2024-10-24 12:09:10,901 [FATAL] Updater:294 - Updater called before beeing initialized
2024-10-24 12:09:10,948 [WARN] DetailPanel:314 - Failed to get advertising image, set to default
2024-10-24 12:09:11,026 [FATAL] Updater:294 - Updater called before beeing initialized
2024-10-24 12:09:11,026 [FATAL] Updater:294 - Updater called before beeing initialized
2024-10-24 12:09:11,026 [FATAL] Updater:294 - Updater called before beeing initialized
2024-10-24 12:09:11,026 [WARN] DetailPanel:314 - Failed to get advertising image, set to default
2024-10-24 12:09:11,042 [FATAL] Updater:294 - Updater called before beeing initialized
2024-10-24 12:09:11,073 [ERROR] Updater:1075 - MainUpdater not yet initialized. External WinMGr cannot be set.
2024-10-24 12:09:11,089 [INFO] ThirdPartyUpdaterWithRetryManager:66 - Updater plugin not ready yet. [2/15]
2024-10-24 12:09:11,105 [INFO] Updater:1012 - Updater Version found : 6.3.0
2024-10-24 12:09:11,120 [INFO] ApplicationProperties:181 - Using Application install path: C:\ST\STM32CubeIDE_1.7.0\STM32CubeIDE\plugins\com.st.stm32cube.common.mx_6.3.0.202107141111
2024-10-24 12:09:13,216 [WARN] ServerAccessManage:1053 - Warning during Server Connexion :  timeout connect timed out
2024-10-24 12:09:14,091 [FATAL] Updater:294 - Updater called before beeing initialized
2024-10-24 12:09:14,091 [ERROR] IntegrityCheckThread:124 - Cannot retrieve database content from updater: error 21
2024-10-24 12:09:14,091 [INFO] ThirdParty:915 - Integrity check success = false
2024-10-24 12:09:14,091 [INFO] IntegrityCheckThread:94 - exiting critical section [integrity check]
2024-10-24 12:09:14,091 [INFO] IntegrityCheckThread:97 - End integrity checks thread
2024-10-24 12:09:14,873 [INFO] MainUpdater:2671 - connection check result : 10
2024-10-24 12:09:14,873 [INFO] MainUpdater:265 - Updater Check For Update Now.
2024-10-24 12:09:14,873 [INFO] MicroXplorer:478 - Change Database Version : DB.6.0.30
2024-10-24 12:09:15,061 [INFO] CheckServerUpdateThread:112 - End of CheckServer Thread
2024-10-24 12:09:15,108 [INFO] MainUpdater:2671 - connection check result : 10
2024-10-24 12:09:15,108 [INFO] MainUpdater:2671 - connection check result : 10
2024-10-24 12:09:15,311 [INFO] MicroXplorer:448 - Change Database Path : 
2024-10-24 12:09:15,311 [INFO] MicroXplorer:478 - Change Database Version : DB.6.0.30
2024-10-24 12:09:15,311 [WARN] ThirdParty:813 - waiting for thirdparty lock release [close project]
2024-10-24 12:09:15,311 [INFO] ThirdParty:815 - entering critical section [close project]
2024-10-24 12:09:15,311 [INFO] ThirdParty:825 - exiting critical section [close project]
2024-10-24 12:09:15,327 [INFO] PinOutPanel:1463 - setPackage(No Configuration,No Configuration)
2024-10-24 12:09:15,327 [INFO] UtilMem:74 - Begin LoadConfig() Used Memory: 653318736 Bytes (670040064)
2024-10-24 12:09:15,327 [INFO] MicroXplorer:448 - Change Database Path : 
2024-10-24 12:09:15,327 [INFO] MicroXplorer:478 - Change Database Version : DB.6.0.30
2024-10-24 12:09:15,327 [INFO] OpenFileManager:313 - Change cursor
2024-10-24 12:09:15,342 [WARN] IntegrityCheckThread:78 - waiting for thirdparty lock release [integrity check]
2024-10-24 12:09:15,342 [INFO] IntegrityCheckThread:80 - entering critical section [integrity check]
2024-10-24 12:09:15,500 [ERROR] Engine:463 - C:\Users\ADMIN\.stm32cubemx\thirdparties\pdsc\STMicroelectronics.FP-SNS-MOTENVWB1.1.4.0.pdsc: PDSC version is not supported
2024-10-24 12:09:15,516 [ERROR] Engine:463 - C:\Users\ADMIN\.stm32cubemx\thirdparties\pdsc\STMicroelectronics.X-CUBE-SMBUS.2.1.0.pdsc: PDSC version is not supported
2024-10-24 12:09:15,547 [WARN] PackLoader:238 - Cannot read IP mode file for STMicroelectronics.X-CUBE-WB05N.1.1.0
2024-10-24 12:09:15,594 [WARN] PackLoader:238 - Cannot read IP mode file for STMicroelectronics.X-CUBE-AZRTOS-F7.1.1.0
2024-10-24 12:09:15,612 [ERROR] Engine:463 - C:\Users\ADMIN\.stm32cubemx\thirdparties\pdsc\STMicroelectronics.FP-SNS-FLIGHT1.5.0.2.pdsc: PDSC version is not supported
2024-10-24 12:09:15,612 [ERROR] Engine:463 - C:\Users\ADMIN\.stm32cubemx\thirdparties\pdsc\STMicroelectronics.X-CUBE-DISPLAY.3.0.0.pdsc: PDSC version is not supported
2024-10-24 12:09:15,625 [WARN] PackLoader:238 - Cannot read IP mode file for STMicroelectronics.X-CUBE-BLE1.7.0.0
2024-10-24 12:09:15,641 [WARN] PackLoader:238 - Cannot read IP mode file for STMicroelectronics.X-CUBE-NFC10.1.0.0
2024-10-24 12:09:15,657 [ERROR] Engine:463 - C:\Users\ADMIN\.stm32cubemx\thirdparties\pdsc\emotas.I-CUBE-CANOPEN.1.3.0.pdsc: PDSC version is not supported
2024-10-24 12:09:15,657 [ERROR] Engine:463 - C:\Users\ADMIN\.stm32cubemx\thirdparties\pdsc\STMicroelectronics.X-CUBE-BLEMGR.3.1.0.pdsc: PDSC version is not supported
2024-10-24 12:09:15,672 [ERROR] Engine:463 - C:\Users\ADMIN\.stm32cubemx\thirdparties\pdsc\STMicroelectronics.FP-SNS-SMARTAG2.1.2.0.pdsc: PDSC version is not supported
2024-10-24 12:09:15,688 [INFO] LogOutputStream:76 - [STDOUT_REDIRECT] 1 : Invalid condition id : UX_CORESTACK_Condition cause : null
2024-10-24 12:09:15,688 [INFO] LogOutputStream:76 - [STDOUT_REDIRECT] 1 : Invalid condition id : UX_CORESTACK_Condition cause : null
2024-10-24 12:09:15,688 [INFO] LogOutputStream:76 - [STDOUT_REDIRECT] 1 : Invalid condition id : UX_CORESTACK_Condition cause : null
2024-10-24 12:09:15,688 [INFO] LogOutputStream:76 - [STDOUT_REDIRECT] 1 : Invalid condition id : UX_CORESTACK_Condition cause : null
2024-10-24 12:09:15,688 [INFO] LogOutputStream:76 - [STDOUT_REDIRECT] 1 : Invalid condition id : UX_CORESTACK_Condition cause : null
2024-10-24 12:09:15,688 [WARN] PackLoader:238 - Cannot read IP mode file for STMicroelectronics.X-CUBE-AZRTOS-WL.2.0.0
2024-10-24 12:09:15,703 [ERROR] Engine:463 - C:\Users\ADMIN\.stm32cubemx\thirdparties\pdsc\STMicroelectronics.FP-SNS-MOTENV1.5.0.0.pdsc: PDSC version is not supported
2024-10-24 12:09:15,719 [WARN] PackLoader:238 - Cannot read IP mode file for wolfSSL.I-CUBE-wolfMQTT.1.19.0
2024-10-24 12:09:15,719 [WARN] PackLoader:238 - Cannot read IP mode file for WES.I-CUBE-Cesium.1.3.0
2024-10-24 12:09:15,735 [WARN] PackLoader:238 - Cannot read IP mode file for STMicroelectronics.X-CUBE-BLE2.3.3.0
2024-10-24 12:09:15,750 [WARN] PackLoader:238 - Cannot read IP mode file for STMicroelectronics.X-CUBE-NFC9.1.0.0
2024-10-24 12:09:15,766 [ERROR] Engine:463 - C:\Users\ADMIN\.stm32cubemx\thirdparties\pdsc\STMicroelectronics.X-CUBE-TCPP.4.1.0.pdsc: PDSC version is not supported
2024-10-24 12:09:15,797 [WARN] PackLoader:238 - Cannot read IP mode file for STMicroelectronics.X-CUBE-AZRTOS-G0.1.1.0
2024-10-24 12:09:15,813 [WARN] PackLoader:238 - Cannot read IP mode file for STMicroelectronics.X-CUBE-SAFEA1.1.2.2
2024-10-24 12:09:15,828 [WARN] PackLoader:238 - Cannot read IP mode file for STMicroelectronics.X-CUBE-NFC4.3.0.0
2024-10-24 12:09:15,828 [ERROR] Engine:463 - C:\Users\ADMIN\.stm32cubemx\thirdparties\pdsc\EmbeddedOffice.I-CUBE-FS-RTOS.1.0.1.pdsc: PDSC version is not supported
2024-10-24 12:09:15,844 [ERROR] Engine:463 - C:\Users\ADMIN\.stm32cubemx\thirdparties\pdsc\RealThread.X-CUBE-RT-Thread_Nano.4.1.1.pdsc: PDSC version is not supported
2024-10-24 12:09:15,844 [WARN] PackLoader:238 - Cannot read IP mode file for STMicroelectronics.FP-ATR-SIGFOX1.3.2.0
2024-10-24 12:09:15,860 [WARN] PackLoader:238 - Cannot read IP mode file for STMicroelectronics.X-CUBE-EEPRMA1.5.1.0
2024-10-24 12:09:15,875 [ERROR] Engine:463 - C:\Users\ADMIN\.stm32cubemx\thirdparties\pdsc\ITTIA_DB.I-CUBE-ITTIADB.8.9.0.pdsc: PDSC version is not supported
2024-10-24 12:09:15,922 [WARN] PackLoader:238 - Cannot read IP mode file for SEGGER.I-CUBE-embOS.1.3.1
2024-10-24 12:09:15,969 [WARN] PackLoader:238 - Cannot read IP mode file for STMicroelectronics.X-CUBE-ALGOBUILD.1.4.0
2024-10-24 12:09:15,985 [WARN] PackLoader:238 - Cannot read IP mode file for STMicroelectronics.X-CUBE-AI.9.1.0
2024-10-24 12:09:16,000 [WARN] PackLoader:238 - Cannot read IP mode file for STMicroelectronics.X-CUBE-AZRTOS-F4.1.1.0
2024-10-24 12:09:16,016 [ERROR] Engine:463 - C:\Users\ADMIN\.stm32cubemx\thirdparties\pdsc\STMicroelectronics.X-CUBE-FREERTOS.1.2.0.pdsc: PDSC version is not supported
2024-10-24 12:09:16,047 [WARN] PackLoader:238 - Cannot read IP mode file for STMicroelectronics.X-CUBE-AZRTOS-L5.2.0.0
2024-10-24 12:09:16,063 [WARN] PackLoader:238 - Cannot read IP mode file for STMicroelectronics.X-CUBE-NFC6.3.1.0
2024-10-24 12:09:16,063 [WARN] PackLoader:238 - Cannot read IP mode file for STMicroelectronics.X-CUBE-AI.9.0.0
2024-10-24 12:09:16,078 [WARN] PackLoader:238 - Cannot read IP mode file for STMicroelectronics.X-CUBE-NFC7.1.0.1
2024-10-24 12:09:16,110 [WARN] ConditionMgr:437 - getConditionDescription Invalid condition id : LAN8742 Phy interface Condition cause : null
2024-10-24 12:09:16,110 [WARN] PackLoader:238 - Cannot read IP mode file for STMicroelectronics.X-CUBE-AZRTOS-L4.2.0.0
2024-10-24 12:09:16,110 [WARN] ConditionMgr:1038 - genDependencies : Invalid condition id : LAN8742 Phy interface Condition cause : null
2024-10-24 12:09:16,110 [WARN] ConditionMgr:1038 - genDependencies : Invalid condition id : LAN8742 Phy interface Condition cause : null
2024-10-24 12:09:16,110 [WARN] ConditionMgr:1038 - genDependencies : Invalid condition id : LAN8742 Phy interface Condition cause : null
2024-10-24 12:09:16,125 [WARN] PackLoader:238 - Cannot read IP mode file for STMicroelectronics.X-CUBE-SFXS2LP1.4.0.0
2024-10-24 12:09:16,125 [ERROR] Engine:463 - C:\Users\ADMIN\.stm32cubemx\thirdparties\pdsc\STMicroelectronics.X-CUBE-IPS.3.0.0.pdsc: PDSC version is not supported
2024-10-24 12:09:16,141 [WARN] ConditionMgr:437 - getConditionDescription Invalid condition id : UX DEVICE CLASS RTOS Condition cause : null
2024-10-24 12:09:16,141 [WARN] ConditionMgr:437 - getConditionDescription Invalid condition id : UX DEVICE CLASS RTOS Condition cause : null
2024-10-24 12:09:16,141 [WARN] PackLoader:238 - Cannot read IP mode file for STMicroelectronics.X-CUBE-AZRTOS-WB.2.0.0
2024-10-24 12:09:16,141 [WARN] ConditionMgr:1038 - genDependencies : Invalid condition id : UX DEVICE CLASS RTOS Condition cause : null
2024-10-24 12:09:16,141 [WARN] ConditionMgr:1038 - genDependencies : Invalid condition id : UX DEVICE CLASS RTOS Condition cause : null
2024-10-24 12:09:16,157 [WARN] ConditionMgr:1038 - genDependencies : Invalid condition id : UX DEVICE CLASS RTOS Condition cause : null
2024-10-24 12:09:16,157 [WARN] ConditionMgr:1038 - genDependencies : Invalid condition id : UX DEVICE CLASS RTOS Condition cause : null
2024-10-24 12:09:16,157 [WARN] ConditionMgr:1038 - genDependencies : Invalid condition id : UX DEVICE CLASS RTOS Condition cause : null
2024-10-24 12:09:16,172 [WARN] PackLoader:238 - Cannot read IP mode file for STMicroelectronics.X-CUBE-SUBG2.5.0.0
2024-10-24 12:09:16,188 [ERROR] Engine:463 - C:\Users\ADMIN\.stm32cubemx\thirdparties\pdsc\Cesanta.I-CUBE-Mongoose.7.13.0.pdsc: PDSC version is not supported
2024-10-24 12:09:16,203 [WARN] PackLoader:238 - Cannot read IP mode file for STMicroelectronics.X-CUBE-AZRTOS-G4.2.0.0
2024-10-24 12:09:16,219 [ERROR] Engine:463 - C:\Users\ADMIN\.stm32cubemx\thirdparties\pdsc\STMicroelectronics.X-CUBE-ALS.1.0.2.pdsc: PDSC version is not supported
2024-10-24 12:09:16,219 [WARN] PackLoader:238 - Cannot read IP mode file for portGmbH.I-Cube-SoM-uGOAL.1.1.0
2024-10-24 12:09:16,250 [WARN] PackLoader:238 - Cannot read IP mode file for STMicroelectronics.X-CUBE-AZRTOS-H7RS.1.0.0
2024-10-24 12:09:16,266 [WARN] PackLoader:238 - Cannot read IP mode file for STMicroelectronics.FP-ATR-ASTRA1.2.0.0
2024-10-24 12:09:16,282 [ERROR] Engine:463 - C:\Users\ADMIN\.stm32cubemx\thirdparties\pdsc\Infineon.AIROC-Wi-Fi-Bluetooth-STM32.1.6.1.pdsc: PDSC version is not supported
2024-10-24 12:09:16,282 [INFO] ThirdParty:915 - Integrity check success = true
2024-10-24 12:09:16,282 [INFO] IntegrityCheckThread:94 - exiting critical section [integrity check]
2024-10-24 12:09:16,282 [INFO] IntegrityCheckThread:97 - End integrity checks thread
2024-10-24 12:09:16,954 [INFO] Context:592 - Trying to add GPIOservice into a context  which must be forbidden
2024-10-24 12:09:17,141 [WARN] ApiManager:304 - Cannot register API 'Board Extension:NFC09A1' from pack STMicroelectronics.X-CUBE-NFC9.1.0.0: no header file found
2024-10-24 12:09:17,141 [WARN] ApiManager:304 - Cannot register API 'Wireless:BlueNRG-MS' from pack STMicroelectronics.X-CUBE-BLE1.7.0.0: no header file found
2024-10-24 12:09:17,157 [WARN] ApiManager:304 - Cannot register API 'Board Extension:NFC10A1' from pack STMicroelectronics.X-CUBE-NFC10.1.0.0: no header file found
2024-10-24 12:09:17,157 [WARN] ApiManager:304 - Cannot register API 'Wireless:STM32WB05N' from pack STMicroelectronics.X-CUBE-WB05N.1.1.0: no header file found
2024-10-24 12:09:17,157 [WARN] ApiManager:304 - Cannot register API 'Board Extension:EEPRMA2' from pack STMicroelectronics.X-CUBE-EEPRMA1.5.1.0: no header file found
2024-10-24 12:09:17,157 [WARN] ApiManager:304 - Cannot register API 'Board Extension:PGEEZ1' from pack STMicroelectronics.X-CUBE-EEPRMA1.5.1.0: no header file found
2024-10-24 12:09:17,157 [WARN] ApiManager:304 - Cannot register API 'Board Extension:EEICA1' from pack STMicroelectronics.X-CUBE-EEPRMA1.5.1.0: no header file found
2024-10-24 12:09:17,157 [WARN] ApiManager:304 - Cannot register API 'Board Part:M24' from pack STMicroelectronics.X-CUBE-EEPRMA1.5.1.0: no header file found
2024-10-24 12:09:17,157 [WARN] ApiManager:304 - Cannot register API 'Board Part:M95' from pack STMicroelectronics.X-CUBE-EEPRMA1.5.1.0: no header file found
2024-10-24 12:09:17,157 [WARN] ApiManager:304 - Cannot register API 'Board Part:M95P32' from pack STMicroelectronics.X-CUBE-EEPRMA1.5.1.0: no header file found
2024-10-24 12:09:17,157 [WARN] ApiManager:304 - Cannot register API 'Board Part:M24256E-F' from pack STMicroelectronics.X-CUBE-EEPRMA1.5.1.0: no header file found
2024-10-24 12:09:17,157 [WARN] ApiManager:304 - Cannot register API 'Board Part:M24M01E-F' from pack STMicroelectronics.X-CUBE-EEPRMA1.5.1.0: no header file found
2024-10-24 12:09:17,157 [WARN] ApiManager:304 - Cannot register API 'PGEEZ1:SPI' from pack STMicroelectronics.X-CUBE-EEPRMA1.5.1.0: no header file found
2024-10-24 12:09:17,157 [WARN] ApiManager:304 - Cannot register API 'PGEEZ1:QDSPI' from pack STMicroelectronics.X-CUBE-EEPRMA1.5.1.0: no header file found
2024-10-24 12:09:17,157 [WARN] ModelIntegratedComponent:60 - No mode defined for component null
2024-10-24 12:09:17,157 [WARN] ModelIntegratedComponent:60 - No mode defined for component null
2024-10-24 12:09:17,157 [WARN] ModelIntegratedComponent:60 - No mode defined for component null
2024-10-24 12:09:17,157 [WARN] ModelIntegratedComponent:60 - No mode defined for component null
2024-10-24 12:09:17,157 [WARN] ModelIntegratedComponent:60 - No mode defined for component null
2024-10-24 12:09:17,157 [WARN] ModelIntegratedComponent:60 - No mode defined for component null
2024-10-24 12:09:17,157 [WARN] ModelIntegratedComponent:60 - No mode defined for component null
2024-10-24 12:09:17,157 [WARN] ModelIntegratedComponent:60 - No mode defined for component null
2024-10-24 12:09:17,157 [WARN] ModelIntegratedComponent:60 - No mode defined for component null
2024-10-24 12:09:17,157 [WARN] ModelIntegratedComponent:60 - No mode defined for component null
2024-10-24 12:09:17,157 [WARN] ModelIntegratedComponent:60 - No mode defined for component null
2024-10-24 12:09:17,157 [WARN] ModelIntegratedComponent:60 - No mode defined for component null
2024-10-24 12:09:17,157 [WARN] ModelIntegratedComponent:60 - No mode defined for component null
2024-10-24 12:09:17,157 [WARN] ModelIntegratedComponent:60 - No mode defined for component null
2024-10-24 12:09:17,157 [WARN] ModelIntegratedComponent:60 - No mode defined for component null
2024-10-24 12:09:17,157 [WARN] ModelIntegratedComponent:60 - No mode defined for component null
2024-10-24 12:09:17,157 [WARN] ModelIntegratedComponent:60 - No mode defined for component null
2024-10-24 12:09:17,157 [WARN] ModelIntegratedComponent:60 - No mode defined for component null
2024-10-24 12:09:17,157 [WARN] ModelIntegratedComponent:60 - No mode defined for component null
2024-10-24 12:09:17,157 [WARN] ModelIntegratedComponent:60 - No mode defined for component null
2024-10-24 12:09:17,157 [WARN] ModelIntegratedComponent:60 - No mode defined for component null
2024-10-24 12:09:17,157 [WARN] ModelIntegratedComponent:60 - No mode defined for component null
2024-10-24 12:09:17,157 [WARN] ModelIntegratedComponent:60 - No mode defined for component null
2024-10-24 12:09:17,157 [WARN] ModelIntegratedComponent:60 - No mode defined for component null
2024-10-24 12:09:17,157 [WARN] ModelIntegratedComponent:60 - No mode defined for component null
2024-10-24 12:09:17,157 [WARN] ModelIntegratedComponent:60 - No mode defined for component null
2024-10-24 12:09:17,157 [WARN] ModelIntegratedComponent:60 - No mode defined for component null
2024-10-24 12:09:17,157 [WARN] ModelIntegratedComponent:60 - No mode defined for component null
2024-10-24 12:09:17,157 [WARN] ModelIntegratedComponent:60 - No mode defined for component null
2024-10-24 12:09:17,157 [WARN] ModelIntegratedComponent:60 - No mode defined for component null
2024-10-24 12:09:17,157 [WARN] ModelIntegratedComponent:60 - No mode defined for component null
2024-10-24 12:09:17,157 [WARN] ApiManager:304 - Cannot register API 'Board Extension:NFC07A1' from pack STMicroelectronics.X-CUBE-NFC7.1.0.1: no header file found
2024-10-24 12:09:17,157 [WARN] ApiManager:304 - Cannot register API 'Board Extension:NFC06A1' from pack STMicroelectronics.X-CUBE-NFC6.3.1.0: no header file found
2024-10-24 12:09:17,157 [WARN] ApiManager:304 - Cannot register API 'Board Extension:NFC08A1' from pack STMicroelectronics.X-CUBE-NFC6.3.1.0: no header file found
2024-10-24 12:09:17,157 [INFO] RtosManager:484 - Registered RTOS mode: class=CMSIS, group=RTOS, mode=CMSIS_V1, owner=FREERTOS
2024-10-24 12:09:17,157 [INFO] RtosManager:484 - Registered RTOS mode: class=CMSIS, group=RTOS2, mode=CMSIS_V2, owner=FREERTOS
2024-10-24 12:09:17,157 [INFO] RtosManager:484 - Registered RTOS mode: class=RTOS, group=Core, mode=CMSIS_V1, owner=FREERTOS
2024-10-24 12:09:17,157 [INFO] RtosManager:484 - Registered RTOS mode: class=RTOS, group=Core, mode=CMSIS_V2, owner=FREERTOS
2024-10-24 12:09:17,157 [WARN] ModelIntegratedComponent:181 - Missing modes for component STMicroelectronics:FreeRTOS:0.0.1:STMicroelectronics:RTOS:FreeRTOS:Core:::10.2.0:
2024-10-24 12:09:17,172 [WARN] ApiManager:304 - Cannot register API 'Board Extension:STSAFEA1' from pack STMicroelectronics.X-CUBE-SAFEA1.1.2.2: no header file found
2024-10-24 12:09:17,172 [WARN] ApiManager:304 - Cannot register API 'Board Part:STSAFEA110' from pack STMicroelectronics.X-CUBE-SAFEA1.1.2.2: no header file found
2024-10-24 12:09:17,172 [WARN] ApiManager:304 - Cannot register API 'Security:ST_Cryptolib' from pack STMicroelectronics.X-CUBE-SAFEA1.1.2.2: no header file found
2024-10-24 12:09:17,172 [WARN] ApiManager:304 - Cannot register API 'Security:MbedTLS' from pack STMicroelectronics.X-CUBE-SAFEA1.1.2.2: no header file found
2024-10-24 12:09:17,172 [WARN] ApiManager:304 - Cannot register API 'Board Extension:NFC04A1' from pack STMicroelectronics.X-CUBE-NFC4.3.0.0: no header file found
2024-10-24 12:09:17,172 [WARN] ApiManager:304 - Cannot register API 'Board Extension:S2868A1' from pack STMicroelectronics.X-CUBE-SUBG2.5.0.0: no header file found
2024-10-24 12:09:17,172 [WARN] ApiManager:304 - Cannot register API 'Board Extension:S2868A2' from pack STMicroelectronics.X-CUBE-SUBG2.5.0.0: no header file found
2024-10-24 12:09:17,172 [WARN] ApiManager:304 - Cannot register API 'Board Extension:S2915A1' from pack STMicroelectronics.X-CUBE-SUBG2.5.0.0: no header file found
2024-10-24 12:09:17,172 [WARN] ApiManager:304 - Cannot register API 'Board Extension:S2868A1' from pack STMicroelectronics.X-CUBE-SFXS2LP1.4.0.0: no header file found
2024-10-24 12:09:17,172 [WARN] ApiManager:304 - Cannot register API 'Board Extension:S2868A2' from pack STMicroelectronics.X-CUBE-SFXS2LP1.4.0.0: no header file found
2024-10-24 12:09:17,172 [WARN] ApiManager:304 - Cannot register API 'Board Extension:S2915A1' from pack STMicroelectronics.X-CUBE-SFXS2LP1.4.0.0: no header file found
2024-10-24 12:09:17,172 [WARN] ApiManager:304 - Cannot register API 'Wireless:BlueNRG-2' from pack STMicroelectronics.X-CUBE-BLE2.3.3.0: no header file found
2024-10-24 12:09:17,579 [INFO] UtilMem:74 - End LoadConfig() Used Memory: 644879024 Bytes (686817280)
2024-10-24 12:09:17,579 [INFO] DbMcusXml:100 - Load MCU database from C:\ST\STM32CubeIDE_1.7.0\STM32CubeIDE\plugins\com.st.stm32cube.common.mx_6.3.0.202107141111\\db\/mcu/families.xml
2024-10-24 12:09:18,173 [INFO] DbMcusJson:93 - JSON generation date=Tue Nov 16 23:17:54 ICT 2021 (1637079474)
2024-10-24 12:09:18,673 [INFO] DbMcus:175 - Found 1951 MCUs (1903 are supported by CubeMX, 1914 are visible in CubeMX)
2024-10-24 12:09:18,673 [INFO] ApiDb:251 - Load user favorites file C:\Users\ADMIN/.stm32cubeide/favorites.mcus.txt: 0 item(s)
2024-10-24 12:09:18,673 [INFO] ApiDb:255 - User favorites MCUs=[]
2024-10-24 12:09:18,673 [INFO] DbMcus:187 - Set 0 / 0 favorites MCUs
2024-10-24 12:09:18,688 [WARN] ThirdParty:779 - waiting for thirdparty lock release [change project]
2024-10-24 12:09:18,688 [INFO] ThirdParty:781 - entering critical section [change project]
2024-10-24 12:09:18,688 [INFO] ThirdParty:967 - CMSIS Pack Vendor :STMicroelectronics X-CUBE-NFC9 1.0.0
2024-10-24 12:09:18,688 [INFO] ThirdParty:967 - CMSIS Pack Vendor :STMicroelectronics USB_HOST 2.0.0
2024-10-24 12:09:18,688 [INFO] ThirdParty:967 - CMSIS Pack Vendor :STMicroelectronics X-CUBE-AZRTOS-F4 1.1.0
2024-10-24 12:09:18,688 [INFO] ThirdParty:967 - CMSIS Pack Vendor :STMicroelectronics X-CUBE-BLE1 7.0.0
2024-10-24 12:09:18,688 [INFO] ThirdParty:967 - CMSIS Pack Vendor :STMicroelectronics FP-ATR-SIGFOX1 3.2.0
2024-10-24 12:09:18,688 [INFO] ThirdParty:967 - CMSIS Pack Vendor :STMicroelectronics X-CUBE-NFC10 1.0.0
2024-10-24 12:09:18,688 [INFO] ThirdParty:967 - CMSIS Pack Vendor :STMicroelectronics X-CUBE-WB05N 1.1.0
2024-10-24 12:09:18,688 [INFO] ThirdParty:967 - CMSIS Pack Vendor :STMicroelectronics USB_DEVICE 3.0.0
2024-10-24 12:09:18,688 [INFO] ThirdParty:967 - CMSIS Pack Vendor :STMicroelectronics X-CUBE-EEPRMA1 5.1.0
2024-10-24 12:09:18,688 [INFO] ThirdParty:967 - CMSIS Pack Vendor :STMicroelectronics HAL Drivers 0.0.0
2024-10-24 12:09:18,688 [INFO] ThirdParty:967 - CMSIS Pack Vendor :STMicroelectronics MBEDTLS 2.16.2
2024-10-24 12:09:18,688 [INFO] ThirdParty:967 - CMSIS Pack Vendor :STMicroelectronics X-CUBE-AZRTOS-WB 2.0.0
2024-10-24 12:09:18,688 [INFO] ThirdParty:967 - CMSIS Pack Vendor :STMicroelectronics X-CUBE-NFC7 1.0.1
2024-10-24 12:09:18,688 [INFO] ThirdParty:967 - CMSIS Pack Vendor :STMicroelectronics MBEDTLS 2.14.1
2024-10-24 12:09:18,688 [INFO] ThirdParty:967 - CMSIS Pack Vendor :STMicroelectronics X-CUBE-AZRTOS-F7 1.1.0
2024-10-24 12:09:18,688 [INFO] ThirdParty:967 - CMSIS Pack Vendor :STMicroelectronics X-CUBE-AZRTOS-L5 2.0.0
2024-10-24 12:09:18,688 [INFO] ThirdParty:967 - CMSIS Pack Vendor :portGmbH I-Cube-SoM-uGOAL 1.1.0
2024-10-24 12:09:18,688 [INFO] ThirdParty:967 - CMSIS Pack Vendor :STMicroelectronics USB_DEVICE 2.0.0
2024-10-24 12:09:18,688 [INFO] ThirdParty:967 - CMSIS Pack Vendor :STMicroelectronics X-CUBE-NFC6 3.1.0
2024-10-24 12:09:18,688 [INFO] ThirdParty:967 - CMSIS Pack Vendor :STMicroelectronics X-CUBE-AZRTOS-WL 2.0.0
2024-10-24 12:09:18,688 [INFO] ThirdParty:967 - CMSIS Pack Vendor :SEGGER I-CUBE-embOS 1.3.1
2024-10-24 12:09:18,688 [INFO] ThirdParty:967 - CMSIS Pack Vendor :STMicroelectronics X-CUBE-ALGOBUILD 1.4.0
2024-10-24 12:09:18,688 [INFO] ThirdParty:967 - CMSIS Pack Vendor :STMicroelectronics FreeRTOS 0.0.1
2024-10-24 12:09:18,688 [INFO] ThirdParty:967 - CMSIS Pack Vendor :STMicroelectronics X-CUBE-AZRTOS-G0 1.1.0
2024-10-24 12:09:18,688 [INFO] ThirdParty:967 - CMSIS Pack Vendor :STMicroelectronics USB_DEVICE 1.0.0
2024-10-24 12:09:18,688 [INFO] ThirdParty:967 - CMSIS Pack Vendor :STMicroelectronics X-CUBE-SAFEA1 1.2.2
2024-10-24 12:09:18,688 [INFO] ThirdParty:967 - CMSIS Pack Vendor :STMicroelectronics X-CUBE-NFC4 3.0.0
2024-10-24 12:09:18,688 [INFO] ThirdParty:967 - CMSIS Pack Vendor :STMicroelectronics X-CUBE-SUBG2 5.0.0
2024-10-24 12:09:18,688 [INFO] ThirdParty:967 - CMSIS Pack Vendor :STMicroelectronics X-CUBE-AZRTOS-H7RS 1.0.0
2024-10-24 12:09:18,688 [INFO] ThirdParty:967 - CMSIS Pack Vendor :wolfSSL I-CUBE-wolfMQTT 1.19.0
2024-10-24 12:09:18,688 [INFO] ThirdParty:967 - CMSIS Pack Vendor :STMicroelectronics X-CUBE-AZRTOS-L4 2.0.0
2024-10-24 12:09:18,688 [INFO] ThirdParty:967 - CMSIS Pack Vendor :STMicroelectronics ThreadX 0.0.2
2024-10-24 12:09:18,688 [INFO] ThirdParty:967 - CMSIS Pack Vendor :WES I-CUBE-Cesium 1.3.0
2024-10-24 12:09:18,688 [INFO] ThirdParty:967 - CMSIS Pack Vendor :STMicroelectronics FP-ATR-ASTRA1 2.0.0
2024-10-24 12:09:18,688 [INFO] ThirdParty:967 - CMSIS Pack Vendor :STMicroelectronics lwIP 2.0.3
2024-10-24 12:09:18,688 [INFO] ThirdParty:967 - CMSIS Pack Vendor :STMicroelectronics lwIP 2.1.2
2024-10-24 12:09:18,688 [INFO] ThirdParty:967 - CMSIS Pack Vendor :STMicroelectronics X-CUBE-SFXS2LP1 4.0.0
2024-10-24 12:09:18,688 [INFO] ThirdParty:967 - CMSIS Pack Vendor :STMicroelectronics X-CUBE-BLE2 3.3.0
2024-10-24 12:09:18,688 [INFO] ThirdParty:967 - CMSIS Pack Vendor :STMicroelectronics USB_HOST 1.0.0
2024-10-24 12:09:18,688 [INFO] ThirdParty:967 - CMSIS Pack Vendor :STMicroelectronics X-CUBE-AI 9.1.0
2024-10-24 12:09:18,688 [INFO] ThirdParty:967 - CMSIS Pack Vendor :STMicroelectronics X-CUBE-AI 9.0.0
2024-10-24 12:09:18,688 [INFO] ThirdParty:967 - CMSIS Pack Vendor :STMicroelectronics X-CUBE-AZRTOS-G4 2.0.0
2024-10-24 12:09:18,688 [INFO] ThirdParty:967 - CMSIS Pack Vendor :STMicroelectronics PDM2PCM 3.1.0
2024-10-24 12:09:18,688 [INFO] ThirdParty:967 - CMSIS Pack Vendor :STMicroelectronics PDM2PCM 3.2.0
2024-10-24 12:09:18,688 [INFO] ThirdParty:967 - CMSIS Pack Vendor :STMicroelectronics PDM2PCM 3.3.0
2024-10-24 12:09:18,688 [INFO] ThirdParty:787 - exiting critical section [change project]
2024-10-24 12:09:18,892 [INFO] PinOutPanel:1463 - setPackage(No Configuration,No Configuration)
2024-10-24 12:09:18,892 [INFO] PinOutPanel:1463 - setPackage(STM32F103C6Ux,UFQFPN48)
2024-10-24 12:09:19,157 [INFO] UtilMem:74 - Before build in PCC Used Memory: 769697712 Bytes (942669824)
2024-10-24 12:09:19,658 [INFO] UtilMem:74 - After build in PCC Used Memory: 672909208 Bytes (942669824)
2024-10-24 12:09:19,673 [INFO] IPUIPlugin:74 - create IPUIPlugin
2024-10-24 12:09:19,673 [INFO] IPUIPlugin:74 - create IPUIPlugin
2024-10-24 12:09:19,673 [INFO] IPUIPlugin:74 - create IPUIPlugin
2024-10-24 12:09:19,673 [INFO] IPUIPlugin:74 - create IPUIPlugin
2024-10-24 12:09:19,673 [INFO] IPUIPlugin:74 - create IPUIPlugin
2024-10-24 12:09:19,673 [INFO] IPUIPlugin:74 - create IPUIPlugin
2024-10-24 12:09:19,673 [INFO] IPUIPlugin:74 - create IPUIPlugin
2024-10-24 12:09:19,673 [INFO] IPUIPlugin:74 - create IPUIPlugin
2024-10-24 12:09:19,673 [INFO] IPUIPlugin:74 - create IPUIPlugin
2024-10-24 12:09:19,673 [INFO] IPUIPlugin:74 - create IPUIPlugin
2024-10-24 12:09:19,673 [INFO] IPUIPlugin:74 - create IPUIPlugin
2024-10-24 12:09:19,673 [INFO] IPUIPlugin:74 - create IPUIPlugin
2024-10-24 12:09:19,673 [INFO] IPUIPlugin:74 - create IPUIPlugin
2024-10-24 12:09:19,673 [INFO] IPUIPlugin:74 - create IPUIPlugin
2024-10-24 12:09:19,673 [INFO] IPUIPlugin:74 - create IPUIPlugin
2024-10-24 12:09:19,673 [INFO] IPUIPlugin:74 - create IPUIPlugin
2024-10-24 12:09:19,673 [INFO] IPUIPlugin:74 - create IPUIPlugin
2024-10-24 12:09:19,673 [INFO] IPUIPlugin:74 - create IPUIPlugin
2024-10-24 12:09:19,673 [INFO] IPUIPlugin:74 - create IPUIPlugin
2024-10-24 12:09:19,673 [INFO] IPUIPlugin:74 - create IPUIPlugin
2024-10-24 12:09:19,673 [INFO] IPUIPlugin:74 - create IPUIPlugin
2024-10-24 12:09:19,673 [INFO] IPUIPlugin:74 - create IPUIPlugin
2024-10-24 12:09:19,673 [INFO] IPUIPlugin:74 - create IPUIPlugin
2024-10-24 12:09:19,752 [INFO] OpenFileManager:333 - Restore cursor
2024-10-24 12:09:58,823 [INFO] UtilMem:74 - End SaveConfig() Used Memory: 939473568 Bytes (1008730112)
2024-10-24 12:10:01,371 [INFO] UtilMem:74 - End SaveConfig() Used Memory: 928630344 Bytes (1008730112)
2024-10-24 12:10:01,693 [INFO] BlockDiagram:2740 - set Specific Code input for plugin: NVIC
2024-10-24 12:10:01,693 [INFO] BlockDiagram:2740 - set Specific Code input for plugin: SYS
2024-10-24 12:10:01,694 [INFO] BlockDiagram:2740 - set Specific Code input for plugin: GPIO
2024-10-24 12:10:01,694 [INFO] BlockDiagram:2740 - set Specific Code input for plugin: RCC
2024-10-24 12:10:01,694 [INFO] BlockDiagram:2740 - set Specific Code input for plugin: TIM1_8F1
2024-10-24 12:10:01,694 [INFO] CodeGenerator:663 - code generatio: config db path: C:\ST\STM32CubeIDE_1.7.0\STM32CubeIDE\plugins\com.st.stm32cube.common.mx_6.3.0.202107141111\\db\
2024-10-24 12:10:02,008 [INFO] CodeEngine:239 - oldGeneratedFile, C:\Users\ADMIN\Desktop\GIT_LAB3\SOURCE\LAB\MXTmpFiles\license.tmp_save
2024-10-24 12:10:02,274 [INFO] CodeEngine:257 - Generated code: C:\Users\ADMIN\Desktop\GIT_LAB3\SOURCE\LAB\MXTmpFiles\license.tmp
2024-10-24 12:10:02,399 [INFO] CodeEngine:239 - oldGeneratedFile, C:\Users\ADMIN\Desktop\GIT_LAB3\SOURCE\LAB\MXTmpFiles\gpio.tmp_save
2024-10-24 12:10:02,461 [INFO] CodeEngine:257 - Generated code: C:\Users\ADMIN\Desktop\GIT_LAB3\SOURCE\LAB\MXTmpFiles\gpio.tmp
2024-10-24 12:10:02,649 [INFO] CodeEngine:239 - oldGeneratedFile, C:\Users\ADMIN\Desktop\GIT_LAB3\SOURCE\LAB\Core\Src\stm32f1xx_it.c_save
2024-10-24 12:10:02,822 [INFO] CodeEngine:257 - Generated code: C:\Users\ADMIN\Desktop\GIT_LAB3\SOURCE\LAB\Core\Src\stm32f1xx_it.c
2024-10-24 12:10:02,853 [INFO] CodeEngine:239 - oldGeneratedFile, C:\Users\ADMIN\Desktop\GIT_LAB3\SOURCE\LAB\Core\Inc\stm32f1xx_it.h_save
2024-10-24 12:10:02,964 [INFO] CodeEngine:257 - Generated code: C:\Users\ADMIN\Desktop\GIT_LAB3\SOURCE\LAB\Core\Inc\stm32f1xx_it.h
2024-10-24 12:10:02,995 [INFO] CodeEngine:239 - oldGeneratedFile, C:\Users\ADMIN\Desktop\GIT_LAB3\SOURCE\LAB\Core\Src\stm32f1xx_hal_msp.c_save
2024-10-24 12:10:03,136 [INFO] CodeEngine:257 - Generated code: C:\Users\ADMIN\Desktop\GIT_LAB3\SOURCE\LAB\Core\Src\stm32f1xx_hal_msp.c
2024-10-24 12:10:03,136 [INFO] CodeEngine:239 - oldGeneratedFile, C:\Users\ADMIN\Desktop\GIT_LAB3\SOURCE\LAB\MXTmpFiles\system.tmp_save
2024-10-24 12:10:03,183 [INFO] CodeEngine:257 - Generated code: C:\Users\ADMIN\Desktop\GIT_LAB3\SOURCE\LAB\MXTmpFiles\system.tmp
2024-10-24 12:10:03,214 [INFO] CodeEngine:239 - oldGeneratedFile, C:\Users\ADMIN\Desktop\GIT_LAB3\SOURCE\LAB\Core\Inc\stm32f1xx_hal_conf.h_save
2024-10-24 12:10:03,277 [INFO] CodeEngine:257 - Generated code: C:\Users\ADMIN\Desktop\GIT_LAB3\SOURCE\LAB\Core\Inc\stm32f1xx_hal_conf.h
2024-10-24 12:10:03,292 [WARN] IPConfigManager:3148 - IP not found : TIM
2024-10-24 12:10:03,292 [WARN] CodeGenerator:3268 - IP not found : null
2024-10-24 12:10:03,323 [INFO] CodeEngine:239 - oldGeneratedFile, C:\Users\ADMIN\Desktop\GIT_LAB3\SOURCE\LAB\Core\Inc\main.h_save
2024-10-24 12:10:03,386 [INFO] CodeEngine:257 - Generated code: C:\Users\ADMIN\Desktop\GIT_LAB3\SOURCE\LAB\Core\Inc\main.h
2024-10-24 12:10:03,402 [INFO] CodeEngine:239 - oldGeneratedFile, C:\Users\ADMIN\Desktop\GIT_LAB3\SOURCE\LAB\Core\Src\main.c_save
2024-10-24 12:10:03,511 [INFO] CodeEngine:257 - Generated code: C:\Users\ADMIN\Desktop\GIT_LAB3\SOURCE\LAB\Core\Src\main.c
2024-10-24 12:10:04,169 [INFO] ProjectBuilder:2578 - Time for Copy HAL[1] : 110mS.
2024-10-24 12:10:04,184 [INFO] ProjectBuilder:3622 - Project Generator version: 3.14.1
2024-10-24 12:10:04,873 [INFO] ConfigFileManager:1271 - The Die is : DIE412
2024-10-24 12:10:04,889 [INFO] ApiDbMcu:468 - Load IP Config File for FATFS
2024-10-24 12:10:04,920 [INFO] ApiDbMcu:468 - Load IP Config File for FREERTOS
2024-10-24 12:10:04,935 [INFO] ApiDbMcu:468 - Load IP Config File for USB_DEVICE
2024-10-24 12:10:07,396 [INFO] ProjectBuilder:3789 - Time for Generating toolchain IDE Files: 3212mS.
2024-10-24 12:10:07,396 [INFO] ProjectBuilder:2457 - Time for Copy CMSIS : 0mS.
2024-10-24 12:10:07,396 [INFO] ProjectBuilder:2457 - Time for Copy CMSIS : 0mS.
2024-10-24 14:17:02,954 [INFO] Activator:177 - 


2024-10-24 14:17:02,954 [INFO] Activator:178 - !SESSION log4j initialized
2024-10-24 14:21:11,567 [INFO] RetryExec:97 - I/O exception (org.apache.http.NoHttpResponseException) caught when processing request to {s}->https://sw-center.st.com:443: The target server failed to respond
2024-10-24 14:21:11,567 [INFO] RetryExec:113 - Retrying request to {s}->https://sw-center.st.com:443
2024-10-24 22:47:07,663 [INFO] Activator:177 - 


2024-10-24 22:47:07,666 [INFO] Activator:178 - !SESSION log4j initialized
2024-10-25 10:31:01,007 [INFO] Activator:177 - 


2024-10-25 10:31:01,010 [INFO] Activator:178 - !SESSION log4j initialized
2024-10-25 10:33:12,248 [INFO] RetryExec:97 - I/O exception (org.apache.http.NoHttpResponseException) caught when processing request to {s}->https://sw-center.st.com:443: The target server failed to respond
2024-10-25 10:33:12,258 [INFO] RetryExec:113 - Retrying request to {s}->https://sw-center.st.com:443
2024-10-25 11:32:05,222 [INFO] McuFinderGlobals:39 - Set McuFinder mode to 2 (CubeIDE integrated)
2024-10-25 11:32:05,395 [INFO] ApplicationProperties:181 - Using Application install path: C:\ST\STM32CubeIDE_1.7.0\STM32CubeIDE\plugins\com.st.stm32cube.common.mx_6.3.0.202107141111
2024-10-25 11:32:05,406 [INFO] DbMcusXml:74 - Set database path to: C:\ST\STM32CubeIDE_1.7.0\STM32CubeIDE\plugins\com.st.stm32cube.common.mx_6.3.0.202107141111\\db\/mcu/
2024-10-25 11:32:05,409 [INFO] DbBoardsPdsc:56 - Set plugin database path to: C:\ST\STM32CubeIDE_1.7.0\STM32CubeIDE\plugins\com.st.stm32cube.common.mx_6.3.0.202107141111\\db\/plugins/boardmanager/
2024-10-25 11:32:05,410 [INFO] DbMcus:258 - Set plugin images path to: C:\ST\STM32CubeIDE_1.7.0\STM32CubeIDE\plugins\com.st.stm32cube.common.mx_6.3.0.202107141111\\db\/plugins/mcufinder/images/
2024-10-25 11:32:05,410 [INFO] DbBoards:264 - Set plugin images path to: C:\ST\STM32CubeIDE_1.7.0\STM32CubeIDE\plugins\com.st.stm32cube.common.mx_6.3.0.202107141111\\db\/plugins/mcufinder/images/
2024-10-25 11:32:05,412 [INFO] DbExamples:333 - Set plugin images path to: C:\ST\STM32CubeIDE_1.7.0\STM32CubeIDE\plugins\com.st.stm32cube.common.mx_6.3.0.202107141111\\db\/plugins/mcufinder/images/
2024-10-25 11:32:05,421 [INFO] DbMcusAds:119 - Set database path to: C:\Users\ADMIN\.stmcufinder\plugins\mcufinder//mcu/
2024-10-25 11:32:05,422 [INFO] DbMcusDocs:110 - Set database path to: C:\Users\ADMIN\.stmcufinder\plugins\mcufinder//mcu/
2024-10-25 11:32:05,424 [INFO] DbMcusJson:64 - Set database path to: C:\Users\ADMIN\.stmcufinder\plugins\mcufinder//mcu/
2024-10-25 11:32:05,424 [INFO] DbBoardsDocs:110 - Set database path to: C:\Users\ADMIN\.stmcufinder\plugins\mcufinder//mcu/
2024-10-25 11:32:05,425 [INFO] DbBoardsJson:57 - Set database path to: C:\Users\ADMIN\.stmcufinder\plugins\mcufinder//mcu/
2024-10-25 11:32:05,711 [INFO] CrossReferenceDbSqlite:196 - Set database path to: C:\Users\ADMIN\.stmcufinder\plugins\mcufinder//mcu/cs/
2024-10-25 11:32:05,726 [INFO] DbExamplesSqlite:767 - Set database path to: C:\Users\ADMIN\.stmcufinder\plugins\mcufinder//mcu/
2024-10-25 11:32:05,814 [INFO] RulesReader:57 - Compatibility file has been processed (242 Rules)
2024-10-25 11:32:05,881 [INFO] DbMcusXml:74 - Set database path to: C:\ST\STM32CubeIDE_1.7.0\STM32CubeIDE\plugins\com.st.stm32cube.common.mx_6.3.0.202107141111\\db\/mcu/
2024-10-25 11:32:05,882 [INFO] DbBoardsPdsc:56 - Set plugin database path to: C:\ST\STM32CubeIDE_1.7.0\STM32CubeIDE\plugins\com.st.stm32cube.common.mx_6.3.0.202107141111\\db\/plugins/boardmanager/
2024-10-25 11:32:05,882 [INFO] DbMcus:258 - Set plugin images path to: C:\ST\STM32CubeIDE_1.7.0\STM32CubeIDE\plugins\com.st.stm32cube.common.mx_6.3.0.202107141111\\db\/plugins/mcufinder/images/
2024-10-25 11:32:05,882 [INFO] DbBoards:264 - Set plugin images path to: C:\ST\STM32CubeIDE_1.7.0\STM32CubeIDE\plugins\com.st.stm32cube.common.mx_6.3.0.202107141111\\db\/plugins/mcufinder/images/
2024-10-25 11:32:05,882 [INFO] DbExamples:333 - Set plugin images path to: C:\ST\STM32CubeIDE_1.7.0\STM32CubeIDE\plugins\com.st.stm32cube.common.mx_6.3.0.202107141111\\db\/plugins/mcufinder/images/
2024-10-25 11:32:05,883 [WARN] DbFile:35 - Overriding database path with different value: C:\Users\ADMIN\.stmcufinder\plugins\mcufinder/ => C:\Users\ADMIN\.stmcufinder\plugins\mcufinder
2024-10-25 11:32:05,883 [INFO] DbMcusAds:119 - Set database path to: C:\Users\ADMIN\.stmcufinder\plugins\mcufinder//mcu/
2024-10-25 11:32:05,883 [WARN] DbFile:35 - Overriding database path with different value: C:\Users\ADMIN\.stmcufinder\plugins\mcufinder/ => C:\Users\ADMIN\.stmcufinder\plugins\mcufinder
2024-10-25 11:32:05,883 [INFO] DbMcusDocs:110 - Set database path to: C:\Users\ADMIN\.stmcufinder\plugins\mcufinder//mcu/
2024-10-25 11:32:05,883 [WARN] DbFile:35 - Overriding database path with different value: C:\Users\ADMIN\.stmcufinder\plugins\mcufinder/ => C:\Users\ADMIN\.stmcufinder\plugins\mcufinder
2024-10-25 11:32:05,883 [INFO] DbMcusJson:64 - Set database path to: C:\Users\ADMIN\.stmcufinder\plugins\mcufinder//mcu/
2024-10-25 11:32:05,883 [WARN] DbFile:35 - Overriding database path with different value: C:\Users\ADMIN\.stmcufinder\plugins\mcufinder/ => C:\Users\ADMIN\.stmcufinder\plugins\mcufinder
2024-10-25 11:32:05,883 [INFO] DbBoardsDocs:110 - Set database path to: C:\Users\ADMIN\.stmcufinder\plugins\mcufinder//mcu/
2024-10-25 11:32:05,883 [WARN] DbFile:35 - Overriding database path with different value: C:\Users\ADMIN\.stmcufinder\plugins\mcufinder/ => C:\Users\ADMIN\.stmcufinder\plugins\mcufinder
2024-10-25 11:32:05,883 [INFO] DbBoardsJson:57 - Set database path to: C:\Users\ADMIN\.stmcufinder\plugins\mcufinder//mcu/
2024-10-25 11:32:05,883 [WARN] DbFile:35 - Overriding database path with different value: C:\Users\ADMIN\.stmcufinder\plugins\mcufinder/ => C:\Users\ADMIN\.stmcufinder\plugins\mcufinder
2024-10-25 11:32:05,883 [WARN] DbFile:35 - Overriding database path with different value: C:\Users\ADMIN\.stmcufinder\plugins\mcufinder/ => C:\Users\ADMIN\.stmcufinder\plugins\mcufinder
2024-10-25 11:32:05,884 [INFO] CrossReferenceDbSqlite:196 - Set database path to: C:\Users\ADMIN\.stmcufinder\plugins\mcufinder//mcu/cs/
2024-10-25 11:32:05,884 [WARN] DbFile:35 - Overriding database path with different value: C:\Users\ADMIN\.stmcufinder\plugins\mcufinder/ => C:\Users\ADMIN\.stmcufinder\plugins\mcufinder
2024-10-25 11:32:05,884 [INFO] DbExamplesSqlite:767 - Set database path to: C:\Users\ADMIN\.stmcufinder\plugins\mcufinder//mcu/
2024-10-25 11:32:05,940 [INFO] MainPanel:214 - HeapMemory: 877658112
2024-10-25 11:32:06,018 [INFO] DbMcusXml:74 - Set database path to: C:\ST\STM32CubeIDE_1.7.0\STM32CubeIDE\plugins\com.st.stm32cube.common.mx_6.3.0.202107141111\\db\/mcu/
2024-10-25 11:32:06,018 [INFO] DbBoardsPdsc:56 - Set plugin database path to: C:\ST\STM32CubeIDE_1.7.0\STM32CubeIDE\plugins\com.st.stm32cube.common.mx_6.3.0.202107141111\\db\/plugins/boardmanager/
2024-10-25 11:32:06,018 [INFO] DbMcus:258 - Set plugin images path to: C:\ST\STM32CubeIDE_1.7.0\STM32CubeIDE\plugins\com.st.stm32cube.common.mx_6.3.0.202107141111\\db\/plugins/mcufinder/images/
2024-10-25 11:32:06,018 [INFO] DbBoards:264 - Set plugin images path to: C:\ST\STM32CubeIDE_1.7.0\STM32CubeIDE\plugins\com.st.stm32cube.common.mx_6.3.0.202107141111\\db\/plugins/mcufinder/images/
2024-10-25 11:32:06,018 [INFO] DbExamples:333 - Set plugin images path to: C:\ST\STM32CubeIDE_1.7.0\STM32CubeIDE\plugins\com.st.stm32cube.common.mx_6.3.0.202107141111\\db\/plugins/mcufinder/images/
2024-10-25 11:32:06,019 [WARN] DbFile:35 - Overriding database path with different value: C:\Users\ADMIN\.stmcufinder\plugins\mcufinder/ => C:\Users\ADMIN\.stmcufinder\plugins\mcufinder
2024-10-25 11:32:06,019 [INFO] DbMcusAds:119 - Set database path to: C:\Users\ADMIN\.stmcufinder\plugins\mcufinder//mcu/
2024-10-25 11:32:06,019 [WARN] DbFile:35 - Overriding database path with different value: C:\Users\ADMIN\.stmcufinder\plugins\mcufinder/ => C:\Users\ADMIN\.stmcufinder\plugins\mcufinder
2024-10-25 11:32:06,019 [INFO] DbMcusDocs:110 - Set database path to: C:\Users\ADMIN\.stmcufinder\plugins\mcufinder//mcu/
2024-10-25 11:32:06,019 [WARN] DbFile:35 - Overriding database path with different value: C:\Users\ADMIN\.stmcufinder\plugins\mcufinder/ => C:\Users\ADMIN\.stmcufinder\plugins\mcufinder
2024-10-25 11:32:06,019 [INFO] DbMcusJson:64 - Set database path to: C:\Users\ADMIN\.stmcufinder\plugins\mcufinder//mcu/
2024-10-25 11:32:06,019 [WARN] DbFile:35 - Overriding database path with different value: C:\Users\ADMIN\.stmcufinder\plugins\mcufinder/ => C:\Users\ADMIN\.stmcufinder\plugins\mcufinder
2024-10-25 11:32:06,019 [INFO] DbBoardsDocs:110 - Set database path to: C:\Users\ADMIN\.stmcufinder\plugins\mcufinder//mcu/
2024-10-25 11:32:06,019 [WARN] DbFile:35 - Overriding database path with different value: C:\Users\ADMIN\.stmcufinder\plugins\mcufinder/ => C:\Users\ADMIN\.stmcufinder\plugins\mcufinder
2024-10-25 11:32:06,019 [INFO] DbBoardsJson:57 - Set database path to: C:\Users\ADMIN\.stmcufinder\plugins\mcufinder//mcu/
2024-10-25 11:32:06,019 [WARN] DbFile:35 - Overriding database path with different value: C:\Users\ADMIN\.stmcufinder\plugins\mcufinder/ => C:\Users\ADMIN\.stmcufinder\plugins\mcufinder
2024-10-25 11:32:06,019 [WARN] DbFile:35 - Overriding database path with different value: C:\Users\ADMIN\.stmcufinder\plugins\mcufinder/ => C:\Users\ADMIN\.stmcufinder\plugins\mcufinder
2024-10-25 11:32:06,019 [INFO] CrossReferenceDbSqlite:196 - Set database path to: C:\Users\ADMIN\.stmcufinder\plugins\mcufinder//mcu/cs/
2024-10-25 11:32:06,020 [WARN] DbFile:35 - Overriding database path with different value: C:\Users\ADMIN\.stmcufinder\plugins\mcufinder/ => C:\Users\ADMIN\.stmcufinder\plugins\mcufinder
2024-10-25 11:32:06,020 [INFO] DbExamplesSqlite:767 - Set database path to: C:\Users\ADMIN\.stmcufinder\plugins\mcufinder//mcu/
2024-10-25 11:32:06,031 [INFO] ApplicationProperties:181 - Using Application install path: C:\ST\STM32CubeIDE_1.7.0\STM32CubeIDE\plugins\com.st.stm32cube.common.mx_6.3.0.202107141111
2024-10-25 11:32:06,032 [INFO] PluginManage:188 - Search for loadable plugins [exclusion list=, ]
2024-10-25 11:32:06,033 [INFO] PluginManage:302 - Check plugin analytics
2024-10-25 11:32:11,108 [INFO] AnalyticsPlugin:257 - Accepted Software Licenses: 
2024-10-25 11:32:11,108 [INFO] AnalyticsPlugin:259 - Accepted CMSIS Pack Licenses: 
2024-10-25 11:32:11,109 [INFO] AnalyticsPlugin:261 - Accepted Firmware Licenses: 
2024-10-25 11:32:11,109 [INFO] PluginManage:352 - Loaded plugin analytics (category:tool,tabindex:-1)
2024-10-25 11:32:11,109 [INFO] PluginManage:302 - Check plugin clock
2024-10-25 11:32:11,130 [INFO] PluginManage:352 - Loaded plugin clock (category:base,tabindex:2)
2024-10-25 11:32:11,130 [INFO] PluginManage:302 - Check plugin ddr
2024-10-25 11:32:11,132 [INFO] PluginManage:352 - Loaded plugin ddr (category:tool,tabindex:6)
2024-10-25 11:32:11,132 [INFO] PluginManage:302 - Check plugin filemanager
2024-10-25 11:32:11,235 [INFO] PluginManage:352 - Loaded plugin filemanager (category:base,tabindex:10)
2024-10-25 11:32:11,235 [INFO] PluginManage:302 - Check plugin ipmanager
2024-10-25 11:32:11,242 [INFO] PluginManage:352 - Loaded plugin ipmanager (category:base,tabindex:5)
2024-10-25 11:32:11,242 [INFO] PluginManage:302 - Check plugin pinoutandconfiguration
2024-10-25 11:32:11,257 [INFO] PluginManage:352 - Loaded plugin pinoutandconfiguration (category:base,tabindex:1)
2024-10-25 11:32:11,257 [INFO] PluginManage:302 - Check plugin pinoutconfig
2024-10-25 11:32:11,287 [INFO] PluginManage:352 - Loaded plugin pinoutconfig (category:base,tabindex:0)
2024-10-25 11:32:11,287 [INFO] PluginManage:302 - Check plugin power
2024-10-25 11:32:11,305 [INFO] PluginManage:352 - Loaded plugin power (category:power,tabindex:4)
2024-10-25 11:32:11,305 [INFO] PluginManage:302 - Check plugin projectmanager
2024-10-25 11:32:11,317 [INFO] PluginManage:352 - Loaded plugin projectmanager (category:projectmanager,tabindex:3)
2024-10-25 11:32:11,317 [INFO] PluginManage:302 - Check plugin thirdparty
2024-10-25 11:32:11,495 [WARN] IntegrityCheckThread:78 - waiting for thirdparty lock release [integrity check]
2024-10-25 11:32:11,495 [INFO] PluginManage:352 - Loaded plugin thirdparty (category:base,tabindex:-1)
2024-10-25 11:32:11,497 [INFO] PluginManage:302 - Check plugin tools
2024-10-25 11:32:11,495 [INFO] IntegrityCheckThread:80 - entering critical section [integrity check]
2024-10-25 11:32:11,497 [INFO] ThirdPartyUpdaterWithRetryManager:66 - Updater plugin not ready yet. [1/15]
2024-10-25 11:32:11,544 [INFO] PluginManage:352 - Loaded plugin tools (category:base,tabindex:7)
2024-10-25 11:32:11,544 [INFO] PluginManage:302 - Check plugin tutovideos
2024-10-25 11:32:11,726 [INFO] PluginManage:352 - Loaded plugin tutovideos (category:base,tabindex:-1)
2024-10-25 11:32:11,726 [INFO] PluginManage:302 - Check plugin updater
2024-10-25 11:32:11,739 [INFO] PluginManage:352 - Loaded plugin updater (category:base,tabindex:12)
2024-10-25 11:32:11,740 [INFO] PluginManage:275 - PluginManage : Loaded plugins [13]
2024-10-25 11:32:11,881 [INFO] PinOutPanel:1463 - setPackage(No Configuration,No Configuration)
2024-10-25 11:32:11,953 [INFO] IPUIPlugin:74 - create IPUIPlugin
2024-10-25 11:32:11,953 [INFO] PluginManager:213 - loadIPPluginJar : add adc
2024-10-25 11:32:11,986 [INFO] IPUIPlugin:74 - create IPUIPlugin
2024-10-25 11:32:11,986 [INFO] PluginManager:213 - loadIPPluginJar : add aes
2024-10-25 11:32:12,023 [INFO] IPUIPlugin:74 - create IPUIPlugin
2024-10-25 11:32:12,023 [INFO] PluginManager:213 - loadIPPluginJar : add can
2024-10-25 11:32:12,048 [INFO] IPUIPlugin:74 - create IPUIPlugin
2024-10-25 11:32:12,049 [INFO] PluginManager:213 - loadIPPluginJar : add comp
2024-10-25 11:32:12,097 [INFO] IPUIPlugin:74 - create IPUIPlugin
2024-10-25 11:32:12,098 [INFO] PluginManager:213 - loadIPPluginJar : add cryp
2024-10-25 11:32:12,142 [INFO] IPUIPlugin:74 - create IPUIPlugin
2024-10-25 11:32:12,142 [INFO] PluginManager:213 - loadIPPluginJar : add dfsdm
2024-10-25 11:32:12,156 [INFO] IPUIPlugin:74 - create IPUIPlugin
2024-10-25 11:32:12,156 [INFO] PluginManager:213 - loadIPPluginJar : add dma
2024-10-25 11:32:12,210 [INFO] IPUIPlugin:74 - create IPUIPlugin
2024-10-25 11:32:12,211 [INFO] PluginManager:213 - loadIPPluginJar : add dma3
2024-10-25 11:32:12,241 [INFO] IPUIPlugin:74 - create IPUIPlugin
2024-10-25 11:32:12,241 [INFO] PluginManager:213 - loadIPPluginJar : add fatfs
2024-10-25 11:32:12,303 [INFO] IPUIPlugin:74 - create IPUIPlugin
2024-10-25 11:32:12,303 [INFO] PluginManager:213 - loadIPPluginJar : add fmc
2024-10-25 11:32:12,317 [INFO] IPUIPlugin:74 - create IPUIPlugin
2024-10-25 11:32:12,317 [INFO] PluginManager:213 - loadIPPluginJar : add freertos
2024-10-25 11:32:12,344 [INFO] IPUIPlugin:74 - create IPUIPlugin
2024-10-25 11:32:12,344 [INFO] PluginManager:213 - loadIPPluginJar : add genericplugin
2024-10-25 11:32:12,446 [INFO] IPUIPlugin:74 - create IPUIPlugin
2024-10-25 11:32:12,446 [INFO] PluginManager:213 - loadIPPluginJar : add gfxmmu
2024-10-25 11:32:12,544 [INFO] IPUIPlugin:74 - create IPUIPlugin
2024-10-25 11:32:12,544 [INFO] PluginManager:213 - loadIPPluginJar : add gic
2024-10-25 11:32:12,554 [INFO] IPUIPlugin:74 - create IPUIPlugin
2024-10-25 11:32:12,554 [INFO] PluginManager:213 - loadIPPluginJar : add gpio
2024-10-25 11:32:12,613 [INFO] IPUIPlugin:74 - create IPUIPlugin
2024-10-25 11:32:12,613 [INFO] PluginManager:213 - loadIPPluginJar : add gtzc
2024-10-25 11:32:12,654 [INFO] IPUIPlugin:74 - create IPUIPlugin
2024-10-25 11:32:12,654 [INFO] PluginManager:213 - loadIPPluginJar : add hash
2024-10-25 11:32:12,695 [INFO] IPUIPlugin:74 - create IPUIPlugin
2024-10-25 11:32:12,696 [INFO] PluginManager:213 - loadIPPluginJar : add i2c
2024-10-25 11:32:12,730 [INFO] IPUIPlugin:74 - create IPUIPlugin
2024-10-25 11:32:12,731 [INFO] PluginManager:213 - loadIPPluginJar : add i2s
2024-10-25 11:32:12,739 [INFO] IPUIPlugin:74 - create IPUIPlugin
2024-10-25 11:32:12,739 [INFO] PluginManager:213 - loadIPPluginJar : add ipddr
2024-10-25 11:32:12,811 [INFO] IPUIPlugin:74 - create IPUIPlugin
2024-10-25 11:32:12,811 [INFO] PluginManager:213 - loadIPPluginJar : add linkedlist
2024-10-25 11:32:12,846 [INFO] IPUIPlugin:74 - create IPUIPlugin
2024-10-25 11:32:12,846 [INFO] PluginManager:213 - loadIPPluginJar : add lorawan
2024-10-25 11:32:12,881 [INFO] IPUIPlugin:74 - create IPUIPlugin
2024-10-25 11:32:12,882 [INFO] PluginManager:213 - loadIPPluginJar : add ltdc
2024-10-25 11:32:12,892 [INFO] IPUIPlugin:74 - create IPUIPlugin
2024-10-25 11:32:12,893 [INFO] PluginManager:213 - loadIPPluginJar : add mdma
2024-10-25 11:32:12,904 [INFO] IPUIPlugin:74 - create IPUIPlugin
2024-10-25 11:32:12,904 [INFO] PluginManager:213 - loadIPPluginJar : add nvic
2024-10-25 11:32:12,943 [INFO] IPUIPlugin:74 - create IPUIPlugin
2024-10-25 11:32:12,943 [INFO] PluginManager:213 - loadIPPluginJar : add opamp
2024-10-25 11:32:12,993 [INFO] IPUIPlugin:74 - create IPUIPlugin
2024-10-25 11:32:12,993 [INFO] PluginManager:213 - loadIPPluginJar : add openamp
2024-10-25 11:32:13,040 [INFO] IPUIPlugin:74 - create IPUIPlugin
2024-10-25 11:32:13,040 [INFO] PluginManager:213 - loadIPPluginJar : add pdm2pcm
2024-10-25 11:32:13,052 [INFO] IPUIPlugin:74 - create IPUIPlugin
2024-10-25 11:32:13,055 [INFO] PluginManager:213 - loadIPPluginJar : add plateformsettings
2024-10-25 11:32:13,080 [INFO] IPUIPlugin:74 - create IPUIPlugin
2024-10-25 11:32:13,080 [INFO] PluginManager:213 - loadIPPluginJar : add quadspi
2024-10-25 11:32:13,090 [INFO] IPUIPlugin:74 - create IPUIPlugin
2024-10-25 11:32:13,090 [INFO] PluginManager:213 - loadIPPluginJar : add resmgrutility
2024-10-25 11:32:13,134 [INFO] IPUIPlugin:74 - create IPUIPlugin
2024-10-25 11:32:13,134 [INFO] PluginManager:213 - loadIPPluginJar : add sai
2024-10-25 11:32:13,167 [INFO] IPUIPlugin:74 - create IPUIPlugin
2024-10-25 11:32:13,167 [INFO] PluginManager:213 - loadIPPluginJar : add spi
2024-10-25 11:32:13,213 [INFO] IPUIPlugin:74 - create IPUIPlugin
2024-10-25 11:32:13,214 [INFO] PluginManager:213 - loadIPPluginJar : add stm32_wpan
2024-10-25 11:32:13,240 [INFO] IPUIPlugin:74 - create IPUIPlugin
2024-10-25 11:32:13,240 [INFO] PluginManager:213 - loadIPPluginJar : add tim
2024-10-25 11:32:13,289 [INFO] IPUIPlugin:74 - create IPUIPlugin
2024-10-25 11:32:13,289 [INFO] PluginManager:213 - loadIPPluginJar : add touchsensing
2024-10-25 11:32:13,314 [INFO] IPUIPlugin:74 - create IPUIPlugin
2024-10-25 11:32:13,315 [INFO] PluginManager:213 - loadIPPluginJar : add tracer_emb
2024-10-25 11:32:13,341 [INFO] IPUIPlugin:74 - create IPUIPlugin
2024-10-25 11:32:13,342 [INFO] PluginManager:213 - loadIPPluginJar : add ts
2024-10-25 11:32:13,371 [INFO] IPUIPlugin:74 - create IPUIPlugin
2024-10-25 11:32:13,372 [INFO] PluginManager:213 - loadIPPluginJar : add tsc
2024-10-25 11:32:13,396 [INFO] IPUIPlugin:74 - create IPUIPlugin
2024-10-25 11:32:13,398 [INFO] PluginManager:213 - loadIPPluginJar : add ucpd
2024-10-25 11:32:13,436 [INFO] IPUIPlugin:74 - create IPUIPlugin
2024-10-25 11:32:13,437 [INFO] PluginManager:213 - loadIPPluginJar : add usart
2024-10-25 11:32:13,471 [INFO] IPUIPlugin:74 - create IPUIPlugin
2024-10-25 11:32:13,471 [INFO] PluginManager:213 - loadIPPluginJar : add usbx
2024-10-25 11:32:13,800 [FATAL] Updater:294 - Updater called before beeing initialized
2024-10-25 11:32:13,901 [FATAL] Updater:294 - Updater called before beeing initialized
2024-10-25 11:32:13,912 [INFO] DbMcusAds:47 - JSON generation date=Fri Sep 20 20:04:38 ICT 2024 (1726837478367)
2024-10-25 11:32:13,913 [FATAL] Updater:294 - Updater called before beeing initialized
2024-10-25 11:32:13,945 [WARN] DetailPanel:314 - Failed to get advertising image, set to default
2024-10-25 11:32:14,047 [FATAL] Updater:294 - Updater called before beeing initialized
2024-10-25 11:32:14,050 [FATAL] Updater:294 - Updater called before beeing initialized
2024-10-25 11:32:14,050 [FATAL] Updater:294 - Updater called before beeing initialized
2024-10-25 11:32:14,050 [WARN] DetailPanel:314 - Failed to get advertising image, set to default
2024-10-25 11:32:14,051 [FATAL] Updater:294 - Updater called before beeing initialized
2024-10-25 11:32:14,099 [ERROR] Updater:1075 - MainUpdater not yet initialized. External WinMGr cannot be set.
2024-10-25 11:32:14,110 [INFO] Updater:1012 - Updater Version found : 6.3.0
2024-10-25 11:32:14,134 [INFO] ApplicationProperties:181 - Using Application install path: C:\ST\STM32CubeIDE_1.7.0\STM32CubeIDE\plugins\com.st.stm32cube.common.mx_6.3.0.202107141111
2024-10-25 11:32:14,273 [INFO] MainUpdater:2671 - connection check result : 10
2024-10-25 11:32:14,274 [INFO] MainUpdater:265 - Updater Check For Update Now.
2024-10-25 11:32:14,274 [INFO] MicroXplorer:478 - Change Database Version : DB.6.0.30
2024-10-25 11:32:14,491 [INFO] CheckServerUpdateThread:112 - End of CheckServer Thread
2024-10-25 11:32:14,504 [INFO] MainUpdater:2671 - connection check result : 10
2024-10-25 11:32:14,613 [INFO] MainUpdater:2671 - connection check result : 10
2024-10-25 11:32:14,657 [ERROR] Engine:463 - C:\Users\ADMIN\.stm32cubemx\thirdparties\pdsc\STMicroelectronics.FP-SNS-MOTENVWB1.1.4.0.pdsc: PDSC version is not supported
2024-10-25 11:32:14,667 [ERROR] Engine:463 - C:\Users\ADMIN\.stm32cubemx\thirdparties\pdsc\STMicroelectronics.X-CUBE-SMBUS.2.1.0.pdsc: PDSC version is not supported
2024-10-25 11:32:14,717 [WARN] PackLoader:238 - Cannot read IP mode file for STMicroelectronics.X-CUBE-WB05N.1.1.0
2024-10-25 11:32:14,753 [WARN] PackLoader:238 - Cannot read IP mode file for STMicroelectronics.X-CUBE-AZRTOS-F7.1.1.0
2024-10-25 11:32:14,766 [ERROR] Engine:463 - C:\Users\ADMIN\.stm32cubemx\thirdparties\pdsc\STMicroelectronics.FP-SNS-FLIGHT1.5.0.2.pdsc: PDSC version is not supported
2024-10-25 11:32:14,775 [ERROR] Engine:463 - C:\Users\ADMIN\.stm32cubemx\thirdparties\pdsc\STMicroelectronics.X-CUBE-DISPLAY.3.0.0.pdsc: PDSC version is not supported
2024-10-25 11:32:14,788 [WARN] PackLoader:238 - Cannot read IP mode file for STMicroelectronics.X-CUBE-BLE1.7.0.0
2024-10-25 11:32:14,805 [WARN] PackLoader:238 - Cannot read IP mode file for STMicroelectronics.X-CUBE-NFC10.1.0.0
2024-10-25 11:32:14,821 [ERROR] Engine:463 - C:\Users\ADMIN\.stm32cubemx\thirdparties\pdsc\emotas.I-CUBE-CANOPEN.1.3.0.pdsc: PDSC version is not supported
2024-10-25 11:32:14,842 [ERROR] Engine:463 - C:\Users\ADMIN\.stm32cubemx\thirdparties\pdsc\STMicroelectronics.X-CUBE-BLEMGR.3.1.0.pdsc: PDSC version is not supported
2024-10-25 11:32:14,845 [INFO] MicroXplorer:448 - Change Database Path : 
2024-10-25 11:32:14,845 [INFO] MicroXplorer:478 - Change Database Version : DB.6.0.30
2024-10-25 11:32:14,846 [WARN] ThirdParty:813 - waiting for thirdparty lock release [close project]
2024-10-25 11:32:14,852 [ERROR] Engine:463 - C:\Users\ADMIN\.stm32cubemx\thirdparties\pdsc\STMicroelectronics.FP-SNS-SMARTAG2.1.2.0.pdsc: PDSC version is not supported
2024-10-25 11:32:14,875 [INFO] LogOutputStream:76 - [STDOUT_REDIRECT] 1 : Invalid condition id : UX_CORESTACK_Condition cause : null
2024-10-25 11:32:14,876 [INFO] LogOutputStream:76 - [STDOUT_REDIRECT] 1 : Invalid condition id : UX_CORESTACK_Condition cause : null
2024-10-25 11:32:14,877 [INFO] LogOutputStream:76 - [STDOUT_REDIRECT] 1 : Invalid condition id : UX_CORESTACK_Condition cause : null
2024-10-25 11:32:14,878 [INFO] LogOutputStream:76 - [STDOUT_REDIRECT] 1 : Invalid condition id : UX_CORESTACK_Condition cause : null
2024-10-25 11:32:14,878 [INFO] LogOutputStream:76 - [STDOUT_REDIRECT] 1 : Invalid condition id : UX_CORESTACK_Condition cause : null
2024-10-25 11:32:14,881 [WARN] PackLoader:238 - Cannot read IP mode file for STMicroelectronics.X-CUBE-AZRTOS-WL.2.0.0
2024-10-25 11:32:14,892 [ERROR] Engine:463 - C:\Users\ADMIN\.stm32cubemx\thirdparties\pdsc\STMicroelectronics.FP-SNS-MOTENV1.5.0.0.pdsc: PDSC version is not supported
2024-10-25 11:32:14,903 [WARN] PackLoader:238 - Cannot read IP mode file for wolfSSL.I-CUBE-wolfMQTT.1.19.0
2024-10-25 11:32:14,916 [WARN] PackLoader:238 - Cannot read IP mode file for WES.I-CUBE-Cesium.1.3.0
2024-10-25 11:32:14,930 [WARN] PackLoader:238 - Cannot read IP mode file for STMicroelectronics.X-CUBE-BLE2.3.3.0
2024-10-25 11:32:14,946 [WARN] PackLoader:238 - Cannot read IP mode file for STMicroelectronics.X-CUBE-NFC9.1.0.0
2024-10-25 11:32:14,958 [ERROR] Engine:463 - C:\Users\ADMIN\.stm32cubemx\thirdparties\pdsc\STMicroelectronics.X-CUBE-TCPP.4.1.0.pdsc: PDSC version is not supported
2024-10-25 11:32:14,983 [WARN] PackLoader:238 - Cannot read IP mode file for STMicroelectronics.X-CUBE-AZRTOS-G0.1.1.0
2024-10-25 11:32:15,001 [WARN] PackLoader:238 - Cannot read IP mode file for STMicroelectronics.X-CUBE-SAFEA1.1.2.2
2024-10-25 11:32:15,015 [WARN] PackLoader:238 - Cannot read IP mode file for STMicroelectronics.X-CUBE-NFC4.3.0.0
2024-10-25 11:32:15,027 [ERROR] Engine:463 - C:\Users\ADMIN\.stm32cubemx\thirdparties\pdsc\EmbeddedOffice.I-CUBE-FS-RTOS.1.0.1.pdsc: PDSC version is not supported
2024-10-25 11:32:15,039 [ERROR] Engine:463 - C:\Users\ADMIN\.stm32cubemx\thirdparties\pdsc\RealThread.X-CUBE-RT-Thread_Nano.4.1.1.pdsc: PDSC version is not supported
2024-10-25 11:32:15,049 [WARN] PackLoader:238 - Cannot read IP mode file for STMicroelectronics.FP-ATR-SIGFOX1.3.2.0
2024-10-25 11:32:15,070 [WARN] PackLoader:238 - Cannot read IP mode file for STMicroelectronics.X-CUBE-EEPRMA1.5.1.0
2024-10-25 11:32:15,085 [ERROR] Engine:463 - C:\Users\ADMIN\.stm32cubemx\thirdparties\pdsc\ITTIA_DB.I-CUBE-ITTIADB.8.9.0.pdsc: PDSC version is not supported
2024-10-25 11:32:15,121 [WARN] PackLoader:238 - Cannot read IP mode file for SEGGER.I-CUBE-embOS.1.3.1
2024-10-25 11:32:15,183 [WARN] PackLoader:238 - Cannot read IP mode file for STMicroelectronics.X-CUBE-ALGOBUILD.1.4.0
2024-10-25 11:32:15,194 [WARN] PackLoader:238 - Cannot read IP mode file for STMicroelectronics.X-CUBE-AI.9.1.0
2024-10-25 11:32:15,232 [WARN] PackLoader:238 - Cannot read IP mode file for STMicroelectronics.X-CUBE-AZRTOS-F4.1.1.0
2024-10-25 11:32:15,243 [ERROR] Engine:463 - C:\Users\ADMIN\.stm32cubemx\thirdparties\pdsc\STMicroelectronics.X-CUBE-FREERTOS.1.2.0.pdsc: PDSC version is not supported
2024-10-25 11:32:15,276 [WARN] PackLoader:238 - Cannot read IP mode file for STMicroelectronics.X-CUBE-AZRTOS-L5.2.0.0
2024-10-25 11:32:15,294 [WARN] PackLoader:238 - Cannot read IP mode file for STMicroelectronics.X-CUBE-NFC6.3.1.0
2024-10-25 11:32:15,313 [WARN] PackLoader:238 - Cannot read IP mode file for STMicroelectronics.X-CUBE-AI.9.0.0
2024-10-25 11:32:15,328 [WARN] PackLoader:238 - Cannot read IP mode file for STMicroelectronics.X-CUBE-NFC7.1.0.1
2024-10-25 11:32:15,353 [WARN] ConditionMgr:437 - getConditionDescription Invalid condition id : LAN8742 Phy interface Condition cause : null
2024-10-25 11:32:15,354 [WARN] PackLoader:238 - Cannot read IP mode file for STMicroelectronics.X-CUBE-AZRTOS-L4.2.0.0
2024-10-25 11:32:15,354 [WARN] ConditionMgr:1038 - genDependencies : Invalid condition id : LAN8742 Phy interface Condition cause : null
2024-10-25 11:32:15,355 [WARN] ConditionMgr:1038 - genDependencies : Invalid condition id : LAN8742 Phy interface Condition cause : null
2024-10-25 11:32:15,355 [WARN] ConditionMgr:1038 - genDependencies : Invalid condition id : LAN8742 Phy interface Condition cause : null
2024-10-25 11:32:15,369 [WARN] PackLoader:238 - Cannot read IP mode file for STMicroelectronics.X-CUBE-SFXS2LP1.4.0.0
2024-10-25 11:32:15,381 [ERROR] Engine:463 - C:\Users\ADMIN\.stm32cubemx\thirdparties\pdsc\STMicroelectronics.X-CUBE-IPS.3.0.0.pdsc: PDSC version is not supported
2024-10-25 11:32:15,407 [WARN] ConditionMgr:437 - getConditionDescription Invalid condition id : UX DEVICE CLASS RTOS Condition cause : null
2024-10-25 11:32:15,407 [WARN] ConditionMgr:437 - getConditionDescription Invalid condition id : UX DEVICE CLASS RTOS Condition cause : null
2024-10-25 11:32:15,409 [WARN] PackLoader:238 - Cannot read IP mode file for STMicroelectronics.X-CUBE-AZRTOS-WB.2.0.0
2024-10-25 11:32:15,410 [WARN] ConditionMgr:1038 - genDependencies : Invalid condition id : UX DEVICE CLASS RTOS Condition cause : null
2024-10-25 11:32:15,410 [WARN] ConditionMgr:1038 - genDependencies : Invalid condition id : UX DEVICE CLASS RTOS Condition cause : null
2024-10-25 11:32:15,410 [WARN] ConditionMgr:1038 - genDependencies : Invalid condition id : UX DEVICE CLASS RTOS Condition cause : null
2024-10-25 11:32:15,410 [WARN] ConditionMgr:1038 - genDependencies : Invalid condition id : UX DEVICE CLASS RTOS Condition cause : null
2024-10-25 11:32:15,411 [WARN] ConditionMgr:1038 - genDependencies : Invalid condition id : UX DEVICE CLASS RTOS Condition cause : null
2024-10-25 11:32:15,432 [WARN] PackLoader:238 - Cannot read IP mode file for STMicroelectronics.X-CUBE-SUBG2.5.0.0
2024-10-25 11:32:15,447 [ERROR] Engine:463 - C:\Users\ADMIN\.stm32cubemx\thirdparties\pdsc\Cesanta.I-CUBE-Mongoose.7.13.0.pdsc: PDSC version is not supported
2024-10-25 11:32:15,464 [WARN] PackLoader:238 - Cannot read IP mode file for STMicroelectronics.X-CUBE-AZRTOS-G4.2.0.0
2024-10-25 11:32:15,473 [ERROR] Engine:463 - C:\Users\ADMIN\.stm32cubemx\thirdparties\pdsc\STMicroelectronics.X-CUBE-ALS.1.0.2.pdsc: PDSC version is not supported
2024-10-25 11:32:15,485 [WARN] PackLoader:238 - Cannot read IP mode file for portGmbH.I-Cube-SoM-uGOAL.1.1.0
2024-10-25 11:32:15,508 [WARN] PackLoader:238 - Cannot read IP mode file for STMicroelectronics.X-CUBE-AZRTOS-H7RS.1.0.0
2024-10-25 11:32:15,520 [WARN] PackLoader:238 - Cannot read IP mode file for STMicroelectronics.FP-ATR-ASTRA1.2.0.0
2024-10-25 11:32:15,535 [ERROR] Engine:463 - C:\Users\ADMIN\.stm32cubemx\thirdparties\pdsc\Infineon.AIROC-Wi-Fi-Bluetooth-STM32.1.6.1.pdsc: PDSC version is not supported
2024-10-25 11:32:15,535 [INFO] ThirdParty:915 - Integrity check success = true
2024-10-25 11:32:15,535 [INFO] IntegrityCheckThread:94 - exiting critical section [integrity check]
2024-10-25 11:32:15,535 [INFO] IntegrityCheckThread:97 - End integrity checks thread
2024-10-25 11:32:15,535 [INFO] ThirdParty:815 - entering critical section [close project]
2024-10-25 11:32:15,536 [INFO] ThirdParty:825 - exiting critical section [close project]
2024-10-25 11:32:15,540 [INFO] PinOutPanel:1463 - setPackage(No Configuration,No Configuration)
2024-10-25 11:32:15,541 [INFO] UtilMem:74 - Begin LoadConfig() Used Memory: 831486944 Bytes (877658112)
2024-10-25 11:32:15,542 [INFO] MicroXplorer:448 - Change Database Path : 
2024-10-25 11:32:15,542 [INFO] MicroXplorer:478 - Change Database Version : DB.6.0.30
2024-10-25 11:32:15,542 [INFO] OpenFileManager:313 - Change cursor
2024-10-25 11:32:16,420 [INFO] Context:592 - Trying to add GPIOservice into a context  which must be forbidden
2024-10-25 11:32:16,637 [WARN] ApiManager:304 - Cannot register API 'Board Extension:NFC09A1' from pack STMicroelectronics.X-CUBE-NFC9.1.0.0: no header file found
2024-10-25 11:32:16,644 [WARN] ApiManager:304 - Cannot register API 'Wireless:BlueNRG-MS' from pack STMicroelectronics.X-CUBE-BLE1.7.0.0: no header file found
2024-10-25 11:32:16,645 [WARN] ApiManager:304 - Cannot register API 'Board Extension:NFC10A1' from pack STMicroelectronics.X-CUBE-NFC10.1.0.0: no header file found
2024-10-25 11:32:16,646 [WARN] ApiManager:304 - Cannot register API 'Wireless:STM32WB05N' from pack STMicroelectronics.X-CUBE-WB05N.1.1.0: no header file found
2024-10-25 11:32:16,647 [WARN] ApiManager:304 - Cannot register API 'Board Extension:EEPRMA2' from pack STMicroelectronics.X-CUBE-EEPRMA1.5.1.0: no header file found
2024-10-25 11:32:16,647 [WARN] ApiManager:304 - Cannot register API 'Board Extension:PGEEZ1' from pack STMicroelectronics.X-CUBE-EEPRMA1.5.1.0: no header file found
2024-10-25 11:32:16,647 [WARN] ApiManager:304 - Cannot register API 'Board Extension:EEICA1' from pack STMicroelectronics.X-CUBE-EEPRMA1.5.1.0: no header file found
2024-10-25 11:32:16,647 [WARN] ApiManager:304 - Cannot register API 'Board Part:M24' from pack STMicroelectronics.X-CUBE-EEPRMA1.5.1.0: no header file found
2024-10-25 11:32:16,647 [WARN] ApiManager:304 - Cannot register API 'Board Part:M95' from pack STMicroelectronics.X-CUBE-EEPRMA1.5.1.0: no header file found
2024-10-25 11:32:16,647 [WARN] ApiManager:304 - Cannot register API 'Board Part:M95P32' from pack STMicroelectronics.X-CUBE-EEPRMA1.5.1.0: no header file found
2024-10-25 11:32:16,647 [WARN] ApiManager:304 - Cannot register API 'Board Part:M24256E-F' from pack STMicroelectronics.X-CUBE-EEPRMA1.5.1.0: no header file found
2024-10-25 11:32:16,647 [WARN] ApiManager:304 - Cannot register API 'Board Part:M24M01E-F' from pack STMicroelectronics.X-CUBE-EEPRMA1.5.1.0: no header file found
2024-10-25 11:32:16,647 [WARN] ApiManager:304 - Cannot register API 'PGEEZ1:SPI' from pack STMicroelectronics.X-CUBE-EEPRMA1.5.1.0: no header file found
2024-10-25 11:32:16,647 [WARN] ApiManager:304 - Cannot register API 'PGEEZ1:QDSPI' from pack STMicroelectronics.X-CUBE-EEPRMA1.5.1.0: no header file found
2024-10-25 11:32:16,649 [WARN] ModelIntegratedComponent:60 - No mode defined for component null
2024-10-25 11:32:16,649 [WARN] ModelIntegratedComponent:60 - No mode defined for component null
2024-10-25 11:32:16,649 [WARN] ModelIntegratedComponent:60 - No mode defined for component null
2024-10-25 11:32:16,649 [WARN] ModelIntegratedComponent:60 - No mode defined for component null
2024-10-25 11:32:16,649 [WARN] ModelIntegratedComponent:60 - No mode defined for component null
2024-10-25 11:32:16,649 [WARN] ModelIntegratedComponent:60 - No mode defined for component null
2024-10-25 11:32:16,650 [WARN] ModelIntegratedComponent:60 - No mode defined for component null
2024-10-25 11:32:16,650 [WARN] ModelIntegratedComponent:60 - No mode defined for component null
2024-10-25 11:32:16,650 [WARN] ModelIntegratedComponent:60 - No mode defined for component null
2024-10-25 11:32:16,650 [WARN] ModelIntegratedComponent:60 - No mode defined for component null
2024-10-25 11:32:16,650 [WARN] ModelIntegratedComponent:60 - No mode defined for component null
2024-10-25 11:32:16,650 [WARN] ModelIntegratedComponent:60 - No mode defined for component null
2024-10-25 11:32:16,650 [WARN] ModelIntegratedComponent:60 - No mode defined for component null
2024-10-25 11:32:16,650 [WARN] ModelIntegratedComponent:60 - No mode defined for component null
2024-10-25 11:32:16,650 [WARN] ModelIntegratedComponent:60 - No mode defined for component null
2024-10-25 11:32:16,650 [WARN] ModelIntegratedComponent:60 - No mode defined for component null
2024-10-25 11:32:16,650 [WARN] ModelIntegratedComponent:60 - No mode defined for component null
2024-10-25 11:32:16,650 [WARN] ModelIntegratedComponent:60 - No mode defined for component null
2024-10-25 11:32:16,650 [WARN] ModelIntegratedComponent:60 - No mode defined for component null
2024-10-25 11:32:16,650 [WARN] ModelIntegratedComponent:60 - No mode defined for component null
2024-10-25 11:32:16,650 [WARN] ModelIntegratedComponent:60 - No mode defined for component null
2024-10-25 11:32:16,650 [WARN] ModelIntegratedComponent:60 - No mode defined for component null
2024-10-25 11:32:16,650 [WARN] ModelIntegratedComponent:60 - No mode defined for component null
2024-10-25 11:32:16,651 [WARN] ModelIntegratedComponent:60 - No mode defined for component null
2024-10-25 11:32:16,651 [WARN] ModelIntegratedComponent:60 - No mode defined for component null
2024-10-25 11:32:16,651 [WARN] ModelIntegratedComponent:60 - No mode defined for component null
2024-10-25 11:32:16,651 [WARN] ModelIntegratedComponent:60 - No mode defined for component null
2024-10-25 11:32:16,651 [WARN] ModelIntegratedComponent:60 - No mode defined for component null
2024-10-25 11:32:16,651 [WARN] ModelIntegratedComponent:60 - No mode defined for component null
2024-10-25 11:32:16,651 [WARN] ModelIntegratedComponent:60 - No mode defined for component null
2024-10-25 11:32:16,651 [WARN] ModelIntegratedComponent:60 - No mode defined for component null
2024-10-25 11:32:16,654 [WARN] ApiManager:304 - Cannot register API 'Board Extension:NFC07A1' from pack STMicroelectronics.X-CUBE-NFC7.1.0.1: no header file found
2024-10-25 11:32:16,663 [WARN] ApiManager:304 - Cannot register API 'Board Extension:NFC06A1' from pack STMicroelectronics.X-CUBE-NFC6.3.1.0: no header file found
2024-10-25 11:32:16,663 [WARN] ApiManager:304 - Cannot register API 'Board Extension:NFC08A1' from pack STMicroelectronics.X-CUBE-NFC6.3.1.0: no header file found
2024-10-25 11:32:16,669 [INFO] RtosManager:484 - Registered RTOS mode: class=CMSIS, group=RTOS, mode=CMSIS_V1, owner=FREERTOS
2024-10-25 11:32:16,669 [INFO] RtosManager:484 - Registered RTOS mode: class=CMSIS, group=RTOS2, mode=CMSIS_V2, owner=FREERTOS
2024-10-25 11:32:16,669 [INFO] RtosManager:484 - Registered RTOS mode: class=RTOS, group=Core, mode=CMSIS_V1, owner=FREERTOS
2024-10-25 11:32:16,669 [INFO] RtosManager:484 - Registered RTOS mode: class=RTOS, group=Core, mode=CMSIS_V2, owner=FREERTOS
2024-10-25 11:32:16,669 [WARN] ModelIntegratedComponent:181 - Missing modes for component STMicroelectronics:FreeRTOS:0.0.1:STMicroelectronics:RTOS:FreeRTOS:Core:::10.2.0:
2024-10-25 11:32:16,671 [WARN] ApiManager:304 - Cannot register API 'Board Extension:STSAFEA1' from pack STMicroelectronics.X-CUBE-SAFEA1.1.2.2: no header file found
2024-10-25 11:32:16,671 [WARN] ApiManager:304 - Cannot register API 'Board Part:STSAFEA110' from pack STMicroelectronics.X-CUBE-SAFEA1.1.2.2: no header file found
2024-10-25 11:32:16,671 [WARN] ApiManager:304 - Cannot register API 'Security:ST_Cryptolib' from pack STMicroelectronics.X-CUBE-SAFEA1.1.2.2: no header file found
2024-10-25 11:32:16,671 [WARN] ApiManager:304 - Cannot register API 'Security:MbedTLS' from pack STMicroelectronics.X-CUBE-SAFEA1.1.2.2: no header file found
2024-10-25 11:32:16,672 [WARN] ApiManager:304 - Cannot register API 'Board Extension:NFC04A1' from pack STMicroelectronics.X-CUBE-NFC4.3.0.0: no header file found
2024-10-25 11:32:16,675 [WARN] ApiManager:304 - Cannot register API 'Board Extension:S2868A1' from pack STMicroelectronics.X-CUBE-SUBG2.5.0.0: no header file found
2024-10-25 11:32:16,676 [WARN] ApiManager:304 - Cannot register API 'Board Extension:S2868A2' from pack STMicroelectronics.X-CUBE-SUBG2.5.0.0: no header file found
2024-10-25 11:32:16,677 [WARN] ApiManager:304 - Cannot register API 'Board Extension:S2915A1' from pack STMicroelectronics.X-CUBE-SUBG2.5.0.0: no header file found
2024-10-25 11:32:16,681 [WARN] ApiManager:304 - Cannot register API 'Board Extension:S2868A1' from pack STMicroelectronics.X-CUBE-SFXS2LP1.4.0.0: no header file found
2024-10-25 11:32:16,681 [WARN] ApiManager:304 - Cannot register API 'Board Extension:S2868A2' from pack STMicroelectronics.X-CUBE-SFXS2LP1.4.0.0: no header file found
2024-10-25 11:32:16,681 [WARN] ApiManager:304 - Cannot register API 'Board Extension:S2915A1' from pack STMicroelectronics.X-CUBE-SFXS2LP1.4.0.0: no header file found
2024-10-25 11:32:16,682 [WARN] ApiManager:304 - Cannot register API 'Wireless:BlueNRG-2' from pack STMicroelectronics.X-CUBE-BLE2.3.3.0: no header file found
2024-10-25 11:32:17,115 [INFO] UtilMem:74 - End LoadConfig() Used Memory: 826284144 Bytes (877658112)
2024-10-25 11:32:17,117 [INFO] DbMcusXml:100 - Load MCU database from C:\ST\STM32CubeIDE_1.7.0\STM32CubeIDE\plugins\com.st.stm32cube.common.mx_6.3.0.202107141111\\db\/mcu/families.xml
2024-10-25 11:32:17,786 [INFO] DbMcusJson:93 - JSON generation date=Tue Nov 16 23:17:54 ICT 2021 (1637079474)
2024-10-25 11:32:18,215 [INFO] DbMcus:175 - Found 1951 MCUs (1903 are supported by CubeMX, 1914 are visible in CubeMX)
2024-10-25 11:32:18,217 [INFO] ApiDb:251 - Load user favorites file C:\Users\ADMIN/.stm32cubeide/favorites.mcus.txt: 0 item(s)
2024-10-25 11:32:18,217 [INFO] ApiDb:255 - User favorites MCUs=[]
2024-10-25 11:32:18,217 [INFO] DbMcus:187 - Set 0 / 0 favorites MCUs
2024-10-25 11:32:18,227 [WARN] ThirdParty:779 - waiting for thirdparty lock release [change project]
2024-10-25 11:32:18,227 [INFO] ThirdParty:781 - entering critical section [change project]
2024-10-25 11:32:18,227 [INFO] ThirdParty:967 - CMSIS Pack Vendor :STMicroelectronics X-CUBE-NFC9 1.0.0
2024-10-25 11:32:18,227 [INFO] ThirdParty:967 - CMSIS Pack Vendor :STMicroelectronics USB_HOST 2.0.0
2024-10-25 11:32:18,227 [INFO] ThirdParty:967 - CMSIS Pack Vendor :STMicroelectronics X-CUBE-AZRTOS-F4 1.1.0
2024-10-25 11:32:18,227 [INFO] ThirdParty:967 - CMSIS Pack Vendor :STMicroelectronics X-CUBE-BLE1 7.0.0
2024-10-25 11:32:18,227 [INFO] ThirdParty:967 - CMSIS Pack Vendor :STMicroelectronics FP-ATR-SIGFOX1 3.2.0
2024-10-25 11:32:18,227 [INFO] ThirdParty:967 - CMSIS Pack Vendor :STMicroelectronics X-CUBE-NFC10 1.0.0
2024-10-25 11:32:18,227 [INFO] ThirdParty:967 - CMSIS Pack Vendor :STMicroelectronics X-CUBE-WB05N 1.1.0
2024-10-25 11:32:18,227 [INFO] ThirdParty:967 - CMSIS Pack Vendor :STMicroelectronics USB_DEVICE 3.0.0
2024-10-25 11:32:18,227 [INFO] ThirdParty:967 - CMSIS Pack Vendor :STMicroelectronics X-CUBE-EEPRMA1 5.1.0
2024-10-25 11:32:18,227 [INFO] ThirdParty:967 - CMSIS Pack Vendor :STMicroelectronics HAL Drivers 0.0.0
2024-10-25 11:32:18,228 [INFO] ThirdParty:967 - CMSIS Pack Vendor :STMicroelectronics MBEDTLS 2.16.2
2024-10-25 11:32:18,228 [INFO] ThirdParty:967 - CMSIS Pack Vendor :STMicroelectronics X-CUBE-AZRTOS-WB 2.0.0
2024-10-25 11:32:18,228 [INFO] ThirdParty:967 - CMSIS Pack Vendor :STMicroelectronics X-CUBE-NFC7 1.0.1
2024-10-25 11:32:18,228 [INFO] ThirdParty:967 - CMSIS Pack Vendor :STMicroelectronics MBEDTLS 2.14.1
2024-10-25 11:32:18,228 [INFO] ThirdParty:967 - CMSIS Pack Vendor :STMicroelectronics X-CUBE-AZRTOS-F7 1.1.0
2024-10-25 11:32:18,228 [INFO] ThirdParty:967 - CMSIS Pack Vendor :STMicroelectronics X-CUBE-AZRTOS-L5 2.0.0
2024-10-25 11:32:18,228 [INFO] ThirdParty:967 - CMSIS Pack Vendor :portGmbH I-Cube-SoM-uGOAL 1.1.0
2024-10-25 11:32:18,228 [INFO] ThirdParty:967 - CMSIS Pack Vendor :STMicroelectronics USB_DEVICE 2.0.0
2024-10-25 11:32:18,228 [INFO] ThirdParty:967 - CMSIS Pack Vendor :STMicroelectronics X-CUBE-NFC6 3.1.0
2024-10-25 11:32:18,228 [INFO] ThirdParty:967 - CMSIS Pack Vendor :STMicroelectronics X-CUBE-AZRTOS-WL 2.0.0
2024-10-25 11:32:18,228 [INFO] ThirdParty:967 - CMSIS Pack Vendor :SEGGER I-CUBE-embOS 1.3.1
2024-10-25 11:32:18,228 [INFO] ThirdParty:967 - CMSIS Pack Vendor :STMicroelectronics X-CUBE-ALGOBUILD 1.4.0
2024-10-25 11:32:18,228 [INFO] ThirdParty:967 - CMSIS Pack Vendor :STMicroelectronics FreeRTOS 0.0.1
2024-10-25 11:32:18,228 [INFO] ThirdParty:967 - CMSIS Pack Vendor :STMicroelectronics X-CUBE-AZRTOS-G0 1.1.0
2024-10-25 11:32:18,228 [INFO] ThirdParty:967 - CMSIS Pack Vendor :STMicroelectronics USB_DEVICE 1.0.0
2024-10-25 11:32:18,228 [INFO] ThirdParty:967 - CMSIS Pack Vendor :STMicroelectronics X-CUBE-SAFEA1 1.2.2
2024-10-25 11:32:18,228 [INFO] ThirdParty:967 - CMSIS Pack Vendor :STMicroelectronics X-CUBE-NFC4 3.0.0
2024-10-25 11:32:18,228 [INFO] ThirdParty:967 - CMSIS Pack Vendor :STMicroelectronics X-CUBE-SUBG2 5.0.0
2024-10-25 11:32:18,228 [INFO] ThirdParty:967 - CMSIS Pack Vendor :STMicroelectronics X-CUBE-AZRTOS-H7RS 1.0.0
2024-10-25 11:32:18,228 [INFO] ThirdParty:967 - CMSIS Pack Vendor :wolfSSL I-CUBE-wolfMQTT 1.19.0
2024-10-25 11:32:18,228 [INFO] ThirdParty:967 - CMSIS Pack Vendor :STMicroelectronics X-CUBE-AZRTOS-L4 2.0.0
2024-10-25 11:32:18,228 [INFO] ThirdParty:967 - CMSIS Pack Vendor :STMicroelectronics ThreadX 0.0.2
2024-10-25 11:32:18,228 [INFO] ThirdParty:967 - CMSIS Pack Vendor :WES I-CUBE-Cesium 1.3.0
2024-10-25 11:32:18,228 [INFO] ThirdParty:967 - CMSIS Pack Vendor :STMicroelectronics FP-ATR-ASTRA1 2.0.0
2024-10-25 11:32:18,228 [INFO] ThirdParty:967 - CMSIS Pack Vendor :STMicroelectronics lwIP 2.0.3
2024-10-25 11:32:18,228 [INFO] ThirdParty:967 - CMSIS Pack Vendor :STMicroelectronics lwIP 2.1.2
2024-10-25 11:32:18,228 [INFO] ThirdParty:967 - CMSIS Pack Vendor :STMicroelectronics X-CUBE-SFXS2LP1 4.0.0
2024-10-25 11:32:18,228 [INFO] ThirdParty:967 - CMSIS Pack Vendor :STMicroelectronics X-CUBE-BLE2 3.3.0
2024-10-25 11:32:18,228 [INFO] ThirdParty:967 - CMSIS Pack Vendor :STMicroelectronics USB_HOST 1.0.0
2024-10-25 11:32:18,229 [INFO] ThirdParty:967 - CMSIS Pack Vendor :STMicroelectronics X-CUBE-AI 9.1.0
2024-10-25 11:32:18,229 [INFO] ThirdParty:967 - CMSIS Pack Vendor :STMicroelectronics X-CUBE-AI 9.0.0
2024-10-25 11:32:18,229 [INFO] ThirdParty:967 - CMSIS Pack Vendor :STMicroelectronics X-CUBE-AZRTOS-G4 2.0.0
2024-10-25 11:32:18,229 [INFO] ThirdParty:967 - CMSIS Pack Vendor :STMicroelectronics PDM2PCM 3.1.0
2024-10-25 11:32:18,229 [INFO] ThirdParty:967 - CMSIS Pack Vendor :STMicroelectronics PDM2PCM 3.2.0
2024-10-25 11:32:18,229 [INFO] ThirdParty:967 - CMSIS Pack Vendor :STMicroelectronics PDM2PCM 3.3.0
2024-10-25 11:32:18,229 [INFO] ThirdParty:787 - exiting critical section [change project]
2024-10-25 11:32:18,475 [INFO] PinOutPanel:1463 - setPackage(No Configuration,No Configuration)
2024-10-25 11:32:18,476 [INFO] PinOutPanel:1463 - setPackage(STM32F103C6Ux,UFQFPN48)
2024-10-25 11:32:18,728 [INFO] UtilMem:74 - Before build in PCC Used Memory: 982582536 Bytes (1044381696)
2024-10-25 11:32:19,231 [INFO] UtilMem:74 - After build in PCC Used Memory: 923931368 Bytes (1044381696)
2024-10-25 11:32:19,245 [INFO] IPUIPlugin:74 - create IPUIPlugin
2024-10-25 11:32:19,245 [INFO] IPUIPlugin:74 - create IPUIPlugin
2024-10-25 11:32:19,245 [INFO] IPUIPlugin:74 - create IPUIPlugin
2024-10-25 11:32:19,245 [INFO] IPUIPlugin:74 - create IPUIPlugin
2024-10-25 11:32:19,245 [INFO] IPUIPlugin:74 - create IPUIPlugin
2024-10-25 11:32:19,245 [INFO] IPUIPlugin:74 - create IPUIPlugin
2024-10-25 11:32:19,245 [INFO] IPUIPlugin:74 - create IPUIPlugin
2024-10-25 11:32:19,245 [INFO] IPUIPlugin:74 - create IPUIPlugin
2024-10-25 11:32:19,246 [INFO] IPUIPlugin:74 - create IPUIPlugin
2024-10-25 11:32:19,246 [INFO] IPUIPlugin:74 - create IPUIPlugin
2024-10-25 11:32:19,246 [INFO] IPUIPlugin:74 - create IPUIPlugin
2024-10-25 11:32:19,246 [INFO] IPUIPlugin:74 - create IPUIPlugin
2024-10-25 11:32:19,246 [INFO] IPUIPlugin:74 - create IPUIPlugin
2024-10-25 11:32:19,246 [INFO] IPUIPlugin:74 - create IPUIPlugin
2024-10-25 11:32:19,246 [INFO] IPUIPlugin:74 - create IPUIPlugin
2024-10-25 11:32:19,246 [INFO] IPUIPlugin:74 - create IPUIPlugin
2024-10-25 11:32:19,246 [INFO] IPUIPlugin:74 - create IPUIPlugin
2024-10-25 11:32:19,247 [INFO] IPUIPlugin:74 - create IPUIPlugin
2024-10-25 11:32:19,247 [INFO] IPUIPlugin:74 - create IPUIPlugin
2024-10-25 11:32:19,247 [INFO] IPUIPlugin:74 - create IPUIPlugin
2024-10-25 11:32:19,247 [INFO] IPUIPlugin:74 - create IPUIPlugin
2024-10-25 11:32:19,248 [INFO] IPUIPlugin:74 - create IPUIPlugin
2024-10-25 11:32:19,248 [INFO] IPUIPlugin:74 - create IPUIPlugin
2024-10-25 11:32:19,351 [INFO] OpenFileManager:333 - Restore cursor
2024-10-25 11:33:17,441 [INFO] UtilMem:74 - End SaveConfig() Used Memory: 849233136 Bytes (1044381696)
2024-10-25 11:33:18,279 [INFO] UtilMem:74 - End SaveConfig() Used Memory: 875248336 Bytes (1044381696)
2024-10-25 11:33:19,512 [INFO] UtilMem:74 - End SaveConfig() Used Memory: 925256944 Bytes (1044381696)
2024-10-25 11:33:19,755 [INFO] BlockDiagram:2740 - set Specific Code input for plugin: NVIC
2024-10-25 11:33:19,755 [INFO] BlockDiagram:2740 - set Specific Code input for plugin: SYS
2024-10-25 11:33:19,755 [INFO] BlockDiagram:2740 - set Specific Code input for plugin: GPIO
2024-10-25 11:33:19,755 [INFO] BlockDiagram:2740 - set Specific Code input for plugin: RCC
2024-10-25 11:33:19,755 [INFO] BlockDiagram:2740 - set Specific Code input for plugin: TIM1_8F1
2024-10-25 11:33:19,757 [INFO] CodeGenerator:663 - code generatio: config db path: C:\ST\STM32CubeIDE_1.7.0\STM32CubeIDE\plugins\com.st.stm32cube.common.mx_6.3.0.202107141111\\db\
2024-10-25 11:33:20,053 [INFO] CodeEngine:239 - oldGeneratedFile, C:\Users\ADMIN\Desktop\GIT_LAB3\SOURCE\LAB\MXTmpFiles\license.tmp_save
2024-10-25 11:33:20,407 [INFO] CodeEngine:257 - Generated code: C:\Users\ADMIN\Desktop\GIT_LAB3\SOURCE\LAB\MXTmpFiles\license.tmp
2024-10-25 11:33:20,525 [INFO] CodeEngine:239 - oldGeneratedFile, C:\Users\ADMIN\Desktop\GIT_LAB3\SOURCE\LAB\MXTmpFiles\gpio.tmp_save
2024-10-25 11:33:20,589 [INFO] CodeEngine:257 - Generated code: C:\Users\ADMIN\Desktop\GIT_LAB3\SOURCE\LAB\MXTmpFiles\gpio.tmp
2024-10-25 11:33:20,793 [INFO] CodeEngine:239 - oldGeneratedFile, C:\Users\ADMIN\Desktop\GIT_LAB3\SOURCE\LAB\Core\Src\stm32f1xx_it.c_save
2024-10-25 11:33:20,925 [INFO] CodeEngine:257 - Generated code: C:\Users\ADMIN\Desktop\GIT_LAB3\SOURCE\LAB\Core\Src\stm32f1xx_it.c
2024-10-25 11:33:20,942 [INFO] CodeEngine:239 - oldGeneratedFile, C:\Users\ADMIN\Desktop\GIT_LAB3\SOURCE\LAB\Core\Inc\stm32f1xx_it.h_save
2024-10-25 11:33:21,006 [INFO] CodeEngine:257 - Generated code: C:\Users\ADMIN\Desktop\GIT_LAB3\SOURCE\LAB\Core\Inc\stm32f1xx_it.h
2024-10-25 11:33:21,032 [INFO] CodeEngine:239 - oldGeneratedFile, C:\Users\ADMIN\Desktop\GIT_LAB3\SOURCE\LAB\Core\Src\stm32f1xx_hal_msp.c_save
2024-10-25 11:33:21,129 [INFO] CodeEngine:257 - Generated code: C:\Users\ADMIN\Desktop\GIT_LAB3\SOURCE\LAB\Core\Src\stm32f1xx_hal_msp.c
2024-10-25 11:33:21,137 [INFO] CodeEngine:239 - oldGeneratedFile, C:\Users\ADMIN\Desktop\GIT_LAB3\SOURCE\LAB\MXTmpFiles\system.tmp_save
2024-10-25 11:33:21,185 [INFO] CodeEngine:257 - Generated code: C:\Users\ADMIN\Desktop\GIT_LAB3\SOURCE\LAB\MXTmpFiles\system.tmp
2024-10-25 11:33:21,203 [INFO] CodeEngine:239 - oldGeneratedFile, C:\Users\ADMIN\Desktop\GIT_LAB3\SOURCE\LAB\Core\Inc\stm32f1xx_hal_conf.h_save
2024-10-25 11:33:21,265 [INFO] CodeEngine:257 - Generated code: C:\Users\ADMIN\Desktop\GIT_LAB3\SOURCE\LAB\Core\Inc\stm32f1xx_hal_conf.h
2024-10-25 11:33:21,283 [WARN] IPConfigManager:3148 - IP not found : TIM
2024-10-25 11:33:21,284 [WARN] CodeGenerator:3268 - IP not found : null
2024-10-25 11:33:21,300 [INFO] CodeEngine:239 - oldGeneratedFile, C:\Users\ADMIN\Desktop\GIT_LAB3\SOURCE\LAB\Core\Inc\main.h_save
2024-10-25 11:33:21,363 [INFO] CodeEngine:257 - Generated code: C:\Users\ADMIN\Desktop\GIT_LAB3\SOURCE\LAB\Core\Inc\main.h
2024-10-25 11:33:21,377 [INFO] CodeEngine:239 - oldGeneratedFile, C:\Users\ADMIN\Desktop\GIT_LAB3\SOURCE\LAB\Core\Src\main.c_save
2024-10-25 11:33:21,480 [INFO] CodeEngine:257 - Generated code: C:\Users\ADMIN\Desktop\GIT_LAB3\SOURCE\LAB\Core\Src\main.c
2024-10-25 11:33:22,171 [INFO] ProjectBuilder:2578 - Time for Copy HAL[1] : 97mS.
2024-10-25 11:33:22,176 [INFO] ProjectBuilder:3622 - Project Generator version: 3.14.1
2024-10-25 11:33:22,848 [INFO] ConfigFileManager:1271 - The Die is : DIE412
2024-10-25 11:33:22,878 [INFO] ApiDbMcu:468 - Load IP Config File for FATFS
2024-10-25 11:33:22,905 [INFO] ApiDbMcu:468 - Load IP Config File for FREERTOS
2024-10-25 11:33:22,929 [INFO] ApiDbMcu:468 - Load IP Config File for USB_DEVICE
2024-10-25 11:33:26,376 [INFO] ProjectBuilder:3789 - Time for Generating toolchain IDE Files: 4200mS.
2024-10-25 11:33:26,377 [INFO] ProjectBuilder:2457 - Time for Copy CMSIS : 0mS.
2024-10-25 11:33:26,380 [INFO] ProjectBuilder:2457 - Time for Copy CMSIS : 0mS.
2024-10-25 11:39:52,277 [INFO] UtilMem:74 - End SaveConfig() Used Memory: 918798264 Bytes (1073741824)
2024-10-25 11:39:53,163 [INFO] UtilMem:74 - End SaveConfig() Used Memory: 937638224 Bytes (1073741824)
2024-10-25 11:39:54,235 [INFO] UtilMem:74 - End SaveConfig() Used Memory: 870760928 Bytes (1073741824)
2024-10-25 11:39:54,423 [INFO] BlockDiagram:2740 - set Specific Code input for plugin: NVIC
2024-10-25 11:39:54,423 [INFO] BlockDiagram:2740 - set Specific Code input for plugin: SYS
2024-10-25 11:39:54,423 [INFO] BlockDiagram:2740 - set Specific Code input for plugin: GPIO
2024-10-25 11:39:54,423 [INFO] BlockDiagram:2740 - set Specific Code input for plugin: RCC
2024-10-25 11:39:54,423 [INFO] BlockDiagram:2740 - set Specific Code input for plugin: TIM1_8F1
2024-10-25 11:39:54,423 [INFO] CodeGenerator:663 - code generatio: config db path: C:\ST\STM32CubeIDE_1.7.0\STM32CubeIDE\plugins\com.st.stm32cube.common.mx_6.3.0.202107141111\\db\
2024-10-25 11:39:54,651 [INFO] CodeEngine:239 - oldGeneratedFile, C:\Users\ADMIN\Desktop\GIT_LAB3\SOURCE\LAB\MXTmpFiles\license.tmp_save
2024-10-25 11:39:54,703 [INFO] CodeEngine:257 - Generated code: C:\Users\ADMIN\Desktop\GIT_LAB3\SOURCE\LAB\MXTmpFiles\license.tmp
2024-10-25 11:39:54,772 [INFO] CodeEngine:239 - oldGeneratedFile, C:\Users\ADMIN\Desktop\GIT_LAB3\SOURCE\LAB\MXTmpFiles\gpio.tmp_save
2024-10-25 11:39:54,829 [INFO] CodeEngine:257 - Generated code: C:\Users\ADMIN\Desktop\GIT_LAB3\SOURCE\LAB\MXTmpFiles\gpio.tmp
2024-10-25 11:39:54,927 [INFO] CodeEngine:239 - oldGeneratedFile, C:\Users\ADMIN\Desktop\GIT_LAB3\SOURCE\LAB\Core\Src\stm32f1xx_it.c_save
2024-10-25 11:39:54,983 [INFO] CodeEngine:257 - Generated code: C:\Users\ADMIN\Desktop\GIT_LAB3\SOURCE\LAB\Core\Src\stm32f1xx_it.c
2024-10-25 11:39:54,987 [INFO] CodeEngine:239 - oldGeneratedFile, C:\Users\ADMIN\Desktop\GIT_LAB3\SOURCE\LAB\Core\Inc\stm32f1xx_it.h_save
2024-10-25 11:39:55,032 [INFO] CodeEngine:257 - Generated code: C:\Users\ADMIN\Desktop\GIT_LAB3\SOURCE\LAB\Core\Inc\stm32f1xx_it.h
2024-10-25 11:39:55,043 [INFO] CodeEngine:239 - oldGeneratedFile, C:\Users\ADMIN\Desktop\GIT_LAB3\SOURCE\LAB\Core\Src\stm32f1xx_hal_msp.c_save
2024-10-25 11:39:55,108 [INFO] CodeEngine:257 - Generated code: C:\Users\ADMIN\Desktop\GIT_LAB3\SOURCE\LAB\Core\Src\stm32f1xx_hal_msp.c
2024-10-25 11:39:55,110 [INFO] CodeEngine:239 - oldGeneratedFile, C:\Users\ADMIN\Desktop\GIT_LAB3\SOURCE\LAB\MXTmpFiles\system.tmp_save
2024-10-25 11:39:55,145 [INFO] CodeEngine:257 - Generated code: C:\Users\ADMIN\Desktop\GIT_LAB3\SOURCE\LAB\MXTmpFiles\system.tmp
2024-10-25 11:39:55,156 [INFO] CodeEngine:239 - oldGeneratedFile, C:\Users\ADMIN\Desktop\GIT_LAB3\SOURCE\LAB\Core\Inc\stm32f1xx_hal_conf.h_save
2024-10-25 11:39:55,218 [INFO] CodeEngine:257 - Generated code: C:\Users\ADMIN\Desktop\GIT_LAB3\SOURCE\LAB\Core\Inc\stm32f1xx_hal_conf.h
2024-10-25 11:39:55,229 [WARN] IPConfigManager:3148 - IP not found : TIM
2024-10-25 11:39:55,229 [WARN] CodeGenerator:3268 - IP not found : null
2024-10-25 11:39:55,239 [INFO] CodeEngine:239 - oldGeneratedFile, C:\Users\ADMIN\Desktop\GIT_LAB3\SOURCE\LAB\Core\Inc\main.h_save
2024-10-25 11:39:55,312 [INFO] CodeEngine:257 - Generated code: C:\Users\ADMIN\Desktop\GIT_LAB3\SOURCE\LAB\Core\Inc\main.h
2024-10-25 11:39:55,324 [INFO] CodeEngine:239 - oldGeneratedFile, C:\Users\ADMIN\Desktop\GIT_LAB3\SOURCE\LAB\Core\Src\main.c_save
2024-10-25 11:39:55,407 [INFO] CodeEngine:257 - Generated code: C:\Users\ADMIN\Desktop\GIT_LAB3\SOURCE\LAB\Core\Src\main.c
2024-10-25 11:39:56,292 [INFO] ProjectBuilder:2578 - Time for Copy HAL[1] : 50mS.
2024-10-25 11:39:56,295 [INFO] ProjectBuilder:3622 - Project Generator version: 3.14.1
2024-10-25 11:39:56,599 [INFO] ConfigFileManager:1271 - The Die is : DIE412
2024-10-25 11:39:57,959 [INFO] ProjectBuilder:3789 - Time for Generating toolchain IDE Files: 1664mS.
2024-10-25 11:39:57,960 [INFO] ProjectBuilder:2457 - Time for Copy CMSIS : 0mS.
2024-10-25 11:39:57,962 [INFO] ProjectBuilder:2457 - Time for Copy CMSIS : 0mS.
2024-10-25 12:07:45,725 [INFO] Activator:177 - 


2024-10-25 12:07:45,726 [INFO] Activator:178 - !SESSION log4j initialized
2024-10-28 11:02:58,208 [INFO] Activator:177 - 


2024-10-28 11:02:58,209 [INFO] Activator:178 - !SESSION log4j initialized
2024-10-28 13:07:07,271 [INFO] Activator:177 - 


2024-10-28 13:07:07,271 [INFO] Activator:178 - !SESSION log4j initialized
2024-10-28 13:48:05,550 [INFO] McuFinderGlobals:39 - Set McuFinder mode to 2 (CubeIDE integrated)
2024-10-28 13:48:05,722 [INFO] ApplicationProperties:181 - Using Application install path: C:\ST\STM32CubeIDE_1.7.0\STM32CubeIDE\plugins\com.st.stm32cube.common.mx_6.3.0.202107141111
2024-10-28 13:48:05,722 [INFO] DbMcusXml:74 - Set database path to: C:\ST\STM32CubeIDE_1.7.0\STM32CubeIDE\plugins\com.st.stm32cube.common.mx_6.3.0.202107141111\\db\/mcu/
2024-10-28 13:48:05,738 [INFO] DbBoardsPdsc:56 - Set plugin database path to: C:\ST\STM32CubeIDE_1.7.0\STM32CubeIDE\plugins\com.st.stm32cube.common.mx_6.3.0.202107141111\\db\/plugins/boardmanager/
2024-10-28 13:48:05,738 [INFO] DbMcus:258 - Set plugin images path to: C:\ST\STM32CubeIDE_1.7.0\STM32CubeIDE\plugins\com.st.stm32cube.common.mx_6.3.0.202107141111\\db\/plugins/mcufinder/images/
2024-10-28 13:48:05,738 [INFO] DbBoards:264 - Set plugin images path to: C:\ST\STM32CubeIDE_1.7.0\STM32CubeIDE\plugins\com.st.stm32cube.common.mx_6.3.0.202107141111\\db\/plugins/mcufinder/images/
2024-10-28 13:48:05,738 [INFO] DbExamples:333 - Set plugin images path to: C:\ST\STM32CubeIDE_1.7.0\STM32CubeIDE\plugins\com.st.stm32cube.common.mx_6.3.0.202107141111\\db\/plugins/mcufinder/images/
2024-10-28 13:48:05,738 [INFO] DbMcusAds:119 - Set database path to: C:\Users\ADMIN\.stmcufinder\plugins\mcufinder//mcu/
2024-10-28 13:48:05,738 [INFO] DbMcusDocs:110 - Set database path to: C:\Users\ADMIN\.stmcufinder\plugins\mcufinder//mcu/
2024-10-28 13:48:05,738 [INFO] DbMcusJson:64 - Set database path to: C:\Users\ADMIN\.stmcufinder\plugins\mcufinder//mcu/
2024-10-28 13:48:05,738 [INFO] DbBoardsDocs:110 - Set database path to: C:\Users\ADMIN\.stmcufinder\plugins\mcufinder//mcu/
2024-10-28 13:48:05,738 [INFO] DbBoardsJson:57 - Set database path to: C:\Users\ADMIN\.stmcufinder\plugins\mcufinder//mcu/
2024-10-28 13:48:05,753 [INFO] CrossReferenceDbSqlite:196 - Set database path to: C:\Users\ADMIN\.stmcufinder\plugins\mcufinder//mcu/cs/
2024-10-28 13:48:05,753 [INFO] DbExamplesSqlite:767 - Set database path to: C:\Users\ADMIN\.stmcufinder\plugins\mcufinder//mcu/
2024-10-28 13:48:05,832 [INFO] RulesReader:57 - Compatibility file has been processed (242 Rules)
2024-10-28 13:48:05,894 [INFO] DbMcusXml:74 - Set database path to: C:\ST\STM32CubeIDE_1.7.0\STM32CubeIDE\plugins\com.st.stm32cube.common.mx_6.3.0.202107141111\\db\/mcu/
2024-10-28 13:48:05,894 [INFO] DbBoardsPdsc:56 - Set plugin database path to: C:\ST\STM32CubeIDE_1.7.0\STM32CubeIDE\plugins\com.st.stm32cube.common.mx_6.3.0.202107141111\\db\/plugins/boardmanager/
2024-10-28 13:48:05,894 [INFO] DbMcus:258 - Set plugin images path to: C:\ST\STM32CubeIDE_1.7.0\STM32CubeIDE\plugins\com.st.stm32cube.common.mx_6.3.0.202107141111\\db\/plugins/mcufinder/images/
2024-10-28 13:48:05,894 [INFO] DbBoards:264 - Set plugin images path to: C:\ST\STM32CubeIDE_1.7.0\STM32CubeIDE\plugins\com.st.stm32cube.common.mx_6.3.0.202107141111\\db\/plugins/mcufinder/images/
2024-10-28 13:48:05,894 [INFO] DbExamples:333 - Set plugin images path to: C:\ST\STM32CubeIDE_1.7.0\STM32CubeIDE\plugins\com.st.stm32cube.common.mx_6.3.0.202107141111\\db\/plugins/mcufinder/images/
2024-10-28 13:48:05,894 [WARN] DbFile:35 - Overriding database path with different value: C:\Users\ADMIN\.stmcufinder\plugins\mcufinder/ => C:\Users\ADMIN\.stmcufinder\plugins\mcufinder
2024-10-28 13:48:05,894 [INFO] DbMcusAds:119 - Set database path to: C:\Users\ADMIN\.stmcufinder\plugins\mcufinder//mcu/
2024-10-28 13:48:05,894 [WARN] DbFile:35 - Overriding database path with different value: C:\Users\ADMIN\.stmcufinder\plugins\mcufinder/ => C:\Users\ADMIN\.stmcufinder\plugins\mcufinder
2024-10-28 13:48:05,894 [INFO] DbMcusDocs:110 - Set database path to: C:\Users\ADMIN\.stmcufinder\plugins\mcufinder//mcu/
2024-10-28 13:48:05,894 [WARN] DbFile:35 - Overriding database path with different value: C:\Users\ADMIN\.stmcufinder\plugins\mcufinder/ => C:\Users\ADMIN\.stmcufinder\plugins\mcufinder
2024-10-28 13:48:05,894 [INFO] DbMcusJson:64 - Set database path to: C:\Users\ADMIN\.stmcufinder\plugins\mcufinder//mcu/
2024-10-28 13:48:05,894 [WARN] DbFile:35 - Overriding database path with different value: C:\Users\ADMIN\.stmcufinder\plugins\mcufinder/ => C:\Users\ADMIN\.stmcufinder\plugins\mcufinder
2024-10-28 13:48:05,894 [INFO] DbBoardsDocs:110 - Set database path to: C:\Users\ADMIN\.stmcufinder\plugins\mcufinder//mcu/
2024-10-28 13:48:05,894 [WARN] DbFile:35 - Overriding database path with different value: C:\Users\ADMIN\.stmcufinder\plugins\mcufinder/ => C:\Users\ADMIN\.stmcufinder\plugins\mcufinder
2024-10-28 13:48:05,894 [INFO] DbBoardsJson:57 - Set database path to: C:\Users\ADMIN\.stmcufinder\plugins\mcufinder//mcu/
2024-10-28 13:48:05,894 [WARN] DbFile:35 - Overriding database path with different value: C:\Users\ADMIN\.stmcufinder\plugins\mcufinder/ => C:\Users\ADMIN\.stmcufinder\plugins\mcufinder
2024-10-28 13:48:05,894 [WARN] DbFile:35 - Overriding database path with different value: C:\Users\ADMIN\.stmcufinder\plugins\mcufinder/ => C:\Users\ADMIN\.stmcufinder\plugins\mcufinder
2024-10-28 13:48:05,894 [INFO] CrossReferenceDbSqlite:196 - Set database path to: C:\Users\ADMIN\.stmcufinder\plugins\mcufinder//mcu/cs/
2024-10-28 13:48:05,894 [WARN] DbFile:35 - Overriding database path with different value: C:\Users\ADMIN\.stmcufinder\plugins\mcufinder/ => C:\Users\ADMIN\.stmcufinder\plugins\mcufinder
2024-10-28 13:48:05,894 [INFO] DbExamplesSqlite:767 - Set database path to: C:\Users\ADMIN\.stmcufinder\plugins\mcufinder//mcu/
2024-10-28 13:48:05,957 [INFO] MainPanel:214 - HeapMemory: 875560960
2024-10-28 13:48:06,035 [INFO] DbMcusXml:74 - Set database path to: C:\ST\STM32CubeIDE_1.7.0\STM32CubeIDE\plugins\com.st.stm32cube.common.mx_6.3.0.202107141111\\db\/mcu/
2024-10-28 13:48:06,035 [INFO] DbBoardsPdsc:56 - Set plugin database path to: C:\ST\STM32CubeIDE_1.7.0\STM32CubeIDE\plugins\com.st.stm32cube.common.mx_6.3.0.202107141111\\db\/plugins/boardmanager/
2024-10-28 13:48:06,035 [INFO] DbMcus:258 - Set plugin images path to: C:\ST\STM32CubeIDE_1.7.0\STM32CubeIDE\plugins\com.st.stm32cube.common.mx_6.3.0.202107141111\\db\/plugins/mcufinder/images/
2024-10-28 13:48:06,035 [INFO] DbBoards:264 - Set plugin images path to: C:\ST\STM32CubeIDE_1.7.0\STM32CubeIDE\plugins\com.st.stm32cube.common.mx_6.3.0.202107141111\\db\/plugins/mcufinder/images/
2024-10-28 13:48:06,035 [INFO] DbExamples:333 - Set plugin images path to: C:\ST\STM32CubeIDE_1.7.0\STM32CubeIDE\plugins\com.st.stm32cube.common.mx_6.3.0.202107141111\\db\/plugins/mcufinder/images/
2024-10-28 13:48:06,035 [WARN] DbFile:35 - Overriding database path with different value: C:\Users\ADMIN\.stmcufinder\plugins\mcufinder/ => C:\Users\ADMIN\.stmcufinder\plugins\mcufinder
2024-10-28 13:48:06,035 [INFO] DbMcusAds:119 - Set database path to: C:\Users\ADMIN\.stmcufinder\plugins\mcufinder//mcu/
2024-10-28 13:48:06,035 [WARN] DbFile:35 - Overriding database path with different value: C:\Users\ADMIN\.stmcufinder\plugins\mcufinder/ => C:\Users\ADMIN\.stmcufinder\plugins\mcufinder
2024-10-28 13:48:06,035 [INFO] DbMcusDocs:110 - Set database path to: C:\Users\ADMIN\.stmcufinder\plugins\mcufinder//mcu/
2024-10-28 13:48:06,035 [WARN] DbFile:35 - Overriding database path with different value: C:\Users\ADMIN\.stmcufinder\plugins\mcufinder/ => C:\Users\ADMIN\.stmcufinder\plugins\mcufinder
2024-10-28 13:48:06,035 [INFO] DbMcusJson:64 - Set database path to: C:\Users\ADMIN\.stmcufinder\plugins\mcufinder//mcu/
2024-10-28 13:48:06,035 [WARN] DbFile:35 - Overriding database path with different value: C:\Users\ADMIN\.stmcufinder\plugins\mcufinder/ => C:\Users\ADMIN\.stmcufinder\plugins\mcufinder
2024-10-28 13:48:06,035 [INFO] DbBoardsDocs:110 - Set database path to: C:\Users\ADMIN\.stmcufinder\plugins\mcufinder//mcu/
2024-10-28 13:48:06,035 [WARN] DbFile:35 - Overriding database path with different value: C:\Users\ADMIN\.stmcufinder\plugins\mcufinder/ => C:\Users\ADMIN\.stmcufinder\plugins\mcufinder
2024-10-28 13:48:06,035 [INFO] DbBoardsJson:57 - Set database path to: C:\Users\ADMIN\.stmcufinder\plugins\mcufinder//mcu/
2024-10-28 13:48:06,035 [WARN] DbFile:35 - Overriding database path with different value: C:\Users\ADMIN\.stmcufinder\plugins\mcufinder/ => C:\Users\ADMIN\.stmcufinder\plugins\mcufinder
2024-10-28 13:48:06,035 [WARN] DbFile:35 - Overriding database path with different value: C:\Users\ADMIN\.stmcufinder\plugins\mcufinder/ => C:\Users\ADMIN\.stmcufinder\plugins\mcufinder
2024-10-28 13:48:06,035 [INFO] CrossReferenceDbSqlite:196 - Set database path to: C:\Users\ADMIN\.stmcufinder\plugins\mcufinder//mcu/cs/
2024-10-28 13:48:06,035 [WARN] DbFile:35 - Overriding database path with different value: C:\Users\ADMIN\.stmcufinder\plugins\mcufinder/ => C:\Users\ADMIN\.stmcufinder\plugins\mcufinder
2024-10-28 13:48:06,035 [INFO] DbExamplesSqlite:767 - Set database path to: C:\Users\ADMIN\.stmcufinder\plugins\mcufinder//mcu/
2024-10-28 13:48:06,035 [INFO] ApplicationProperties:181 - Using Application install path: C:\ST\STM32CubeIDE_1.7.0\STM32CubeIDE\plugins\com.st.stm32cube.common.mx_6.3.0.202107141111
2024-10-28 13:48:06,050 [INFO] PluginManage:188 - Search for loadable plugins [exclusion list=, ]
2024-10-28 13:48:06,050 [INFO] PluginManage:302 - Check plugin analytics
2024-10-28 13:48:11,131 [INFO] AnalyticsPlugin:257 - Accepted Software Licenses: 
2024-10-28 13:48:11,131 [INFO] AnalyticsPlugin:259 - Accepted CMSIS Pack Licenses: 
2024-10-28 13:48:11,131 [INFO] AnalyticsPlugin:261 - Accepted Firmware Licenses: 
2024-10-28 13:48:11,131 [INFO] PluginManage:352 - Loaded plugin analytics (category:tool,tabindex:-1)
2024-10-28 13:48:11,131 [INFO] PluginManage:302 - Check plugin clock
2024-10-28 13:48:11,147 [INFO] PluginManage:352 - Loaded plugin clock (category:base,tabindex:2)
2024-10-28 13:48:11,147 [INFO] PluginManage:302 - Check plugin ddr
2024-10-28 13:48:11,147 [INFO] PluginManage:352 - Loaded plugin ddr (category:tool,tabindex:6)
2024-10-28 13:48:11,147 [INFO] PluginManage:302 - Check plugin filemanager
2024-10-28 13:48:11,256 [INFO] PluginManage:352 - Loaded plugin filemanager (category:base,tabindex:10)
2024-10-28 13:48:11,256 [INFO] PluginManage:302 - Check plugin ipmanager
2024-10-28 13:48:11,272 [INFO] PluginManage:352 - Loaded plugin ipmanager (category:base,tabindex:5)
2024-10-28 13:48:11,272 [INFO] PluginManage:302 - Check plugin pinoutandconfiguration
2024-10-28 13:48:11,272 [INFO] PluginManage:352 - Loaded plugin pinoutandconfiguration (category:base,tabindex:1)
2024-10-28 13:48:11,272 [INFO] PluginManage:302 - Check plugin pinoutconfig
2024-10-28 13:48:11,303 [INFO] PluginManage:352 - Loaded plugin pinoutconfig (category:base,tabindex:0)
2024-10-28 13:48:11,303 [INFO] PluginManage:302 - Check plugin power
2024-10-28 13:48:11,318 [INFO] PluginManage:352 - Loaded plugin power (category:power,tabindex:4)
2024-10-28 13:48:11,318 [INFO] PluginManage:302 - Check plugin projectmanager
2024-10-28 13:48:11,334 [INFO] PluginManage:352 - Loaded plugin projectmanager (category:projectmanager,tabindex:3)
2024-10-28 13:48:11,334 [INFO] PluginManage:302 - Check plugin thirdparty
2024-10-28 13:48:11,490 [WARN] IntegrityCheckThread:78 - waiting for thirdparty lock release [integrity check]
2024-10-28 13:48:11,490 [INFO] PluginManage:352 - Loaded plugin thirdparty (category:base,tabindex:-1)
2024-10-28 13:48:11,490 [INFO] PluginManage:302 - Check plugin tools
2024-10-28 13:48:11,490 [INFO] IntegrityCheckThread:80 - entering critical section [integrity check]
2024-10-28 13:48:11,490 [INFO] ThirdPartyUpdaterWithRetryManager:66 - Updater plugin not ready yet. [1/15]
2024-10-28 13:48:11,537 [INFO] PluginManage:352 - Loaded plugin tools (category:base,tabindex:7)
2024-10-28 13:48:11,537 [INFO] PluginManage:302 - Check plugin tutovideos
2024-10-28 13:48:11,740 [INFO] PluginManage:352 - Loaded plugin tutovideos (category:base,tabindex:-1)
2024-10-28 13:48:11,740 [INFO] PluginManage:302 - Check plugin updater
2024-10-28 13:48:11,756 [INFO] PluginManage:352 - Loaded plugin updater (category:base,tabindex:12)
2024-10-28 13:48:11,756 [INFO] PluginManage:275 - PluginManage : Loaded plugins [13]
2024-10-28 13:48:11,912 [INFO] PinOutPanel:1463 - setPackage(No Configuration,No Configuration)
2024-10-28 13:48:11,990 [INFO] IPUIPlugin:74 - create IPUIPlugin
2024-10-28 13:48:11,990 [INFO] PluginManager:213 - loadIPPluginJar : add adc
2024-10-28 13:48:12,037 [INFO] IPUIPlugin:74 - create IPUIPlugin
2024-10-28 13:48:12,037 [INFO] PluginManager:213 - loadIPPluginJar : add aes
2024-10-28 13:48:12,069 [INFO] IPUIPlugin:74 - create IPUIPlugin
2024-10-28 13:48:12,069 [INFO] PluginManager:213 - loadIPPluginJar : add can
2024-10-28 13:48:12,100 [INFO] IPUIPlugin:74 - create IPUIPlugin
2024-10-28 13:48:12,100 [INFO] PluginManager:213 - loadIPPluginJar : add comp
2024-10-28 13:48:12,131 [INFO] IPUIPlugin:74 - create IPUIPlugin
2024-10-28 13:48:12,131 [INFO] PluginManager:213 - loadIPPluginJar : add cryp
2024-10-28 13:48:12,147 [INFO] IPUIPlugin:74 - create IPUIPlugin
2024-10-28 13:48:12,163 [INFO] PluginManager:213 - loadIPPluginJar : add dfsdm
2024-10-28 13:48:12,163 [INFO] IPUIPlugin:74 - create IPUIPlugin
2024-10-28 13:48:12,163 [INFO] PluginManager:213 - loadIPPluginJar : add dma
2024-10-28 13:48:12,209 [INFO] IPUIPlugin:74 - create IPUIPlugin
2024-10-28 13:48:12,209 [INFO] PluginManager:213 - loadIPPluginJar : add dma3
2024-10-28 13:48:12,225 [INFO] IPUIPlugin:74 - create IPUIPlugin
2024-10-28 13:48:12,225 [INFO] PluginManager:213 - loadIPPluginJar : add fatfs
2024-10-28 13:48:12,272 [INFO] IPUIPlugin:74 - create IPUIPlugin
2024-10-28 13:48:12,272 [INFO] PluginManager:213 - loadIPPluginJar : add fmc
2024-10-28 13:48:12,288 [INFO] IPUIPlugin:74 - create IPUIPlugin
2024-10-28 13:48:12,288 [INFO] PluginManager:213 - loadIPPluginJar : add freertos
2024-10-28 13:48:12,303 [INFO] IPUIPlugin:74 - create IPUIPlugin
2024-10-28 13:48:12,303 [INFO] PluginManager:213 - loadIPPluginJar : add genericplugin
2024-10-28 13:48:12,366 [INFO] IPUIPlugin:74 - create IPUIPlugin
2024-10-28 13:48:12,366 [INFO] PluginManager:213 - loadIPPluginJar : add gfxmmu
2024-10-28 13:48:12,459 [INFO] IPUIPlugin:74 - create IPUIPlugin
2024-10-28 13:48:12,459 [INFO] PluginManager:213 - loadIPPluginJar : add gic
2024-10-28 13:48:12,475 [INFO] IPUIPlugin:74 - create IPUIPlugin
2024-10-28 13:48:12,475 [INFO] PluginManager:213 - loadIPPluginJar : add gpio
2024-10-28 13:48:12,538 [INFO] IPUIPlugin:74 - create IPUIPlugin
2024-10-28 13:48:12,538 [INFO] PluginManager:213 - loadIPPluginJar : add gtzc
2024-10-28 13:48:12,569 [INFO] IPUIPlugin:74 - create IPUIPlugin
2024-10-28 13:48:12,569 [INFO] PluginManager:213 - loadIPPluginJar : add hash
2024-10-28 13:48:12,616 [INFO] IPUIPlugin:74 - create IPUIPlugin
2024-10-28 13:48:12,616 [INFO] PluginManager:213 - loadIPPluginJar : add i2c
2024-10-28 13:48:12,647 [INFO] IPUIPlugin:74 - create IPUIPlugin
2024-10-28 13:48:12,647 [INFO] PluginManager:213 - loadIPPluginJar : add i2s
2024-10-28 13:48:12,647 [INFO] IPUIPlugin:74 - create IPUIPlugin
2024-10-28 13:48:12,647 [INFO] PluginManager:213 - loadIPPluginJar : add ipddr
2024-10-28 13:48:12,725 [INFO] IPUIPlugin:74 - create IPUIPlugin
2024-10-28 13:48:12,725 [INFO] PluginManager:213 - loadIPPluginJar : add linkedlist
2024-10-28 13:48:12,756 [INFO] IPUIPlugin:74 - create IPUIPlugin
2024-10-28 13:48:12,756 [INFO] PluginManager:213 - loadIPPluginJar : add lorawan
2024-10-28 13:48:12,788 [INFO] IPUIPlugin:74 - create IPUIPlugin
2024-10-28 13:48:12,788 [INFO] PluginManager:213 - loadIPPluginJar : add ltdc
2024-10-28 13:48:12,803 [INFO] IPUIPlugin:74 - create IPUIPlugin
2024-10-28 13:48:12,803 [INFO] PluginManager:213 - loadIPPluginJar : add mdma
2024-10-28 13:48:12,803 [INFO] IPUIPlugin:74 - create IPUIPlugin
2024-10-28 13:48:12,803 [INFO] PluginManager:213 - loadIPPluginJar : add nvic
2024-10-28 13:48:12,834 [INFO] IPUIPlugin:74 - create IPUIPlugin
2024-10-28 13:48:12,834 [INFO] PluginManager:213 - loadIPPluginJar : add opamp
2024-10-28 13:48:12,881 [INFO] IPUIPlugin:74 - create IPUIPlugin
2024-10-28 13:48:12,881 [INFO] PluginManager:213 - loadIPPluginJar : add openamp
2024-10-28 13:48:12,928 [INFO] IPUIPlugin:74 - create IPUIPlugin
2024-10-28 13:48:12,928 [INFO] PluginManager:213 - loadIPPluginJar : add pdm2pcm
2024-10-28 13:48:12,928 [INFO] IPUIPlugin:74 - create IPUIPlugin
2024-10-28 13:48:12,944 [INFO] PluginManager:213 - loadIPPluginJar : add plateformsettings
2024-10-28 13:48:12,959 [INFO] IPUIPlugin:74 - create IPUIPlugin
2024-10-28 13:48:12,959 [INFO] PluginManager:213 - loadIPPluginJar : add quadspi
2024-10-28 13:48:12,975 [INFO] IPUIPlugin:74 - create IPUIPlugin
2024-10-28 13:48:12,975 [INFO] PluginManager:213 - loadIPPluginJar : add resmgrutility
2024-10-28 13:48:13,006 [INFO] IPUIPlugin:74 - create IPUIPlugin
2024-10-28 13:48:13,006 [INFO] PluginManager:213 - loadIPPluginJar : add sai
2024-10-28 13:48:13,038 [INFO] IPUIPlugin:74 - create IPUIPlugin
2024-10-28 13:48:13,038 [INFO] PluginManager:213 - loadIPPluginJar : add spi
2024-10-28 13:48:13,084 [INFO] IPUIPlugin:74 - create IPUIPlugin
2024-10-28 13:48:13,084 [INFO] PluginManager:213 - loadIPPluginJar : add stm32_wpan
2024-10-28 13:48:13,116 [INFO] IPUIPlugin:74 - create IPUIPlugin
2024-10-28 13:48:13,116 [INFO] PluginManager:213 - loadIPPluginJar : add tim
2024-10-28 13:48:13,163 [INFO] IPUIPlugin:74 - create IPUIPlugin
2024-10-28 13:48:13,163 [INFO] PluginManager:213 - loadIPPluginJar : add touchsensing
2024-10-28 13:48:13,178 [INFO] IPUIPlugin:74 - create IPUIPlugin
2024-10-28 13:48:13,178 [INFO] PluginManager:213 - loadIPPluginJar : add tracer_emb
2024-10-28 13:48:13,209 [INFO] IPUIPlugin:74 - create IPUIPlugin
2024-10-28 13:48:13,209 [INFO] PluginManager:213 - loadIPPluginJar : add ts
2024-10-28 13:48:13,225 [INFO] IPUIPlugin:74 - create IPUIPlugin
2024-10-28 13:48:13,225 [INFO] PluginManager:213 - loadIPPluginJar : add tsc
2024-10-28 13:48:13,256 [INFO] IPUIPlugin:74 - create IPUIPlugin
2024-10-28 13:48:13,256 [INFO] PluginManager:213 - loadIPPluginJar : add ucpd
2024-10-28 13:48:13,288 [INFO] IPUIPlugin:74 - create IPUIPlugin
2024-10-28 13:48:13,288 [INFO] PluginManager:213 - loadIPPluginJar : add usart
2024-10-28 13:48:13,319 [INFO] IPUIPlugin:74 - create IPUIPlugin
2024-10-28 13:48:13,319 [INFO] PluginManager:213 - loadIPPluginJar : add usbx
2024-10-28 13:48:13,569 [FATAL] Updater:294 - Updater called before beeing initialized
2024-10-28 13:48:13,647 [FATAL] Updater:294 - Updater called before beeing initialized
2024-10-28 13:48:13,663 [INFO] DbMcusAds:47 - JSON generation date=Fri Sep 20 20:04:38 ICT 2024 (1726837478367)
2024-10-28 13:48:13,663 [FATAL] Updater:294 - Updater called before beeing initialized
2024-10-28 13:48:13,694 [WARN] DetailPanel:314 - Failed to get advertising image, set to default
2024-10-28 13:48:13,741 [FATAL] Updater:294 - Updater called before beeing initialized
2024-10-28 13:48:13,741 [FATAL] Updater:294 - Updater called before beeing initialized
2024-10-28 13:48:13,741 [FATAL] Updater:294 - Updater called before beeing initialized
2024-10-28 13:48:13,741 [WARN] DetailPanel:314 - Failed to get advertising image, set to default
2024-10-28 13:48:13,741 [FATAL] Updater:294 - Updater called before beeing initialized
2024-10-28 13:48:13,788 [ERROR] Updater:1075 - MainUpdater not yet initialized. External WinMGr cannot be set.
2024-10-28 13:48:13,788 [INFO] Updater:1012 - Updater Version found : 6.3.0
2024-10-28 13:48:13,819 [INFO] ApplicationProperties:181 - Using Application install path: C:\ST\STM32CubeIDE_1.7.0\STM32CubeIDE\plugins\com.st.stm32cube.common.mx_6.3.0.202107141111
2024-10-28 13:48:14,053 [INFO] MainUpdater:2671 - connection check result : 10
2024-10-28 13:48:14,053 [INFO] MainUpdater:3359 - Updater definition file requires update
2024-10-28 13:48:14,053 [INFO] MainUpdater:265 - Updater Check For Update Now.
2024-10-28 13:48:14,053 [INFO] MicroXplorer:478 - Change Database Version : DB.6.0.30
2024-10-28 13:48:14,241 [INFO] ServerAccessManage:362 - Download File updaters.zip
2024-10-28 13:48:14,428 [INFO] FileExtend:235 - Unzip File : updaters.zip
2024-10-28 13:48:14,428 [INFO] FileExtend:250 - Standard Zip Deflate
2024-10-28 13:48:14,491 [WARN] MainUpdater:1122 - Updater busy. Cannot search thirdparties
2024-10-28 13:48:14,491 [INFO] ThirdPartyUpdaterWithRetryManager:92 - Updater plugin is busy. [1/15]
2024-10-28 13:48:15,056 [INFO] ServerAccessManage:362 - Download File PacksControlFlags.xml
2024-10-28 13:48:15,275 [INFO] ServerAccessManage:362 - Download File cubemx.pidx
2024-10-28 13:48:15,353 [INFO] LoadServerUpdatesThread:339 - End of LoadServerUpdate Thread
2024-10-28 13:48:15,525 [INFO] CheckServerUpdateThread:112 - End of CheckServer Thread
2024-10-28 13:48:15,618 [INFO] MainUpdater:2671 - connection check result : 10
2024-10-28 13:48:15,618 [INFO] MainUpdater:2671 - connection check result : 10
2024-10-28 13:48:15,806 [INFO] MicroXplorer:448 - Change Database Path : 
2024-10-28 13:48:15,806 [INFO] MicroXplorer:478 - Change Database Version : DB.6.0.30
2024-10-28 13:48:15,806 [WARN] ThirdParty:813 - waiting for thirdparty lock release [close project]
2024-10-28 13:48:17,588 [ERROR] Engine:463 - C:\Users\ADMIN\.stm32cubemx\thirdparties\pdsc\STMicroelectronics.FP-SNS-MOTENVWB1.1.4.0.pdsc: PDSC version is not supported
2024-10-28 13:48:17,588 [ERROR] Engine:463 - C:\Users\ADMIN\.stm32cubemx\thirdparties\pdsc\STMicroelectronics.X-CUBE-SMBUS.2.1.0.pdsc: PDSC version is not supported
2024-10-28 13:48:17,619 [WARN] PackLoader:238 - Cannot read IP mode file for STMicroelectronics.X-CUBE-WB05N.1.1.0
2024-10-28 13:48:17,650 [WARN] PackLoader:238 - Cannot read IP mode file for STMicroelectronics.X-CUBE-AZRTOS-F7.1.1.0
2024-10-28 13:48:17,666 [ERROR] Engine:463 - C:\Users\ADMIN\.stm32cubemx\thirdparties\pdsc\STMicroelectronics.FP-SNS-FLIGHT1.5.0.2.pdsc: PDSC version is not supported
2024-10-28 13:48:17,681 [ERROR] Engine:463 - C:\Users\ADMIN\.stm32cubemx\thirdparties\pdsc\STMicroelectronics.X-CUBE-DISPLAY.3.0.0.pdsc: PDSC version is not supported
2024-10-28 13:48:17,697 [WARN] PackLoader:238 - Cannot read IP mode file for STMicroelectronics.X-CUBE-BLE1.7.0.0
2024-10-28 13:48:17,697 [WARN] PackLoader:238 - Cannot read IP mode file for STMicroelectronics.X-CUBE-NFC10.1.0.0
2024-10-28 13:48:17,713 [ERROR] Engine:463 - C:\Users\ADMIN\.stm32cubemx\thirdparties\pdsc\emotas.I-CUBE-CANOPEN.1.3.0.pdsc: PDSC version is not supported
2024-10-28 13:48:17,713 [ERROR] Engine:463 - C:\Users\ADMIN\.stm32cubemx\thirdparties\pdsc\STMicroelectronics.X-CUBE-BLEMGR.3.1.0.pdsc: PDSC version is not supported
2024-10-28 13:48:17,728 [ERROR] Engine:463 - C:\Users\ADMIN\.stm32cubemx\thirdparties\pdsc\STMicroelectronics.FP-SNS-SMARTAG2.1.2.0.pdsc: PDSC version is not supported
2024-10-28 13:48:17,744 [INFO] LogOutputStream:76 - [STDOUT_REDIRECT] 1 : Invalid condition id : UX_CORESTACK_Condition cause : null
2024-10-28 13:48:17,744 [INFO] LogOutputStream:76 - [STDOUT_REDIRECT] 1 : Invalid condition id : UX_CORESTACK_Condition cause : null
2024-10-28 13:48:17,744 [INFO] LogOutputStream:76 - [STDOUT_REDIRECT] 1 : Invalid condition id : UX_CORESTACK_Condition cause : null
2024-10-28 13:48:17,744 [INFO] LogOutputStream:76 - [STDOUT_REDIRECT] 1 : Invalid condition id : UX_CORESTACK_Condition cause : null
2024-10-28 13:48:17,744 [INFO] LogOutputStream:76 - [STDOUT_REDIRECT] 1 : Invalid condition id : UX_CORESTACK_Condition cause : null
2024-10-28 13:48:17,744 [WARN] PackLoader:238 - Cannot read IP mode file for STMicroelectronics.X-CUBE-AZRTOS-WL.2.0.0
2024-10-28 13:48:17,760 [ERROR] Engine:463 - C:\Users\ADMIN\.stm32cubemx\thirdparties\pdsc\STMicroelectronics.FP-SNS-MOTENV1.5.0.0.pdsc: PDSC version is not supported
2024-10-28 13:48:17,760 [WARN] PackLoader:238 - Cannot read IP mode file for wolfSSL.I-CUBE-wolfMQTT.1.19.0
2024-10-28 13:48:17,775 [WARN] PackLoader:238 - Cannot read IP mode file for WES.I-CUBE-Cesium.1.3.0
2024-10-28 13:48:17,775 [WARN] PackLoader:238 - Cannot read IP mode file for STMicroelectronics.X-CUBE-BLE2.3.3.0
2024-10-28 13:48:17,806 [WARN] PackLoader:238 - Cannot read IP mode file for STMicroelectronics.X-CUBE-NFC9.1.0.0
2024-10-28 13:48:17,806 [ERROR] Engine:463 - C:\Users\ADMIN\.stm32cubemx\thirdparties\pdsc\STMicroelectronics.X-CUBE-TCPP.4.1.0.pdsc: PDSC version is not supported
2024-10-28 13:48:17,822 [WARN] PackLoader:238 - Cannot read IP mode file for STMicroelectronics.X-CUBE-AZRTOS-G0.1.1.0
2024-10-28 13:48:17,838 [WARN] PackLoader:238 - Cannot read IP mode file for STMicroelectronics.X-CUBE-SAFEA1.1.2.2
2024-10-28 13:48:17,853 [WARN] PackLoader:238 - Cannot read IP mode file for STMicroelectronics.X-CUBE-NFC4.3.0.0
2024-10-28 13:48:17,869 [ERROR] Engine:463 - C:\Users\ADMIN\.stm32cubemx\thirdparties\pdsc\EmbeddedOffice.I-CUBE-FS-RTOS.1.0.1.pdsc: PDSC version is not supported
2024-10-28 13:48:17,869 [ERROR] Engine:463 - C:\Users\ADMIN\.stm32cubemx\thirdparties\pdsc\RealThread.X-CUBE-RT-Thread_Nano.4.1.1.pdsc: PDSC version is not supported
2024-10-28 13:48:17,869 [WARN] PackLoader:238 - Cannot read IP mode file for STMicroelectronics.FP-ATR-SIGFOX1.3.2.0
2024-10-28 13:48:17,885 [WARN] PackLoader:238 - Cannot read IP mode file for STMicroelectronics.X-CUBE-EEPRMA1.5.1.0
2024-10-28 13:48:17,900 [ERROR] Engine:463 - C:\Users\ADMIN\.stm32cubemx\thirdparties\pdsc\ITTIA_DB.I-CUBE-ITTIADB.8.9.0.pdsc: PDSC version is not supported
2024-10-28 13:48:17,931 [WARN] PackLoader:238 - Cannot read IP mode file for SEGGER.I-CUBE-embOS.1.3.1
2024-10-28 13:48:17,963 [WARN] PackLoader:238 - Cannot read IP mode file for STMicroelectronics.X-CUBE-ALGOBUILD.1.4.0
2024-10-28 13:48:17,978 [WARN] PackLoader:238 - Cannot read IP mode file for STMicroelectronics.X-CUBE-AI.9.1.0
2024-10-28 13:48:17,994 [WARN] PackLoader:238 - Cannot read IP mode file for STMicroelectronics.X-CUBE-AZRTOS-F4.1.1.0
2024-10-28 13:48:18,010 [ERROR] Engine:463 - C:\Users\ADMIN\.stm32cubemx\thirdparties\pdsc\STMicroelectronics.X-CUBE-FREERTOS.1.2.0.pdsc: PDSC version is not supported
2024-10-28 13:48:18,025 [WARN] PackLoader:238 - Cannot read IP mode file for STMicroelectronics.X-CUBE-AZRTOS-L5.2.0.0
2024-10-28 13:48:18,041 [WARN] PackLoader:238 - Cannot read IP mode file for STMicroelectronics.X-CUBE-NFC6.3.1.0
2024-10-28 13:48:18,056 [WARN] PackLoader:238 - Cannot read IP mode file for STMicroelectronics.X-CUBE-AI.9.0.0
2024-10-28 13:48:18,072 [WARN] PackLoader:238 - Cannot read IP mode file for STMicroelectronics.X-CUBE-NFC7.1.0.1
2024-10-28 13:48:18,088 [WARN] ConditionMgr:437 - getConditionDescription Invalid condition id : LAN8742 Phy interface Condition cause : null
2024-10-28 13:48:18,088 [WARN] PackLoader:238 - Cannot read IP mode file for STMicroelectronics.X-CUBE-AZRTOS-L4.2.0.0
2024-10-28 13:48:18,088 [WARN] ConditionMgr:1038 - genDependencies : Invalid condition id : LAN8742 Phy interface Condition cause : null
2024-10-28 13:48:18,088 [WARN] ConditionMgr:1038 - genDependencies : Invalid condition id : LAN8742 Phy interface Condition cause : null
2024-10-28 13:48:18,088 [WARN] ConditionMgr:1038 - genDependencies : Invalid condition id : LAN8742 Phy interface Condition cause : null
2024-10-28 13:48:18,103 [WARN] PackLoader:238 - Cannot read IP mode file for STMicroelectronics.X-CUBE-SFXS2LP1.4.0.0
2024-10-28 13:48:18,119 [ERROR] Engine:463 - C:\Users\ADMIN\.stm32cubemx\thirdparties\pdsc\STMicroelectronics.X-CUBE-IPS.3.0.0.pdsc: PDSC version is not supported
2024-10-28 13:48:18,135 [WARN] ConditionMgr:437 - getConditionDescription Invalid condition id : UX DEVICE CLASS RTOS Condition cause : null
2024-10-28 13:48:18,135 [WARN] ConditionMgr:437 - getConditionDescription Invalid condition id : UX DEVICE CLASS RTOS Condition cause : null
2024-10-28 13:48:18,135 [WARN] PackLoader:238 - Cannot read IP mode file for STMicroelectronics.X-CUBE-AZRTOS-WB.2.0.0
2024-10-28 13:48:18,135 [WARN] ConditionMgr:1038 - genDependencies : Invalid condition id : UX DEVICE CLASS RTOS Condition cause : null
2024-10-28 13:48:18,135 [WARN] ConditionMgr:1038 - genDependencies : Invalid condition id : UX DEVICE CLASS RTOS Condition cause : null
2024-10-28 13:48:18,150 [WARN] ConditionMgr:1038 - genDependencies : Invalid condition id : UX DEVICE CLASS RTOS Condition cause : null
2024-10-28 13:48:18,150 [WARN] ConditionMgr:1038 - genDependencies : Invalid condition id : UX DEVICE CLASS RTOS Condition cause : null
2024-10-28 13:48:18,150 [WARN] ConditionMgr:1038 - genDependencies : Invalid condition id : UX DEVICE CLASS RTOS Condition cause : null
2024-10-28 13:48:18,166 [WARN] PackLoader:238 - Cannot read IP mode file for STMicroelectronics.X-CUBE-SUBG2.5.0.0
2024-10-28 13:48:18,166 [ERROR] Engine:463 - C:\Users\ADMIN\.stm32cubemx\thirdparties\pdsc\Cesanta.I-CUBE-Mongoose.7.13.0.pdsc: PDSC version is not supported
2024-10-28 13:48:18,197 [WARN] PackLoader:238 - Cannot read IP mode file for STMicroelectronics.X-CUBE-AZRTOS-G4.2.0.0
2024-10-28 13:48:18,213 [ERROR] Engine:463 - C:\Users\ADMIN\.stm32cubemx\thirdparties\pdsc\STMicroelectronics.X-CUBE-ALS.1.0.2.pdsc: PDSC version is not supported
2024-10-28 13:48:18,213 [WARN] PackLoader:238 - Cannot read IP mode file for portGmbH.I-Cube-SoM-uGOAL.1.1.0
2024-10-28 13:48:18,244 [WARN] PackLoader:238 - Cannot read IP mode file for STMicroelectronics.X-CUBE-AZRTOS-H7RS.1.0.0
2024-10-28 13:48:18,259 [WARN] PackLoader:238 - Cannot read IP mode file for STMicroelectronics.FP-ATR-ASTRA1.2.0.0
2024-10-28 13:48:18,275 [ERROR] Engine:463 - C:\Users\ADMIN\.stm32cubemx\thirdparties\pdsc\Infineon.AIROC-Wi-Fi-Bluetooth-STM32.1.6.1.pdsc: PDSC version is not supported
2024-10-28 13:48:18,275 [INFO] ThirdParty:915 - Integrity check success = true
2024-10-28 13:48:18,275 [INFO] IntegrityCheckThread:94 - exiting critical section [integrity check]
2024-10-28 13:48:18,275 [INFO] IntegrityCheckThread:97 - End integrity checks thread
2024-10-28 13:48:18,275 [INFO] ThirdParty:815 - entering critical section [close project]
2024-10-28 13:48:18,275 [INFO] ThirdParty:825 - exiting critical section [close project]
2024-10-28 13:48:18,291 [INFO] PinOutPanel:1463 - setPackage(No Configuration,No Configuration)
2024-10-28 13:48:18,291 [INFO] UtilMem:74 - Begin LoadConfig() Used Memory: 795019840 Bytes (1073741824)
2024-10-28 13:48:18,291 [INFO] MicroXplorer:448 - Change Database Path : 
2024-10-28 13:48:18,291 [INFO] MicroXplorer:478 - Change Database Version : DB.6.0.30
2024-10-28 13:48:18,291 [INFO] OpenFileManager:313 - Change cursor
2024-10-28 13:48:18,900 [INFO] Context:592 - Trying to add GPIOservice into a context  which must be forbidden
2024-10-28 13:48:19,119 [WARN] ApiManager:304 - Cannot register API 'Board Extension:NFC09A1' from pack STMicroelectronics.X-CUBE-NFC9.1.0.0: no header file found
2024-10-28 13:48:19,119 [WARN] ApiManager:304 - Cannot register API 'Wireless:BlueNRG-MS' from pack STMicroelectronics.X-CUBE-BLE1.7.0.0: no header file found
2024-10-28 13:48:19,119 [WARN] ApiManager:304 - Cannot register API 'Board Extension:NFC10A1' from pack STMicroelectronics.X-CUBE-NFC10.1.0.0: no header file found
2024-10-28 13:48:19,119 [WARN] ApiManager:304 - Cannot register API 'Wireless:STM32WB05N' from pack STMicroelectronics.X-CUBE-WB05N.1.1.0: no header file found
2024-10-28 13:48:19,119 [WARN] ApiManager:304 - Cannot register API 'Board Extension:EEPRMA2' from pack STMicroelectronics.X-CUBE-EEPRMA1.5.1.0: no header file found
2024-10-28 13:48:19,119 [WARN] ApiManager:304 - Cannot register API 'Board Extension:PGEEZ1' from pack STMicroelectronics.X-CUBE-EEPRMA1.5.1.0: no header file found
2024-10-28 13:48:19,119 [WARN] ApiManager:304 - Cannot register API 'Board Extension:EEICA1' from pack STMicroelectronics.X-CUBE-EEPRMA1.5.1.0: no header file found
2024-10-28 13:48:19,119 [WARN] ApiManager:304 - Cannot register API 'Board Part:M24' from pack STMicroelectronics.X-CUBE-EEPRMA1.5.1.0: no header file found
2024-10-28 13:48:19,119 [WARN] ApiManager:304 - Cannot register API 'Board Part:M95' from pack STMicroelectronics.X-CUBE-EEPRMA1.5.1.0: no header file found
2024-10-28 13:48:19,119 [WARN] ApiManager:304 - Cannot register API 'Board Part:M95P32' from pack STMicroelectronics.X-CUBE-EEPRMA1.5.1.0: no header file found
2024-10-28 13:48:19,134 [WARN] ApiManager:304 - Cannot register API 'Board Part:M24256E-F' from pack STMicroelectronics.X-CUBE-EEPRMA1.5.1.0: no header file found
2024-10-28 13:48:19,134 [WARN] ApiManager:304 - Cannot register API 'Board Part:M24M01E-F' from pack STMicroelectronics.X-CUBE-EEPRMA1.5.1.0: no header file found
2024-10-28 13:48:19,134 [WARN] ApiManager:304 - Cannot register API 'PGEEZ1:SPI' from pack STMicroelectronics.X-CUBE-EEPRMA1.5.1.0: no header file found
2024-10-28 13:48:19,134 [WARN] ApiManager:304 - Cannot register API 'PGEEZ1:QDSPI' from pack STMicroelectronics.X-CUBE-EEPRMA1.5.1.0: no header file found
2024-10-28 13:48:19,134 [WARN] ModelIntegratedComponent:60 - No mode defined for component null
2024-10-28 13:48:19,134 [WARN] ModelIntegratedComponent:60 - No mode defined for component null
2024-10-28 13:48:19,134 [WARN] ModelIntegratedComponent:60 - No mode defined for component null
2024-10-28 13:48:19,134 [WARN] ModelIntegratedComponent:60 - No mode defined for component null
2024-10-28 13:48:19,134 [WARN] ModelIntegratedComponent:60 - No mode defined for component null
2024-10-28 13:48:19,134 [WARN] ModelIntegratedComponent:60 - No mode defined for component null
2024-10-28 13:48:19,134 [WARN] ModelIntegratedComponent:60 - No mode defined for component null
2024-10-28 13:48:19,134 [WARN] ModelIntegratedComponent:60 - No mode defined for component null
2024-10-28 13:48:19,134 [WARN] ModelIntegratedComponent:60 - No mode defined for component null
2024-10-28 13:48:19,134 [WARN] ModelIntegratedComponent:60 - No mode defined for component null
2024-10-28 13:48:19,134 [WARN] ModelIntegratedComponent:60 - No mode defined for component null
2024-10-28 13:48:19,134 [WARN] ModelIntegratedComponent:60 - No mode defined for component null
2024-10-28 13:48:19,134 [WARN] ModelIntegratedComponent:60 - No mode defined for component null
2024-10-28 13:48:19,134 [WARN] ModelIntegratedComponent:60 - No mode defined for component null
2024-10-28 13:48:19,134 [WARN] ModelIntegratedComponent:60 - No mode defined for component null
2024-10-28 13:48:19,134 [WARN] ModelIntegratedComponent:60 - No mode defined for component null
2024-10-28 13:48:19,134 [WARN] ModelIntegratedComponent:60 - No mode defined for component null
2024-10-28 13:48:19,134 [WARN] ModelIntegratedComponent:60 - No mode defined for component null
2024-10-28 13:48:19,134 [WARN] ModelIntegratedComponent:60 - No mode defined for component null
2024-10-28 13:48:19,134 [WARN] ModelIntegratedComponent:60 - No mode defined for component null
2024-10-28 13:48:19,134 [WARN] ModelIntegratedComponent:60 - No mode defined for component null
2024-10-28 13:48:19,134 [WARN] ModelIntegratedComponent:60 - No mode defined for component null
2024-10-28 13:48:19,134 [WARN] ModelIntegratedComponent:60 - No mode defined for component null
2024-10-28 13:48:19,134 [WARN] ModelIntegratedComponent:60 - No mode defined for component null
2024-10-28 13:48:19,134 [WARN] ModelIntegratedComponent:60 - No mode defined for component null
2024-10-28 13:48:19,134 [WARN] ModelIntegratedComponent:60 - No mode defined for component null
2024-10-28 13:48:19,134 [WARN] ModelIntegratedComponent:60 - No mode defined for component null
2024-10-28 13:48:19,134 [WARN] ModelIntegratedComponent:60 - No mode defined for component null
2024-10-28 13:48:19,134 [WARN] ModelIntegratedComponent:60 - No mode defined for component null
2024-10-28 13:48:19,134 [WARN] ModelIntegratedComponent:60 - No mode defined for component null
2024-10-28 13:48:19,134 [WARN] ModelIntegratedComponent:60 - No mode defined for component null
2024-10-28 13:48:19,134 [WARN] ApiManager:304 - Cannot register API 'Board Extension:NFC07A1' from pack STMicroelectronics.X-CUBE-NFC7.1.0.1: no header file found
2024-10-28 13:48:19,134 [WARN] ApiManager:304 - Cannot register API 'Board Extension:NFC06A1' from pack STMicroelectronics.X-CUBE-NFC6.3.1.0: no header file found
2024-10-28 13:48:19,134 [WARN] ApiManager:304 - Cannot register API 'Board Extension:NFC08A1' from pack STMicroelectronics.X-CUBE-NFC6.3.1.0: no header file found
2024-10-28 13:48:19,134 [INFO] RtosManager:484 - Registered RTOS mode: class=CMSIS, group=RTOS, mode=CMSIS_V1, owner=FREERTOS
2024-10-28 13:48:19,134 [INFO] RtosManager:484 - Registered RTOS mode: class=CMSIS, group=RTOS2, mode=CMSIS_V2, owner=FREERTOS
2024-10-28 13:48:19,150 [INFO] RtosManager:484 - Registered RTOS mode: class=RTOS, group=Core, mode=CMSIS_V1, owner=FREERTOS
2024-10-28 13:48:19,150 [INFO] RtosManager:484 - Registered RTOS mode: class=RTOS, group=Core, mode=CMSIS_V2, owner=FREERTOS
2024-10-28 13:48:19,150 [WARN] ModelIntegratedComponent:181 - Missing modes for component STMicroelectronics:FreeRTOS:0.0.1:STMicroelectronics:RTOS:FreeRTOS:Core:::10.2.0:
2024-10-28 13:48:19,150 [WARN] ApiManager:304 - Cannot register API 'Board Extension:STSAFEA1' from pack STMicroelectronics.X-CUBE-SAFEA1.1.2.2: no header file found
2024-10-28 13:48:19,150 [WARN] ApiManager:304 - Cannot register API 'Board Part:STSAFEA110' from pack STMicroelectronics.X-CUBE-SAFEA1.1.2.2: no header file found
2024-10-28 13:48:19,150 [WARN] ApiManager:304 - Cannot register API 'Security:ST_Cryptolib' from pack STMicroelectronics.X-CUBE-SAFEA1.1.2.2: no header file found
2024-10-28 13:48:19,150 [WARN] ApiManager:304 - Cannot register API 'Security:MbedTLS' from pack STMicroelectronics.X-CUBE-SAFEA1.1.2.2: no header file found
2024-10-28 13:48:19,150 [WARN] ApiManager:304 - Cannot register API 'Board Extension:NFC04A1' from pack STMicroelectronics.X-CUBE-NFC4.3.0.0: no header file found
2024-10-28 13:48:19,150 [WARN] ApiManager:304 - Cannot register API 'Board Extension:S2868A1' from pack STMicroelectronics.X-CUBE-SUBG2.5.0.0: no header file found
2024-10-28 13:48:19,150 [WARN] ApiManager:304 - Cannot register API 'Board Extension:S2868A2' from pack STMicroelectronics.X-CUBE-SUBG2.5.0.0: no header file found
2024-10-28 13:48:19,150 [WARN] ApiManager:304 - Cannot register API 'Board Extension:S2915A1' from pack STMicroelectronics.X-CUBE-SUBG2.5.0.0: no header file found
2024-10-28 13:48:19,150 [WARN] ApiManager:304 - Cannot register API 'Board Extension:S2868A1' from pack STMicroelectronics.X-CUBE-SFXS2LP1.4.0.0: no header file found
2024-10-28 13:48:19,150 [WARN] ApiManager:304 - Cannot register API 'Board Extension:S2868A2' from pack STMicroelectronics.X-CUBE-SFXS2LP1.4.0.0: no header file found
2024-10-28 13:48:19,150 [WARN] ApiManager:304 - Cannot register API 'Board Extension:S2915A1' from pack STMicroelectronics.X-CUBE-SFXS2LP1.4.0.0: no header file found
2024-10-28 13:48:19,150 [WARN] ApiManager:304 - Cannot register API 'Wireless:BlueNRG-2' from pack STMicroelectronics.X-CUBE-BLE2.3.3.0: no header file found
2024-10-28 13:48:19,494 [INFO] UtilMem:74 - End LoadConfig() Used Memory: 822741936 Bytes (1073741824)
2024-10-28 13:48:19,494 [INFO] DbMcusXml:100 - Load MCU database from C:\ST\STM32CubeIDE_1.7.0\STM32CubeIDE\plugins\com.st.stm32cube.common.mx_6.3.0.202107141111\\db\/mcu/families.xml
2024-10-28 13:48:20,056 [INFO] DbMcusJson:93 - JSON generation date=Tue Nov 16 23:17:54 ICT 2021 (1637079474)
2024-10-28 13:48:20,509 [INFO] DbMcus:175 - Found 1951 MCUs (1903 are supported by CubeMX, 1914 are visible in CubeMX)
2024-10-28 13:48:20,509 [INFO] ApiDb:251 - Load user favorites file C:\Users\ADMIN/.stm32cubeide/favorites.mcus.txt: 0 item(s)
2024-10-28 13:48:20,509 [INFO] ApiDb:255 - User favorites MCUs=[]
2024-10-28 13:48:20,509 [INFO] DbMcus:187 - Set 0 / 0 favorites MCUs
2024-10-28 13:48:20,525 [WARN] ThirdParty:779 - waiting for thirdparty lock release [change project]
2024-10-28 13:48:20,525 [INFO] ThirdParty:781 - entering critical section [change project]
2024-10-28 13:48:20,525 [INFO] ThirdParty:967 - CMSIS Pack Vendor :STMicroelectronics X-CUBE-NFC9 1.0.0
2024-10-28 13:48:20,525 [INFO] ThirdParty:967 - CMSIS Pack Vendor :STMicroelectronics USB_HOST 2.0.0
2024-10-28 13:48:20,525 [INFO] ThirdParty:967 - CMSIS Pack Vendor :STMicroelectronics X-CUBE-AZRTOS-F4 1.1.0
2024-10-28 13:48:20,525 [INFO] ThirdParty:967 - CMSIS Pack Vendor :STMicroelectronics X-CUBE-BLE1 7.0.0
2024-10-28 13:48:20,525 [INFO] ThirdParty:967 - CMSIS Pack Vendor :STMicroelectronics FP-ATR-SIGFOX1 3.2.0
2024-10-28 13:48:20,525 [INFO] ThirdParty:967 - CMSIS Pack Vendor :STMicroelectronics X-CUBE-NFC10 1.0.0
2024-10-28 13:48:20,525 [INFO] ThirdParty:967 - CMSIS Pack Vendor :STMicroelectronics X-CUBE-WB05N 1.1.0
2024-10-28 13:48:20,525 [INFO] ThirdParty:967 - CMSIS Pack Vendor :STMicroelectronics USB_DEVICE 3.0.0
2024-10-28 13:48:20,525 [INFO] ThirdParty:967 - CMSIS Pack Vendor :STMicroelectronics X-CUBE-EEPRMA1 5.1.0
2024-10-28 13:48:20,525 [INFO] ThirdParty:967 - CMSIS Pack Vendor :STMicroelectronics HAL Drivers 0.0.0
2024-10-28 13:48:20,525 [INFO] ThirdParty:967 - CMSIS Pack Vendor :STMicroelectronics MBEDTLS 2.16.2
2024-10-28 13:48:20,525 [INFO] ThirdParty:967 - CMSIS Pack Vendor :STMicroelectronics X-CUBE-AZRTOS-WB 2.0.0
2024-10-28 13:48:20,525 [INFO] ThirdParty:967 - CMSIS Pack Vendor :STMicroelectronics X-CUBE-NFC7 1.0.1
2024-10-28 13:48:20,525 [INFO] ThirdParty:967 - CMSIS Pack Vendor :STMicroelectronics MBEDTLS 2.14.1
2024-10-28 13:48:20,525 [INFO] ThirdParty:967 - CMSIS Pack Vendor :STMicroelectronics X-CUBE-AZRTOS-F7 1.1.0
2024-10-28 13:48:20,525 [INFO] ThirdParty:967 - CMSIS Pack Vendor :STMicroelectronics X-CUBE-AZRTOS-L5 2.0.0
2024-10-28 13:48:20,525 [INFO] ThirdParty:967 - CMSIS Pack Vendor :portGmbH I-Cube-SoM-uGOAL 1.1.0
2024-10-28 13:48:20,525 [INFO] ThirdParty:967 - CMSIS Pack Vendor :STMicroelectronics USB_DEVICE 2.0.0
2024-10-28 13:48:20,525 [INFO] ThirdParty:967 - CMSIS Pack Vendor :STMicroelectronics X-CUBE-NFC6 3.1.0
2024-10-28 13:48:20,525 [INFO] ThirdParty:967 - CMSIS Pack Vendor :STMicroelectronics X-CUBE-AZRTOS-WL 2.0.0
2024-10-28 13:48:20,525 [INFO] ThirdParty:967 - CMSIS Pack Vendor :SEGGER I-CUBE-embOS 1.3.1
2024-10-28 13:48:20,525 [INFO] ThirdParty:967 - CMSIS Pack Vendor :STMicroelectronics X-CUBE-ALGOBUILD 1.4.0
2024-10-28 13:48:20,525 [INFO] ThirdParty:967 - CMSIS Pack Vendor :STMicroelectronics FreeRTOS 0.0.1
2024-10-28 13:48:20,525 [INFO] ThirdParty:967 - CMSIS Pack Vendor :STMicroelectronics X-CUBE-AZRTOS-G0 1.1.0
2024-10-28 13:48:20,525 [INFO] ThirdParty:967 - CMSIS Pack Vendor :STMicroelectronics USB_DEVICE 1.0.0
2024-10-28 13:48:20,525 [INFO] ThirdParty:967 - CMSIS Pack Vendor :STMicroelectronics X-CUBE-SAFEA1 1.2.2
2024-10-28 13:48:20,525 [INFO] ThirdParty:967 - CMSIS Pack Vendor :STMicroelectronics X-CUBE-NFC4 3.0.0
2024-10-28 13:48:20,525 [INFO] ThirdParty:967 - CMSIS Pack Vendor :STMicroelectronics X-CUBE-SUBG2 5.0.0
2024-10-28 13:48:20,525 [INFO] ThirdParty:967 - CMSIS Pack Vendor :STMicroelectronics X-CUBE-AZRTOS-H7RS 1.0.0
2024-10-28 13:48:20,525 [INFO] ThirdParty:967 - CMSIS Pack Vendor :wolfSSL I-CUBE-wolfMQTT 1.19.0
2024-10-28 13:48:20,525 [INFO] ThirdParty:967 - CMSIS Pack Vendor :STMicroelectronics X-CUBE-AZRTOS-L4 2.0.0
2024-10-28 13:48:20,525 [INFO] ThirdParty:967 - CMSIS Pack Vendor :STMicroelectronics ThreadX 0.0.2
2024-10-28 13:48:20,525 [INFO] ThirdParty:967 - CMSIS Pack Vendor :WES I-CUBE-Cesium 1.3.0
2024-10-28 13:48:20,525 [INFO] ThirdParty:967 - CMSIS Pack Vendor :STMicroelectronics FP-ATR-ASTRA1 2.0.0
2024-10-28 13:48:20,525 [INFO] ThirdParty:967 - CMSIS Pack Vendor :STMicroelectronics lwIP 2.0.3
2024-10-28 13:48:20,525 [INFO] ThirdParty:967 - CMSIS Pack Vendor :STMicroelectronics lwIP 2.1.2
2024-10-28 13:48:20,525 [INFO] ThirdParty:967 - CMSIS Pack Vendor :STMicroelectronics X-CUBE-SFXS2LP1 4.0.0
2024-10-28 13:48:20,525 [INFO] ThirdParty:967 - CMSIS Pack Vendor :STMicroelectronics X-CUBE-BLE2 3.3.0
2024-10-28 13:48:20,525 [INFO] ThirdParty:967 - CMSIS Pack Vendor :STMicroelectronics USB_HOST 1.0.0
2024-10-28 13:48:20,525 [INFO] ThirdParty:967 - CMSIS Pack Vendor :STMicroelectronics X-CUBE-AI 9.1.0
2024-10-28 13:48:20,525 [INFO] ThirdParty:967 - CMSIS Pack Vendor :STMicroelectronics X-CUBE-AI 9.0.0
2024-10-28 13:48:20,525 [INFO] ThirdParty:967 - CMSIS Pack Vendor :STMicroelectronics X-CUBE-AZRTOS-G4 2.0.0
2024-10-28 13:48:20,525 [INFO] ThirdParty:967 - CMSIS Pack Vendor :STMicroelectronics PDM2PCM 3.1.0
2024-10-28 13:48:20,525 [INFO] ThirdParty:967 - CMSIS Pack Vendor :STMicroelectronics PDM2PCM 3.2.0
2024-10-28 13:48:20,525 [INFO] ThirdParty:967 - CMSIS Pack Vendor :STMicroelectronics PDM2PCM 3.3.0
2024-10-28 13:48:20,525 [INFO] ThirdParty:787 - exiting critical section [change project]
2024-10-28 13:48:20,728 [INFO] PinOutPanel:1463 - setPackage(No Configuration,No Configuration)
2024-10-28 13:48:20,728 [INFO] PinOutPanel:1463 - setPackage(STM32F103C6Ux,UFQFPN48)
2024-10-28 13:48:20,994 [INFO] UtilMem:74 - Before build in PCC Used Memory: 976435984 Bytes (1073741824)
2024-10-28 13:48:21,510 [INFO] UtilMem:74 - After build in PCC Used Memory: 976864256 Bytes (1073741824)
2024-10-28 13:48:21,525 [INFO] IPUIPlugin:74 - create IPUIPlugin
2024-10-28 13:48:21,525 [INFO] IPUIPlugin:74 - create IPUIPlugin
2024-10-28 13:48:21,525 [INFO] IPUIPlugin:74 - create IPUIPlugin
2024-10-28 13:48:21,525 [INFO] IPUIPlugin:74 - create IPUIPlugin
2024-10-28 13:48:21,525 [INFO] IPUIPlugin:74 - create IPUIPlugin
2024-10-28 13:48:21,525 [INFO] IPUIPlugin:74 - create IPUIPlugin
2024-10-28 13:48:21,525 [INFO] IPUIPlugin:74 - create IPUIPlugin
2024-10-28 13:48:21,525 [INFO] IPUIPlugin:74 - create IPUIPlugin
2024-10-28 13:48:21,525 [INFO] IPUIPlugin:74 - create IPUIPlugin
2024-10-28 13:48:21,525 [INFO] IPUIPlugin:74 - create IPUIPlugin
2024-10-28 13:48:21,525 [INFO] IPUIPlugin:74 - create IPUIPlugin
2024-10-28 13:48:21,525 [INFO] IPUIPlugin:74 - create IPUIPlugin
2024-10-28 13:48:21,525 [INFO] IPUIPlugin:74 - create IPUIPlugin
2024-10-28 13:48:21,525 [INFO] IPUIPlugin:74 - create IPUIPlugin
2024-10-28 13:48:21,525 [INFO] IPUIPlugin:74 - create IPUIPlugin
2024-10-28 13:48:21,525 [INFO] IPUIPlugin:74 - create IPUIPlugin
2024-10-28 13:48:21,541 [INFO] IPUIPlugin:74 - create IPUIPlugin
2024-10-28 13:48:21,541 [INFO] IPUIPlugin:74 - create IPUIPlugin
2024-10-28 13:48:21,541 [INFO] IPUIPlugin:74 - create IPUIPlugin
2024-10-28 13:48:21,541 [INFO] IPUIPlugin:74 - create IPUIPlugin
2024-10-28 13:48:21,541 [INFO] IPUIPlugin:74 - create IPUIPlugin
2024-10-28 13:48:21,541 [INFO] IPUIPlugin:74 - create IPUIPlugin
2024-10-28 13:48:21,541 [INFO] IPUIPlugin:74 - create IPUIPlugin
2024-10-28 13:48:21,619 [INFO] OpenFileManager:333 - Restore cursor
2024-10-28 23:25:07,439 [INFO] Activator:177 - 


2024-10-28 23:25:07,443 [INFO] Activator:178 - !SESSION log4j initialized
2024-11-01 10:54:35,630 [INFO] Activator:177 - 


2024-11-01 10:54:35,631 [INFO] Activator:178 - !SESSION log4j initialized
2024-11-01 11:07:17,986 [INFO] Activator:177 - 


2024-11-01 11:07:17,987 [INFO] Activator:178 - !SESSION log4j initialized
2024-11-01 13:12:46,214 [INFO] Activator:177 - 


2024-11-01 13:12:46,230 [INFO] Activator:178 - !SESSION log4j initialized
2024-11-01 15:09:19,282 [INFO] Activator:177 - 


2024-11-01 15:09:19,283 [INFO] Activator:178 - !SESSION log4j initialized
2024-11-01 15:10:50,720 [INFO] McuFinderGlobals:39 - Set McuFinder mode to 2 (CubeIDE integrated)
2024-11-01 15:10:50,881 [INFO] ApplicationProperties:181 - Using Application install path: C:\ST\STM32CubeIDE_1.7.0\STM32CubeIDE\plugins\com.st.stm32cube.common.mx_6.3.0.202107141111
2024-11-01 15:10:50,892 [INFO] DbMcusXml:74 - Set database path to: C:\ST\STM32CubeIDE_1.7.0\STM32CubeIDE\plugins\com.st.stm32cube.common.mx_6.3.0.202107141111\\db\/mcu/
2024-11-01 15:10:50,896 [INFO] DbBoardsPdsc:56 - Set plugin database path to: C:\ST\STM32CubeIDE_1.7.0\STM32CubeIDE\plugins\com.st.stm32cube.common.mx_6.3.0.202107141111\\db\/plugins/boardmanager/
2024-11-01 15:10:50,896 [INFO] DbMcus:258 - Set plugin images path to: C:\ST\STM32CubeIDE_1.7.0\STM32CubeIDE\plugins\com.st.stm32cube.common.mx_6.3.0.202107141111\\db\/plugins/mcufinder/images/
2024-11-01 15:10:50,896 [INFO] DbBoards:264 - Set plugin images path to: C:\ST\STM32CubeIDE_1.7.0\STM32CubeIDE\plugins\com.st.stm32cube.common.mx_6.3.0.202107141111\\db\/plugins/mcufinder/images/
2024-11-01 15:10:50,899 [INFO] DbExamples:333 - Set plugin images path to: C:\ST\STM32CubeIDE_1.7.0\STM32CubeIDE\plugins\com.st.stm32cube.common.mx_6.3.0.202107141111\\db\/plugins/mcufinder/images/
2024-11-01 15:10:50,905 [INFO] DbMcusAds:119 - Set database path to: C:\Users\ADMIN\.stmcufinder\plugins\mcufinder//mcu/
2024-11-01 15:10:50,906 [INFO] DbMcusDocs:110 - Set database path to: C:\Users\ADMIN\.stmcufinder\plugins\mcufinder//mcu/
2024-11-01 15:10:50,908 [INFO] DbMcusJson:64 - Set database path to: C:\Users\ADMIN\.stmcufinder\plugins\mcufinder//mcu/
2024-11-01 15:10:50,908 [INFO] DbBoardsDocs:110 - Set database path to: C:\Users\ADMIN\.stmcufinder\plugins\mcufinder//mcu/
2024-11-01 15:10:50,909 [INFO] DbBoardsJson:57 - Set database path to: C:\Users\ADMIN\.stmcufinder\plugins\mcufinder//mcu/
2024-11-01 15:10:50,918 [INFO] CrossReferenceDbSqlite:196 - Set database path to: C:\Users\ADMIN\.stmcufinder\plugins\mcufinder//mcu/cs/
2024-11-01 15:10:50,920 [INFO] DbExamplesSqlite:767 - Set database path to: C:\Users\ADMIN\.stmcufinder\plugins\mcufinder//mcu/
2024-11-01 15:10:50,992 [INFO] RulesReader:57 - Compatibility file has been processed (242 Rules)
2024-11-01 15:10:51,060 [INFO] DbMcusXml:74 - Set database path to: C:\ST\STM32CubeIDE_1.7.0\STM32CubeIDE\plugins\com.st.stm32cube.common.mx_6.3.0.202107141111\\db\/mcu/
2024-11-01 15:10:51,061 [INFO] DbBoardsPdsc:56 - Set plugin database path to: C:\ST\STM32CubeIDE_1.7.0\STM32CubeIDE\plugins\com.st.stm32cube.common.mx_6.3.0.202107141111\\db\/plugins/boardmanager/
2024-11-01 15:10:51,061 [INFO] DbMcus:258 - Set plugin images path to: C:\ST\STM32CubeIDE_1.7.0\STM32CubeIDE\plugins\com.st.stm32cube.common.mx_6.3.0.202107141111\\db\/plugins/mcufinder/images/
2024-11-01 15:10:51,061 [INFO] DbBoards:264 - Set plugin images path to: C:\ST\STM32CubeIDE_1.7.0\STM32CubeIDE\plugins\com.st.stm32cube.common.mx_6.3.0.202107141111\\db\/plugins/mcufinder/images/
2024-11-01 15:10:51,062 [INFO] DbExamples:333 - Set plugin images path to: C:\ST\STM32CubeIDE_1.7.0\STM32CubeIDE\plugins\com.st.stm32cube.common.mx_6.3.0.202107141111\\db\/plugins/mcufinder/images/
2024-11-01 15:10:51,062 [WARN] DbFile:35 - Overriding database path with different value: C:\Users\ADMIN\.stmcufinder\plugins\mcufinder/ => C:\Users\ADMIN\.stmcufinder\plugins\mcufinder
2024-11-01 15:10:51,062 [INFO] DbMcusAds:119 - Set database path to: C:\Users\ADMIN\.stmcufinder\plugins\mcufinder//mcu/
2024-11-01 15:10:51,062 [WARN] DbFile:35 - Overriding database path with different value: C:\Users\ADMIN\.stmcufinder\plugins\mcufinder/ => C:\Users\ADMIN\.stmcufinder\plugins\mcufinder
2024-11-01 15:10:51,062 [INFO] DbMcusDocs:110 - Set database path to: C:\Users\ADMIN\.stmcufinder\plugins\mcufinder//mcu/
2024-11-01 15:10:51,062 [WARN] DbFile:35 - Overriding database path with different value: C:\Users\ADMIN\.stmcufinder\plugins\mcufinder/ => C:\Users\ADMIN\.stmcufinder\plugins\mcufinder
2024-11-01 15:10:51,062 [INFO] DbMcusJson:64 - Set database path to: C:\Users\ADMIN\.stmcufinder\plugins\mcufinder//mcu/
2024-11-01 15:10:51,062 [WARN] DbFile:35 - Overriding database path with different value: C:\Users\ADMIN\.stmcufinder\plugins\mcufinder/ => C:\Users\ADMIN\.stmcufinder\plugins\mcufinder
2024-11-01 15:10:51,062 [INFO] DbBoardsDocs:110 - Set database path to: C:\Users\ADMIN\.stmcufinder\plugins\mcufinder//mcu/
2024-11-01 15:10:51,062 [WARN] DbFile:35 - Overriding database path with different value: C:\Users\ADMIN\.stmcufinder\plugins\mcufinder/ => C:\Users\ADMIN\.stmcufinder\plugins\mcufinder
2024-11-01 15:10:51,062 [INFO] DbBoardsJson:57 - Set database path to: C:\Users\ADMIN\.stmcufinder\plugins\mcufinder//mcu/
2024-11-01 15:10:51,062 [WARN] DbFile:35 - Overriding database path with different value: C:\Users\ADMIN\.stmcufinder\plugins\mcufinder/ => C:\Users\ADMIN\.stmcufinder\plugins\mcufinder
2024-11-01 15:10:51,062 [WARN] DbFile:35 - Overriding database path with different value: C:\Users\ADMIN\.stmcufinder\plugins\mcufinder/ => C:\Users\ADMIN\.stmcufinder\plugins\mcufinder
2024-11-01 15:10:51,063 [INFO] CrossReferenceDbSqlite:196 - Set database path to: C:\Users\ADMIN\.stmcufinder\plugins\mcufinder//mcu/cs/
2024-11-01 15:10:51,063 [WARN] DbFile:35 - Overriding database path with different value: C:\Users\ADMIN\.stmcufinder\plugins\mcufinder/ => C:\Users\ADMIN\.stmcufinder\plugins\mcufinder
2024-11-01 15:10:51,063 [INFO] DbExamplesSqlite:767 - Set database path to: C:\Users\ADMIN\.stmcufinder\plugins\mcufinder//mcu/
2024-11-01 15:10:51,129 [INFO] MainPanel:214 - HeapMemory: 596639744
2024-11-01 15:10:51,208 [INFO] DbMcusXml:74 - Set database path to: C:\ST\STM32CubeIDE_1.7.0\STM32CubeIDE\plugins\com.st.stm32cube.common.mx_6.3.0.202107141111\\db\/mcu/
2024-11-01 15:10:51,208 [INFO] DbBoardsPdsc:56 - Set plugin database path to: C:\ST\STM32CubeIDE_1.7.0\STM32CubeIDE\plugins\com.st.stm32cube.common.mx_6.3.0.202107141111\\db\/plugins/boardmanager/
2024-11-01 15:10:51,208 [INFO] DbMcus:258 - Set plugin images path to: C:\ST\STM32CubeIDE_1.7.0\STM32CubeIDE\plugins\com.st.stm32cube.common.mx_6.3.0.202107141111\\db\/plugins/mcufinder/images/
2024-11-01 15:10:51,208 [INFO] DbBoards:264 - Set plugin images path to: C:\ST\STM32CubeIDE_1.7.0\STM32CubeIDE\plugins\com.st.stm32cube.common.mx_6.3.0.202107141111\\db\/plugins/mcufinder/images/
2024-11-01 15:10:51,208 [INFO] DbExamples:333 - Set plugin images path to: C:\ST\STM32CubeIDE_1.7.0\STM32CubeIDE\plugins\com.st.stm32cube.common.mx_6.3.0.202107141111\\db\/plugins/mcufinder/images/
2024-11-01 15:10:51,208 [WARN] DbFile:35 - Overriding database path with different value: C:\Users\ADMIN\.stmcufinder\plugins\mcufinder/ => C:\Users\ADMIN\.stmcufinder\plugins\mcufinder
2024-11-01 15:10:51,209 [INFO] DbMcusAds:119 - Set database path to: C:\Users\ADMIN\.stmcufinder\plugins\mcufinder//mcu/
2024-11-01 15:10:51,209 [WARN] DbFile:35 - Overriding database path with different value: C:\Users\ADMIN\.stmcufinder\plugins\mcufinder/ => C:\Users\ADMIN\.stmcufinder\plugins\mcufinder
2024-11-01 15:10:51,209 [INFO] DbMcusDocs:110 - Set database path to: C:\Users\ADMIN\.stmcufinder\plugins\mcufinder//mcu/
2024-11-01 15:10:51,209 [WARN] DbFile:35 - Overriding database path with different value: C:\Users\ADMIN\.stmcufinder\plugins\mcufinder/ => C:\Users\ADMIN\.stmcufinder\plugins\mcufinder
2024-11-01 15:10:51,209 [INFO] DbMcusJson:64 - Set database path to: C:\Users\ADMIN\.stmcufinder\plugins\mcufinder//mcu/
2024-11-01 15:10:51,209 [WARN] DbFile:35 - Overriding database path with different value: C:\Users\ADMIN\.stmcufinder\plugins\mcufinder/ => C:\Users\ADMIN\.stmcufinder\plugins\mcufinder
2024-11-01 15:10:51,209 [INFO] DbBoardsDocs:110 - Set database path to: C:\Users\ADMIN\.stmcufinder\plugins\mcufinder//mcu/
2024-11-01 15:10:51,209 [WARN] DbFile:35 - Overriding database path with different value: C:\Users\ADMIN\.stmcufinder\plugins\mcufinder/ => C:\Users\ADMIN\.stmcufinder\plugins\mcufinder
2024-11-01 15:10:51,209 [INFO] DbBoardsJson:57 - Set database path to: C:\Users\ADMIN\.stmcufinder\plugins\mcufinder//mcu/
2024-11-01 15:10:51,209 [WARN] DbFile:35 - Overriding database path with different value: C:\Users\ADMIN\.stmcufinder\plugins\mcufinder/ => C:\Users\ADMIN\.stmcufinder\plugins\mcufinder
2024-11-01 15:10:51,209 [WARN] DbFile:35 - Overriding database path with different value: C:\Users\ADMIN\.stmcufinder\plugins\mcufinder/ => C:\Users\ADMIN\.stmcufinder\plugins\mcufinder
2024-11-01 15:10:51,209 [INFO] CrossReferenceDbSqlite:196 - Set database path to: C:\Users\ADMIN\.stmcufinder\plugins\mcufinder//mcu/cs/
2024-11-01 15:10:51,209 [WARN] DbFile:35 - Overriding database path with different value: C:\Users\ADMIN\.stmcufinder\plugins\mcufinder/ => C:\Users\ADMIN\.stmcufinder\plugins\mcufinder
2024-11-01 15:10:51,209 [INFO] DbExamplesSqlite:767 - Set database path to: C:\Users\ADMIN\.stmcufinder\plugins\mcufinder//mcu/
2024-11-01 15:10:51,221 [INFO] ApplicationProperties:181 - Using Application install path: C:\ST\STM32CubeIDE_1.7.0\STM32CubeIDE\plugins\com.st.stm32cube.common.mx_6.3.0.202107141111
2024-11-01 15:10:51,222 [INFO] PluginManage:188 - Search for loadable plugins [exclusion list=, ]
2024-11-01 15:10:51,223 [INFO] PluginManage:302 - Check plugin analytics
2024-11-01 15:10:51,336 [INFO] AnalyticsPlugin:257 - Accepted Software Licenses: 
2024-11-01 15:10:51,336 [INFO] AnalyticsPlugin:259 - Accepted CMSIS Pack Licenses: 
2024-11-01 15:10:51,337 [INFO] AnalyticsPlugin:261 - Accepted Firmware Licenses: 
2024-11-01 15:10:51,338 [INFO] PluginManage:352 - Loaded plugin analytics (category:tool,tabindex:-1)
2024-11-01 15:10:51,338 [INFO] PluginManage:302 - Check plugin clock
2024-11-01 15:10:51,355 [INFO] PluginManage:352 - Loaded plugin clock (category:base,tabindex:2)
2024-11-01 15:10:51,355 [INFO] PluginManage:302 - Check plugin ddr
2024-11-01 15:10:51,358 [INFO] PluginManage:352 - Loaded plugin ddr (category:tool,tabindex:6)
2024-11-01 15:10:51,358 [INFO] PluginManage:302 - Check plugin filemanager
2024-11-01 15:10:51,469 [INFO] PluginManage:352 - Loaded plugin filemanager (category:base,tabindex:10)
2024-11-01 15:10:51,470 [INFO] PluginManage:302 - Check plugin ipmanager
2024-11-01 15:10:51,477 [INFO] PluginManage:352 - Loaded plugin ipmanager (category:base,tabindex:5)
2024-11-01 15:10:51,477 [INFO] PluginManage:302 - Check plugin pinoutandconfiguration
2024-11-01 15:10:51,493 [INFO] PluginManage:352 - Loaded plugin pinoutandconfiguration (category:base,tabindex:1)
2024-11-01 15:10:51,493 [INFO] PluginManage:302 - Check plugin pinoutconfig
2024-11-01 15:10:51,527 [INFO] PluginManage:352 - Loaded plugin pinoutconfig (category:base,tabindex:0)
2024-11-01 15:10:51,527 [INFO] PluginManage:302 - Check plugin power
2024-11-01 15:10:51,547 [INFO] PluginManage:352 - Loaded plugin power (category:power,tabindex:4)
2024-11-01 15:10:51,547 [INFO] PluginManage:302 - Check plugin projectmanager
2024-11-01 15:10:51,562 [INFO] PluginManage:352 - Loaded plugin projectmanager (category:projectmanager,tabindex:3)
2024-11-01 15:10:51,562 [INFO] PluginManage:302 - Check plugin thirdparty
2024-11-01 15:10:51,779 [WARN] IntegrityCheckThread:78 - waiting for thirdparty lock release [integrity check]
2024-11-01 15:10:51,781 [INFO] IntegrityCheckThread:80 - entering critical section [integrity check]
2024-11-01 15:10:51,779 [INFO] PluginManage:352 - Loaded plugin thirdparty (category:base,tabindex:-1)
2024-11-01 15:10:51,781 [INFO] PluginManage:302 - Check plugin tools
2024-11-01 15:10:51,781 [INFO] ThirdPartyUpdaterWithRetryManager:66 - Updater plugin not ready yet. [1/15]
2024-11-01 15:10:51,826 [INFO] PluginManage:352 - Loaded plugin tools (category:base,tabindex:7)
2024-11-01 15:10:51,826 [INFO] PluginManage:302 - Check plugin tutovideos
2024-11-01 15:10:52,008 [INFO] PluginManage:352 - Loaded plugin tutovideos (category:base,tabindex:-1)
2024-11-01 15:10:52,009 [INFO] PluginManage:302 - Check plugin updater
2024-11-01 15:10:52,022 [INFO] PluginManage:352 - Loaded plugin updater (category:base,tabindex:12)
2024-11-01 15:10:52,023 [INFO] PluginManage:275 - PluginManage : Loaded plugins [13]
2024-11-01 15:10:52,155 [INFO] PinOutPanel:1463 - setPackage(No Configuration,No Configuration)
2024-11-01 15:10:52,229 [INFO] IPUIPlugin:74 - create IPUIPlugin
2024-11-01 15:10:52,230 [INFO] PluginManager:213 - loadIPPluginJar : add adc
2024-11-01 15:10:52,262 [INFO] IPUIPlugin:74 - create IPUIPlugin
2024-11-01 15:10:52,262 [INFO] PluginManager:213 - loadIPPluginJar : add aes
2024-11-01 15:10:52,296 [INFO] IPUIPlugin:74 - create IPUIPlugin
2024-11-01 15:10:52,302 [INFO] PluginManager:213 - loadIPPluginJar : add can
2024-11-01 15:10:52,329 [INFO] IPUIPlugin:74 - create IPUIPlugin
2024-11-01 15:10:52,330 [INFO] PluginManager:213 - loadIPPluginJar : add comp
2024-11-01 15:10:52,357 [INFO] IPUIPlugin:74 - create IPUIPlugin
2024-11-01 15:10:52,357 [INFO] PluginManager:213 - loadIPPluginJar : add cryp
2024-11-01 15:10:52,384 [INFO] IPUIPlugin:74 - create IPUIPlugin
2024-11-01 15:10:52,384 [INFO] PluginManager:213 - loadIPPluginJar : add dfsdm
2024-11-01 15:10:52,395 [INFO] IPUIPlugin:74 - create IPUIPlugin
2024-11-01 15:10:52,395 [INFO] PluginManager:213 - loadIPPluginJar : add dma
2024-11-01 15:10:52,432 [INFO] IPUIPlugin:74 - create IPUIPlugin
2024-11-01 15:10:52,432 [INFO] PluginManager:213 - loadIPPluginJar : add dma3
2024-11-01 15:10:52,453 [INFO] IPUIPlugin:74 - create IPUIPlugin
2024-11-01 15:10:52,454 [INFO] PluginManager:213 - loadIPPluginJar : add fatfs
2024-11-01 15:10:52,498 [INFO] IPUIPlugin:74 - create IPUIPlugin
2024-11-01 15:10:52,498 [INFO] PluginManager:213 - loadIPPluginJar : add fmc
2024-11-01 15:10:52,511 [INFO] IPUIPlugin:74 - create IPUIPlugin
2024-11-01 15:10:52,511 [INFO] PluginManager:213 - loadIPPluginJar : add freertos
2024-11-01 15:10:52,532 [INFO] IPUIPlugin:74 - create IPUIPlugin
2024-11-01 15:10:52,532 [INFO] PluginManager:213 - loadIPPluginJar : add genericplugin
2024-11-01 15:10:52,596 [INFO] IPUIPlugin:74 - create IPUIPlugin
2024-11-01 15:10:52,596 [INFO] PluginManager:213 - loadIPPluginJar : add gfxmmu
2024-11-01 15:10:52,689 [INFO] IPUIPlugin:74 - create IPUIPlugin
2024-11-01 15:10:52,689 [INFO] PluginManager:213 - loadIPPluginJar : add gic
2024-11-01 15:10:52,700 [INFO] IPUIPlugin:74 - create IPUIPlugin
2024-11-01 15:10:52,701 [INFO] PluginManager:213 - loadIPPluginJar : add gpio
2024-11-01 15:10:52,757 [INFO] IPUIPlugin:74 - create IPUIPlugin
2024-11-01 15:10:52,757 [INFO] PluginManager:213 - loadIPPluginJar : add gtzc
2024-11-01 15:10:52,783 [INFO] IPUIPlugin:74 - create IPUIPlugin
2024-11-01 15:10:52,783 [INFO] PluginManager:213 - loadIPPluginJar : add hash
2024-11-01 15:10:52,825 [INFO] IPUIPlugin:74 - create IPUIPlugin
2024-11-01 15:10:52,825 [INFO] PluginManager:213 - loadIPPluginJar : add i2c
2024-11-01 15:10:52,860 [INFO] IPUIPlugin:74 - create IPUIPlugin
2024-11-01 15:10:52,860 [INFO] PluginManager:213 - loadIPPluginJar : add i2s
2024-11-01 15:10:52,871 [INFO] IPUIPlugin:74 - create IPUIPlugin
2024-11-01 15:10:52,871 [INFO] PluginManager:213 - loadIPPluginJar : add ipddr
2024-11-01 15:10:52,941 [INFO] IPUIPlugin:74 - create IPUIPlugin
2024-11-01 15:10:52,941 [INFO] PluginManager:213 - loadIPPluginJar : add linkedlist
2024-11-01 15:10:52,974 [INFO] IPUIPlugin:74 - create IPUIPlugin
2024-11-01 15:10:52,975 [INFO] PluginManager:213 - loadIPPluginJar : add lorawan
2024-11-01 15:10:53,004 [INFO] IPUIPlugin:74 - create IPUIPlugin
2024-11-01 15:10:53,005 [INFO] PluginManager:213 - loadIPPluginJar : add ltdc
2024-11-01 15:10:53,015 [INFO] IPUIPlugin:74 - create IPUIPlugin
2024-11-01 15:10:53,016 [INFO] PluginManager:213 - loadIPPluginJar : add mdma
2024-11-01 15:10:53,023 [INFO] IPUIPlugin:74 - create IPUIPlugin
2024-11-01 15:10:53,024 [INFO] PluginManager:213 - loadIPPluginJar : add nvic
2024-11-01 15:10:53,056 [INFO] IPUIPlugin:74 - create IPUIPlugin
2024-11-01 15:10:53,056 [INFO] PluginManager:213 - loadIPPluginJar : add opamp
2024-11-01 15:10:53,103 [INFO] IPUIPlugin:74 - create IPUIPlugin
2024-11-01 15:10:53,104 [INFO] PluginManager:213 - loadIPPluginJar : add openamp
2024-11-01 15:10:53,139 [INFO] IPUIPlugin:74 - create IPUIPlugin
2024-11-01 15:10:53,139 [INFO] PluginManager:213 - loadIPPluginJar : add pdm2pcm
2024-11-01 15:10:53,150 [INFO] IPUIPlugin:74 - create IPUIPlugin
2024-11-01 15:10:53,152 [INFO] PluginManager:213 - loadIPPluginJar : add plateformsettings
2024-11-01 15:10:53,173 [INFO] IPUIPlugin:74 - create IPUIPlugin
2024-11-01 15:10:53,174 [INFO] PluginManager:213 - loadIPPluginJar : add quadspi
2024-11-01 15:10:53,183 [INFO] IPUIPlugin:74 - create IPUIPlugin
2024-11-01 15:10:53,183 [INFO] PluginManager:213 - loadIPPluginJar : add resmgrutility
2024-11-01 15:10:53,225 [INFO] IPUIPlugin:74 - create IPUIPlugin
2024-11-01 15:10:53,225 [INFO] PluginManager:213 - loadIPPluginJar : add sai
2024-11-01 15:10:53,257 [INFO] IPUIPlugin:74 - create IPUIPlugin
2024-11-01 15:10:53,257 [INFO] PluginManager:213 - loadIPPluginJar : add spi
2024-11-01 15:10:53,300 [INFO] IPUIPlugin:74 - create IPUIPlugin
2024-11-01 15:10:53,300 [INFO] PluginManager:213 - loadIPPluginJar : add stm32_wpan
2024-11-01 15:10:53,323 [INFO] IPUIPlugin:74 - create IPUIPlugin
2024-11-01 15:10:53,324 [INFO] PluginManager:213 - loadIPPluginJar : add tim
2024-11-01 15:10:53,370 [INFO] IPUIPlugin:74 - create IPUIPlugin
2024-11-01 15:10:53,370 [INFO] PluginManager:213 - loadIPPluginJar : add touchsensing
2024-11-01 15:10:53,393 [INFO] IPUIPlugin:74 - create IPUIPlugin
2024-11-01 15:10:53,393 [INFO] PluginManager:213 - loadIPPluginJar : add tracer_emb
2024-11-01 15:10:53,416 [INFO] IPUIPlugin:74 - create IPUIPlugin
2024-11-01 15:10:53,416 [INFO] PluginManager:213 - loadIPPluginJar : add ts
2024-11-01 15:10:53,438 [INFO] IPUIPlugin:74 - create IPUIPlugin
2024-11-01 15:10:53,439 [INFO] PluginManager:213 - loadIPPluginJar : add tsc
2024-11-01 15:10:53,461 [INFO] IPUIPlugin:74 - create IPUIPlugin
2024-11-01 15:10:53,461 [INFO] PluginManager:213 - loadIPPluginJar : add ucpd
2024-11-01 15:10:53,500 [INFO] IPUIPlugin:74 - create IPUIPlugin
2024-11-01 15:10:53,500 [INFO] PluginManager:213 - loadIPPluginJar : add usart
2024-11-01 15:10:53,533 [INFO] IPUIPlugin:74 - create IPUIPlugin
2024-11-01 15:10:53,533 [INFO] PluginManager:213 - loadIPPluginJar : add usbx
2024-11-01 15:10:53,797 [FATAL] Updater:294 - Updater called before beeing initialized
2024-11-01 15:10:53,881 [FATAL] Updater:294 - Updater called before beeing initialized
2024-11-01 15:10:53,889 [INFO] DbMcusAds:47 - JSON generation date=Fri Sep 20 20:04:38 ICT 2024 (1726837478367)
2024-11-01 15:10:53,889 [FATAL] Updater:294 - Updater called before beeing initialized
2024-11-01 15:10:53,925 [WARN] DetailPanel:314 - Failed to get advertising image, set to default
2024-11-01 15:10:54,008 [FATAL] Updater:294 - Updater called before beeing initialized
2024-11-01 15:10:54,011 [FATAL] Updater:294 - Updater called before beeing initialized
2024-11-01 15:10:54,011 [FATAL] Updater:294 - Updater called before beeing initialized
2024-11-01 15:10:54,011 [WARN] DetailPanel:314 - Failed to get advertising image, set to default
2024-11-01 15:10:54,013 [FATAL] Updater:294 - Updater called before beeing initialized
2024-11-01 15:10:54,056 [ERROR] Updater:1075 - MainUpdater not yet initialized. External WinMGr cannot be set.
2024-11-01 15:10:54,066 [INFO] Updater:1012 - Updater Version found : 6.3.0
2024-11-01 15:10:54,089 [INFO] ApplicationProperties:181 - Using Application install path: C:\ST\STM32CubeIDE_1.7.0\STM32CubeIDE\plugins\com.st.stm32cube.common.mx_6.3.0.202107141111
2024-11-01 15:10:54,250 [INFO] MainUpdater:2671 - connection check result : 10
2024-11-01 15:10:54,251 [INFO] MainUpdater:265 - Updater Check For Update Now.
2024-11-01 15:10:54,251 [INFO] MicroXplorer:478 - Change Database Version : DB.6.0.30
2024-11-01 15:10:54,452 [INFO] CheckServerUpdateThread:112 - End of CheckServer Thread
2024-11-01 15:10:54,494 [INFO] MainUpdater:2671 - connection check result : 10
2024-11-01 15:10:54,502 [INFO] MainUpdater:2671 - connection check result : 10
2024-11-01 15:10:54,700 [INFO] MicroXplorer:448 - Change Database Path : 
2024-11-01 15:10:54,700 [INFO] MicroXplorer:478 - Change Database Version : DB.6.0.30
2024-11-01 15:10:54,701 [WARN] ThirdParty:813 - waiting for thirdparty lock release [close project]
2024-11-01 15:10:54,928 [ERROR] Engine:463 - C:\Users\ADMIN\.stm32cubemx\thirdparties\pdsc\STMicroelectronics.FP-SNS-MOTENVWB1.1.4.0.pdsc: PDSC version is not supported
2024-11-01 15:10:54,936 [ERROR] Engine:463 - C:\Users\ADMIN\.stm32cubemx\thirdparties\pdsc\STMicroelectronics.X-CUBE-SMBUS.2.1.0.pdsc: PDSC version is not supported
2024-11-01 15:10:54,976 [WARN] PackLoader:238 - Cannot read IP mode file for STMicroelectronics.X-CUBE-WB05N.1.1.0
2024-11-01 15:10:55,007 [WARN] PackLoader:238 - Cannot read IP mode file for STMicroelectronics.X-CUBE-AZRTOS-F7.1.1.0
2024-11-01 15:10:55,020 [ERROR] Engine:463 - C:\Users\ADMIN\.stm32cubemx\thirdparties\pdsc\STMicroelectronics.FP-SNS-FLIGHT1.5.0.2.pdsc: PDSC version is not supported
2024-11-01 15:10:55,030 [ERROR] Engine:463 - C:\Users\ADMIN\.stm32cubemx\thirdparties\pdsc\STMicroelectronics.X-CUBE-DISPLAY.3.0.0.pdsc: PDSC version is not supported
2024-11-01 15:10:55,040 [WARN] PackLoader:238 - Cannot read IP mode file for STMicroelectronics.X-CUBE-BLE1.7.0.0
2024-11-01 15:10:55,053 [WARN] PackLoader:238 - Cannot read IP mode file for STMicroelectronics.X-CUBE-NFC10.1.0.0
2024-11-01 15:10:55,063 [ERROR] Engine:463 - C:\Users\ADMIN\.stm32cubemx\thirdparties\pdsc\emotas.I-CUBE-CANOPEN.1.3.0.pdsc: PDSC version is not supported
2024-11-01 15:10:55,073 [ERROR] Engine:463 - C:\Users\ADMIN\.stm32cubemx\thirdparties\pdsc\STMicroelectronics.X-CUBE-BLEMGR.3.1.0.pdsc: PDSC version is not supported
2024-11-01 15:10:55,083 [ERROR] Engine:463 - C:\Users\ADMIN\.stm32cubemx\thirdparties\pdsc\STMicroelectronics.FP-SNS-SMARTAG2.1.2.0.pdsc: PDSC version is not supported
2024-11-01 15:10:55,101 [INFO] LogOutputStream:76 - [STDOUT_REDIRECT] 1 : Invalid condition id : UX_CORESTACK_Condition cause : null
2024-11-01 15:10:55,104 [INFO] LogOutputStream:76 - [STDOUT_REDIRECT] 1 : Invalid condition id : UX_CORESTACK_Condition cause : null
2024-11-01 15:10:55,104 [INFO] LogOutputStream:76 - [STDOUT_REDIRECT] 1 : Invalid condition id : UX_CORESTACK_Condition cause : null
2024-11-01 15:10:55,104 [INFO] LogOutputStream:76 - [STDOUT_REDIRECT] 1 : Invalid condition id : UX_CORESTACK_Condition cause : null
2024-11-01 15:10:55,105 [INFO] LogOutputStream:76 - [STDOUT_REDIRECT] 1 : Invalid condition id : UX_CORESTACK_Condition cause : null
2024-11-01 15:10:55,108 [WARN] PackLoader:238 - Cannot read IP mode file for STMicroelectronics.X-CUBE-AZRTOS-WL.2.0.0
2024-11-01 15:10:55,120 [ERROR] Engine:463 - C:\Users\ADMIN\.stm32cubemx\thirdparties\pdsc\STMicroelectronics.FP-SNS-MOTENV1.5.0.0.pdsc: PDSC version is not supported
2024-11-01 15:10:55,128 [WARN] PackLoader:238 - Cannot read IP mode file for wolfSSL.I-CUBE-wolfMQTT.1.19.0
2024-11-01 15:10:55,141 [WARN] PackLoader:238 - Cannot read IP mode file for WES.I-CUBE-Cesium.1.3.0
2024-11-01 15:10:55,154 [WARN] PackLoader:238 - Cannot read IP mode file for STMicroelectronics.X-CUBE-BLE2.3.3.0
2024-11-01 15:10:55,174 [WARN] PackLoader:238 - Cannot read IP mode file for STMicroelectronics.X-CUBE-NFC9.1.0.0
2024-11-01 15:10:55,184 [ERROR] Engine:463 - C:\Users\ADMIN\.stm32cubemx\thirdparties\pdsc\STMicroelectronics.X-CUBE-TCPP.4.1.0.pdsc: PDSC version is not supported
2024-11-01 15:10:55,207 [WARN] PackLoader:238 - Cannot read IP mode file for STMicroelectronics.X-CUBE-AZRTOS-G0.1.1.0
2024-11-01 15:10:55,222 [WARN] PackLoader:238 - Cannot read IP mode file for STMicroelectronics.X-CUBE-SAFEA1.1.2.2
2024-11-01 15:10:55,234 [WARN] PackLoader:238 - Cannot read IP mode file for STMicroelectronics.X-CUBE-NFC4.3.0.0
2024-11-01 15:10:55,245 [ERROR] Engine:463 - C:\Users\ADMIN\.stm32cubemx\thirdparties\pdsc\EmbeddedOffice.I-CUBE-FS-RTOS.1.0.1.pdsc: PDSC version is not supported
2024-11-01 15:10:55,253 [ERROR] Engine:463 - C:\Users\ADMIN\.stm32cubemx\thirdparties\pdsc\RealThread.X-CUBE-RT-Thread_Nano.4.1.1.pdsc: PDSC version is not supported
2024-11-01 15:10:55,262 [WARN] PackLoader:238 - Cannot read IP mode file for STMicroelectronics.FP-ATR-SIGFOX1.3.2.0
2024-11-01 15:10:55,275 [WARN] PackLoader:238 - Cannot read IP mode file for STMicroelectronics.X-CUBE-EEPRMA1.5.1.0
2024-11-01 15:10:55,290 [ERROR] Engine:463 - C:\Users\ADMIN\.stm32cubemx\thirdparties\pdsc\ITTIA_DB.I-CUBE-ITTIADB.8.9.0.pdsc: PDSC version is not supported
2024-11-01 15:10:55,332 [WARN] PackLoader:238 - Cannot read IP mode file for SEGGER.I-CUBE-embOS.1.3.1
2024-11-01 15:10:55,384 [WARN] PackLoader:238 - Cannot read IP mode file for STMicroelectronics.X-CUBE-ALGOBUILD.1.4.0
2024-11-01 15:10:55,394 [WARN] PackLoader:238 - Cannot read IP mode file for STMicroelectronics.X-CUBE-AI.9.1.0
2024-11-01 15:10:55,422 [WARN] PackLoader:238 - Cannot read IP mode file for STMicroelectronics.X-CUBE-AZRTOS-F4.1.1.0
2024-11-01 15:10:55,432 [ERROR] Engine:463 - C:\Users\ADMIN\.stm32cubemx\thirdparties\pdsc\STMicroelectronics.X-CUBE-FREERTOS.1.2.0.pdsc: PDSC version is not supported
2024-11-01 15:10:55,454 [WARN] PackLoader:238 - Cannot read IP mode file for STMicroelectronics.X-CUBE-AZRTOS-L5.2.0.0
2024-11-01 15:10:55,467 [WARN] PackLoader:238 - Cannot read IP mode file for STMicroelectronics.X-CUBE-NFC6.3.1.0
2024-11-01 15:10:55,475 [WARN] PackLoader:238 - Cannot read IP mode file for STMicroelectronics.X-CUBE-AI.9.0.0
2024-11-01 15:10:55,483 [WARN] PackLoader:238 - Cannot read IP mode file for STMicroelectronics.X-CUBE-NFC7.1.0.1
2024-11-01 15:10:55,512 [WARN] ConditionMgr:437 - getConditionDescription Invalid condition id : LAN8742 Phy interface Condition cause : null
2024-11-01 15:10:55,513 [WARN] PackLoader:238 - Cannot read IP mode file for STMicroelectronics.X-CUBE-AZRTOS-L4.2.0.0
2024-11-01 15:10:55,514 [WARN] ConditionMgr:1038 - genDependencies : Invalid condition id : LAN8742 Phy interface Condition cause : null
2024-11-01 15:10:55,514 [WARN] ConditionMgr:1038 - genDependencies : Invalid condition id : LAN8742 Phy interface Condition cause : null
2024-11-01 15:10:55,515 [WARN] ConditionMgr:1038 - genDependencies : Invalid condition id : LAN8742 Phy interface Condition cause : null
2024-11-01 15:10:55,529 [WARN] PackLoader:238 - Cannot read IP mode file for STMicroelectronics.X-CUBE-SFXS2LP1.4.0.0
2024-11-01 15:10:55,544 [ERROR] Engine:463 - C:\Users\ADMIN\.stm32cubemx\thirdparties\pdsc\STMicroelectronics.X-CUBE-IPS.3.0.0.pdsc: PDSC version is not supported
2024-11-01 15:10:55,565 [WARN] ConditionMgr:437 - getConditionDescription Invalid condition id : UX DEVICE CLASS RTOS Condition cause : null
2024-11-01 15:10:55,566 [WARN] ConditionMgr:437 - getConditionDescription Invalid condition id : UX DEVICE CLASS RTOS Condition cause : null
2024-11-01 15:10:55,567 [WARN] PackLoader:238 - Cannot read IP mode file for STMicroelectronics.X-CUBE-AZRTOS-WB.2.0.0
2024-11-01 15:10:55,568 [WARN] ConditionMgr:1038 - genDependencies : Invalid condition id : UX DEVICE CLASS RTOS Condition cause : null
2024-11-01 15:10:55,568 [WARN] ConditionMgr:1038 - genDependencies : Invalid condition id : UX DEVICE CLASS RTOS Condition cause : null
2024-11-01 15:10:55,568 [WARN] ConditionMgr:1038 - genDependencies : Invalid condition id : UX DEVICE CLASS RTOS Condition cause : null
2024-11-01 15:10:55,568 [WARN] ConditionMgr:1038 - genDependencies : Invalid condition id : UX DEVICE CLASS RTOS Condition cause : null
2024-11-01 15:10:55,568 [WARN] ConditionMgr:1038 - genDependencies : Invalid condition id : UX DEVICE CLASS RTOS Condition cause : null
2024-11-01 15:10:55,586 [WARN] PackLoader:238 - Cannot read IP mode file for STMicroelectronics.X-CUBE-SUBG2.5.0.0
2024-11-01 15:10:55,599 [ERROR] Engine:463 - C:\Users\ADMIN\.stm32cubemx\thirdparties\pdsc\Cesanta.I-CUBE-Mongoose.7.13.0.pdsc: PDSC version is not supported
2024-11-01 15:10:55,623 [WARN] PackLoader:238 - Cannot read IP mode file for STMicroelectronics.X-CUBE-AZRTOS-G4.2.0.0
2024-11-01 15:10:55,634 [ERROR] Engine:463 - C:\Users\ADMIN\.stm32cubemx\thirdparties\pdsc\STMicroelectronics.X-CUBE-ALS.1.0.2.pdsc: PDSC version is not supported
2024-11-01 15:10:55,645 [WARN] PackLoader:238 - Cannot read IP mode file for portGmbH.I-Cube-SoM-uGOAL.1.1.0
2024-11-01 15:10:55,670 [WARN] PackLoader:238 - Cannot read IP mode file for STMicroelectronics.X-CUBE-AZRTOS-H7RS.1.0.0
2024-11-01 15:10:55,682 [WARN] PackLoader:238 - Cannot read IP mode file for STMicroelectronics.FP-ATR-ASTRA1.2.0.0
2024-11-01 15:10:55,700 [ERROR] Engine:463 - C:\Users\ADMIN\.stm32cubemx\thirdparties\pdsc\Infineon.AIROC-Wi-Fi-Bluetooth-STM32.1.6.1.pdsc: PDSC version is not supported
2024-11-01 15:10:55,701 [INFO] ThirdParty:915 - Integrity check success = true
2024-11-01 15:10:55,702 [INFO] IntegrityCheckThread:94 - exiting critical section [integrity check]
2024-11-01 15:10:55,702 [INFO] IntegrityCheckThread:97 - End integrity checks thread
2024-11-01 15:10:55,702 [INFO] ThirdParty:815 - entering critical section [close project]
2024-11-01 15:10:55,703 [INFO] ThirdParty:825 - exiting critical section [close project]
2024-11-01 15:10:55,708 [INFO] PinOutPanel:1463 - setPackage(No Configuration,No Configuration)
2024-11-01 15:10:55,709 [INFO] UtilMem:74 - Begin LoadConfig() Used Memory: 633364488 Bytes (670040064)
2024-11-01 15:10:55,710 [INFO] MicroXplorer:448 - Change Database Path : 
2024-11-01 15:10:55,710 [INFO] MicroXplorer:478 - Change Database Version : DB.6.0.30
2024-11-01 15:10:55,710 [INFO] OpenFileManager:313 - Change cursor
2024-11-01 15:10:56,371 [INFO] Context:592 - Trying to add GPIOservice into a context  which must be forbidden
2024-11-01 15:10:56,557 [WARN] ApiManager:304 - Cannot register API 'Board Extension:NFC09A1' from pack STMicroelectronics.X-CUBE-NFC9.1.0.0: no header file found
2024-11-01 15:10:56,560 [WARN] ApiManager:304 - Cannot register API 'Wireless:BlueNRG-MS' from pack STMicroelectronics.X-CUBE-BLE1.7.0.0: no header file found
2024-11-01 15:10:56,561 [WARN] ApiManager:304 - Cannot register API 'Board Extension:NFC10A1' from pack STMicroelectronics.X-CUBE-NFC10.1.0.0: no header file found
2024-11-01 15:10:56,562 [WARN] ApiManager:304 - Cannot register API 'Wireless:STM32WB05N' from pack STMicroelectronics.X-CUBE-WB05N.1.1.0: no header file found
2024-11-01 15:10:56,562 [WARN] ApiManager:304 - Cannot register API 'Board Extension:EEPRMA2' from pack STMicroelectronics.X-CUBE-EEPRMA1.5.1.0: no header file found
2024-11-01 15:10:56,562 [WARN] ApiManager:304 - Cannot register API 'Board Extension:PGEEZ1' from pack STMicroelectronics.X-CUBE-EEPRMA1.5.1.0: no header file found
2024-11-01 15:10:56,562 [WARN] ApiManager:304 - Cannot register API 'Board Extension:EEICA1' from pack STMicroelectronics.X-CUBE-EEPRMA1.5.1.0: no header file found
2024-11-01 15:10:56,563 [WARN] ApiManager:304 - Cannot register API 'Board Part:M24' from pack STMicroelectronics.X-CUBE-EEPRMA1.5.1.0: no header file found
2024-11-01 15:10:56,563 [WARN] ApiManager:304 - Cannot register API 'Board Part:M95' from pack STMicroelectronics.X-CUBE-EEPRMA1.5.1.0: no header file found
2024-11-01 15:10:56,563 [WARN] ApiManager:304 - Cannot register API 'Board Part:M95P32' from pack STMicroelectronics.X-CUBE-EEPRMA1.5.1.0: no header file found
2024-11-01 15:10:56,563 [WARN] ApiManager:304 - Cannot register API 'Board Part:M24256E-F' from pack STMicroelectronics.X-CUBE-EEPRMA1.5.1.0: no header file found
2024-11-01 15:10:56,563 [WARN] ApiManager:304 - Cannot register API 'Board Part:M24M01E-F' from pack STMicroelectronics.X-CUBE-EEPRMA1.5.1.0: no header file found
2024-11-01 15:10:56,563 [WARN] ApiManager:304 - Cannot register API 'PGEEZ1:SPI' from pack STMicroelectronics.X-CUBE-EEPRMA1.5.1.0: no header file found
2024-11-01 15:10:56,563 [WARN] ApiManager:304 - Cannot register API 'PGEEZ1:QDSPI' from pack STMicroelectronics.X-CUBE-EEPRMA1.5.1.0: no header file found
2024-11-01 15:10:56,564 [WARN] ModelIntegratedComponent:60 - No mode defined for component null
2024-11-01 15:10:56,564 [WARN] ModelIntegratedComponent:60 - No mode defined for component null
2024-11-01 15:10:56,565 [WARN] ModelIntegratedComponent:60 - No mode defined for component null
2024-11-01 15:10:56,565 [WARN] ModelIntegratedComponent:60 - No mode defined for component null
2024-11-01 15:10:56,565 [WARN] ModelIntegratedComponent:60 - No mode defined for component null
2024-11-01 15:10:56,565 [WARN] ModelIntegratedComponent:60 - No mode defined for component null
2024-11-01 15:10:56,565 [WARN] ModelIntegratedComponent:60 - No mode defined for component null
2024-11-01 15:10:56,565 [WARN] ModelIntegratedComponent:60 - No mode defined for component null
2024-11-01 15:10:56,565 [WARN] ModelIntegratedComponent:60 - No mode defined for component null
2024-11-01 15:10:56,565 [WARN] ModelIntegratedComponent:60 - No mode defined for component null
2024-11-01 15:10:56,565 [WARN] ModelIntegratedComponent:60 - No mode defined for component null
2024-11-01 15:10:56,565 [WARN] ModelIntegratedComponent:60 - No mode defined for component null
2024-11-01 15:10:56,565 [WARN] ModelIntegratedComponent:60 - No mode defined for component null
2024-11-01 15:10:56,565 [WARN] ModelIntegratedComponent:60 - No mode defined for component null
2024-11-01 15:10:56,565 [WARN] ModelIntegratedComponent:60 - No mode defined for component null
2024-11-01 15:10:56,565 [WARN] ModelIntegratedComponent:60 - No mode defined for component null
2024-11-01 15:10:56,565 [WARN] ModelIntegratedComponent:60 - No mode defined for component null
2024-11-01 15:10:56,565 [WARN] ModelIntegratedComponent:60 - No mode defined for component null
2024-11-01 15:10:56,565 [WARN] ModelIntegratedComponent:60 - No mode defined for component null
2024-11-01 15:10:56,565 [WARN] ModelIntegratedComponent:60 - No mode defined for component null
2024-11-01 15:10:56,565 [WARN] ModelIntegratedComponent:60 - No mode defined for component null
2024-11-01 15:10:56,565 [WARN] ModelIntegratedComponent:60 - No mode defined for component null
2024-11-01 15:10:56,565 [WARN] ModelIntegratedComponent:60 - No mode defined for component null
2024-11-01 15:10:56,566 [WARN] ModelIntegratedComponent:60 - No mode defined for component null
2024-11-01 15:10:56,566 [WARN] ModelIntegratedComponent:60 - No mode defined for component null
2024-11-01 15:10:56,566 [WARN] ModelIntegratedComponent:60 - No mode defined for component null
2024-11-01 15:10:56,566 [WARN] ModelIntegratedComponent:60 - No mode defined for component null
2024-11-01 15:10:56,566 [WARN] ModelIntegratedComponent:60 - No mode defined for component null
2024-11-01 15:10:56,566 [WARN] ModelIntegratedComponent:60 - No mode defined for component null
2024-11-01 15:10:56,566 [WARN] ModelIntegratedComponent:60 - No mode defined for component null
2024-11-01 15:10:56,566 [WARN] ModelIntegratedComponent:60 - No mode defined for component null
2024-11-01 15:10:56,567 [WARN] ApiManager:304 - Cannot register API 'Board Extension:NFC07A1' from pack STMicroelectronics.X-CUBE-NFC7.1.0.1: no header file found
2024-11-01 15:10:56,571 [WARN] ApiManager:304 - Cannot register API 'Board Extension:NFC06A1' from pack STMicroelectronics.X-CUBE-NFC6.3.1.0: no header file found
2024-11-01 15:10:56,571 [WARN] ApiManager:304 - Cannot register API 'Board Extension:NFC08A1' from pack STMicroelectronics.X-CUBE-NFC6.3.1.0: no header file found
2024-11-01 15:10:56,575 [INFO] RtosManager:484 - Registered RTOS mode: class=CMSIS, group=RTOS, mode=CMSIS_V1, owner=FREERTOS
2024-11-01 15:10:56,575 [INFO] RtosManager:484 - Registered RTOS mode: class=CMSIS, group=RTOS2, mode=CMSIS_V2, owner=FREERTOS
2024-11-01 15:10:56,575 [INFO] RtosManager:484 - Registered RTOS mode: class=RTOS, group=Core, mode=CMSIS_V1, owner=FREERTOS
2024-11-01 15:10:56,575 [INFO] RtosManager:484 - Registered RTOS mode: class=RTOS, group=Core, mode=CMSIS_V2, owner=FREERTOS
2024-11-01 15:10:56,575 [WARN] ModelIntegratedComponent:181 - Missing modes for component STMicroelectronics:FreeRTOS:0.0.1:STMicroelectronics:RTOS:FreeRTOS:Core:::10.2.0:
2024-11-01 15:10:56,576 [WARN] ApiManager:304 - Cannot register API 'Board Extension:STSAFEA1' from pack STMicroelectronics.X-CUBE-SAFEA1.1.2.2: no header file found
2024-11-01 15:10:56,576 [WARN] ApiManager:304 - Cannot register API 'Board Part:STSAFEA110' from pack STMicroelectronics.X-CUBE-SAFEA1.1.2.2: no header file found
2024-11-01 15:10:56,576 [WARN] ApiManager:304 - Cannot register API 'Security:ST_Cryptolib' from pack STMicroelectronics.X-CUBE-SAFEA1.1.2.2: no header file found
2024-11-01 15:10:56,576 [WARN] ApiManager:304 - Cannot register API 'Security:MbedTLS' from pack STMicroelectronics.X-CUBE-SAFEA1.1.2.2: no header file found
2024-11-01 15:10:56,577 [WARN] ApiManager:304 - Cannot register API 'Board Extension:NFC04A1' from pack STMicroelectronics.X-CUBE-NFC4.3.0.0: no header file found
2024-11-01 15:10:56,584 [WARN] ApiManager:304 - Cannot register API 'Board Extension:S2868A1' from pack STMicroelectronics.X-CUBE-SUBG2.5.0.0: no header file found
2024-11-01 15:10:56,584 [WARN] ApiManager:304 - Cannot register API 'Board Extension:S2868A2' from pack STMicroelectronics.X-CUBE-SUBG2.5.0.0: no header file found
2024-11-01 15:10:56,584 [WARN] ApiManager:304 - Cannot register API 'Board Extension:S2915A1' from pack STMicroelectronics.X-CUBE-SUBG2.5.0.0: no header file found
2024-11-01 15:10:56,587 [WARN] ApiManager:304 - Cannot register API 'Board Extension:S2868A1' from pack STMicroelectronics.X-CUBE-SFXS2LP1.4.0.0: no header file found
2024-11-01 15:10:56,587 [WARN] ApiManager:304 - Cannot register API 'Board Extension:S2868A2' from pack STMicroelectronics.X-CUBE-SFXS2LP1.4.0.0: no header file found
2024-11-01 15:10:56,587 [WARN] ApiManager:304 - Cannot register API 'Board Extension:S2915A1' from pack STMicroelectronics.X-CUBE-SFXS2LP1.4.0.0: no header file found
2024-11-01 15:10:56,587 [WARN] ApiManager:304 - Cannot register API 'Wireless:BlueNRG-2' from pack STMicroelectronics.X-CUBE-BLE2.3.3.0: no header file found
2024-11-01 15:10:56,990 [INFO] UtilMem:74 - End LoadConfig() Used Memory: 633532304 Bytes (680525824)
2024-11-01 15:10:56,991 [INFO] DbMcusXml:100 - Load MCU database from C:\ST\STM32CubeIDE_1.7.0\STM32CubeIDE\plugins\com.st.stm32cube.common.mx_6.3.0.202107141111\\db\/mcu/families.xml
2024-11-01 15:10:57,611 [INFO] DbMcusJson:93 - JSON generation date=Tue Nov 16 23:17:54 ICT 2021 (1637079474)
2024-11-01 15:10:58,101 [INFO] DbMcus:175 - Found 1951 MCUs (1903 are supported by CubeMX, 1914 are visible in CubeMX)
2024-11-01 15:10:58,103 [INFO] ApiDb:251 - Load user favorites file C:\Users\ADMIN/.stm32cubeide/favorites.mcus.txt: 0 item(s)
2024-11-01 15:10:58,103 [INFO] ApiDb:255 - User favorites MCUs=[]
2024-11-01 15:10:58,103 [INFO] DbMcus:187 - Set 0 / 0 favorites MCUs
2024-11-01 15:10:58,113 [WARN] ThirdParty:779 - waiting for thirdparty lock release [change project]
2024-11-01 15:10:58,113 [INFO] ThirdParty:781 - entering critical section [change project]
2024-11-01 15:10:58,113 [INFO] ThirdParty:967 - CMSIS Pack Vendor :STMicroelectronics X-CUBE-NFC9 1.0.0
2024-11-01 15:10:58,113 [INFO] ThirdParty:967 - CMSIS Pack Vendor :STMicroelectronics USB_HOST 2.0.0
2024-11-01 15:10:58,113 [INFO] ThirdParty:967 - CMSIS Pack Vendor :STMicroelectronics X-CUBE-AZRTOS-F4 1.1.0
2024-11-01 15:10:58,113 [INFO] ThirdParty:967 - CMSIS Pack Vendor :STMicroelectronics X-CUBE-BLE1 7.0.0
2024-11-01 15:10:58,113 [INFO] ThirdParty:967 - CMSIS Pack Vendor :STMicroelectronics FP-ATR-SIGFOX1 3.2.0
2024-11-01 15:10:58,113 [INFO] ThirdParty:967 - CMSIS Pack Vendor :STMicroelectronics X-CUBE-NFC10 1.0.0
2024-11-01 15:10:58,113 [INFO] ThirdParty:967 - CMSIS Pack Vendor :STMicroelectronics X-CUBE-WB05N 1.1.0
2024-11-01 15:10:58,113 [INFO] ThirdParty:967 - CMSIS Pack Vendor :STMicroelectronics USB_DEVICE 3.0.0
2024-11-01 15:10:58,113 [INFO] ThirdParty:967 - CMSIS Pack Vendor :STMicroelectronics X-CUBE-EEPRMA1 5.1.0
2024-11-01 15:10:58,113 [INFO] ThirdParty:967 - CMSIS Pack Vendor :STMicroelectronics HAL Drivers 0.0.0
2024-11-01 15:10:58,113 [INFO] ThirdParty:967 - CMSIS Pack Vendor :STMicroelectronics MBEDTLS 2.16.2
2024-11-01 15:10:58,113 [INFO] ThirdParty:967 - CMSIS Pack Vendor :STMicroelectronics X-CUBE-AZRTOS-WB 2.0.0
2024-11-01 15:10:58,113 [INFO] ThirdParty:967 - CMSIS Pack Vendor :STMicroelectronics X-CUBE-NFC7 1.0.1
2024-11-01 15:10:58,113 [INFO] ThirdParty:967 - CMSIS Pack Vendor :STMicroelectronics MBEDTLS 2.14.1
2024-11-01 15:10:58,113 [INFO] ThirdParty:967 - CMSIS Pack Vendor :STMicroelectronics X-CUBE-AZRTOS-F7 1.1.0
2024-11-01 15:10:58,114 [INFO] ThirdParty:967 - CMSIS Pack Vendor :STMicroelectronics X-CUBE-AZRTOS-L5 2.0.0
2024-11-01 15:10:58,114 [INFO] ThirdParty:967 - CMSIS Pack Vendor :portGmbH I-Cube-SoM-uGOAL 1.1.0
2024-11-01 15:10:58,114 [INFO] ThirdParty:967 - CMSIS Pack Vendor :STMicroelectronics USB_DEVICE 2.0.0
2024-11-01 15:10:58,114 [INFO] ThirdParty:967 - CMSIS Pack Vendor :STMicroelectronics X-CUBE-NFC6 3.1.0
2024-11-01 15:10:58,114 [INFO] ThirdParty:967 - CMSIS Pack Vendor :STMicroelectronics X-CUBE-AZRTOS-WL 2.0.0
2024-11-01 15:10:58,114 [INFO] ThirdParty:967 - CMSIS Pack Vendor :SEGGER I-CUBE-embOS 1.3.1
2024-11-01 15:10:58,114 [INFO] ThirdParty:967 - CMSIS Pack Vendor :STMicroelectronics X-CUBE-ALGOBUILD 1.4.0
2024-11-01 15:10:58,114 [INFO] ThirdParty:967 - CMSIS Pack Vendor :STMicroelectronics FreeRTOS 0.0.1
2024-11-01 15:10:58,114 [INFO] ThirdParty:967 - CMSIS Pack Vendor :STMicroelectronics X-CUBE-AZRTOS-G0 1.1.0
2024-11-01 15:10:58,114 [INFO] ThirdParty:967 - CMSIS Pack Vendor :STMicroelectronics USB_DEVICE 1.0.0
2024-11-01 15:10:58,114 [INFO] ThirdParty:967 - CMSIS Pack Vendor :STMicroelectronics X-CUBE-SAFEA1 1.2.2
2024-11-01 15:10:58,114 [INFO] ThirdParty:967 - CMSIS Pack Vendor :STMicroelectronics X-CUBE-NFC4 3.0.0
2024-11-01 15:10:58,114 [INFO] ThirdParty:967 - CMSIS Pack Vendor :STMicroelectronics X-CUBE-SUBG2 5.0.0
2024-11-01 15:10:58,114 [INFO] ThirdParty:967 - CMSIS Pack Vendor :STMicroelectronics X-CUBE-AZRTOS-H7RS 1.0.0
2024-11-01 15:10:58,114 [INFO] ThirdParty:967 - CMSIS Pack Vendor :wolfSSL I-CUBE-wolfMQTT 1.19.0
2024-11-01 15:10:58,114 [INFO] ThirdParty:967 - CMSIS Pack Vendor :STMicroelectronics X-CUBE-AZRTOS-L4 2.0.0
2024-11-01 15:10:58,114 [INFO] ThirdParty:967 - CMSIS Pack Vendor :STMicroelectronics ThreadX 0.0.2
2024-11-01 15:10:58,114 [INFO] ThirdParty:967 - CMSIS Pack Vendor :WES I-CUBE-Cesium 1.3.0
2024-11-01 15:10:58,114 [INFO] ThirdParty:967 - CMSIS Pack Vendor :STMicroelectronics FP-ATR-ASTRA1 2.0.0
2024-11-01 15:10:58,114 [INFO] ThirdParty:967 - CMSIS Pack Vendor :STMicroelectronics lwIP 2.0.3
2024-11-01 15:10:58,114 [INFO] ThirdParty:967 - CMSIS Pack Vendor :STMicroelectronics lwIP 2.1.2
2024-11-01 15:10:58,114 [INFO] ThirdParty:967 - CMSIS Pack Vendor :STMicroelectronics X-CUBE-SFXS2LP1 4.0.0
2024-11-01 15:10:58,114 [INFO] ThirdParty:967 - CMSIS Pack Vendor :STMicroelectronics X-CUBE-BLE2 3.3.0
2024-11-01 15:10:58,115 [INFO] ThirdParty:967 - CMSIS Pack Vendor :STMicroelectronics USB_HOST 1.0.0
2024-11-01 15:10:58,115 [INFO] ThirdParty:967 - CMSIS Pack Vendor :STMicroelectronics X-CUBE-AI 9.1.0
2024-11-01 15:10:58,115 [INFO] ThirdParty:967 - CMSIS Pack Vendor :STMicroelectronics X-CUBE-AI 9.0.0
2024-11-01 15:10:58,115 [INFO] ThirdParty:967 - CMSIS Pack Vendor :STMicroelectronics X-CUBE-AZRTOS-G4 2.0.0
2024-11-01 15:10:58,115 [INFO] ThirdParty:967 - CMSIS Pack Vendor :STMicroelectronics PDM2PCM 3.1.0
2024-11-01 15:10:58,115 [INFO] ThirdParty:967 - CMSIS Pack Vendor :STMicroelectronics PDM2PCM 3.2.0
2024-11-01 15:10:58,115 [INFO] ThirdParty:967 - CMSIS Pack Vendor :STMicroelectronics PDM2PCM 3.3.0
2024-11-01 15:10:58,115 [INFO] ThirdParty:787 - exiting critical section [change project]
2024-11-01 15:10:58,337 [INFO] PinOutPanel:1463 - setPackage(No Configuration,No Configuration)
2024-11-01 15:10:58,338 [INFO] PinOutPanel:1463 - setPackage(STM32F103C6Ux,UFQFPN48)
2024-11-01 15:10:58,620 [INFO] UtilMem:74 - Before build in PCC Used Memory: 771582080 Bytes (919601152)
2024-11-01 15:10:59,153 [INFO] UtilMem:74 - After build in PCC Used Memory: 681175464 Bytes (919601152)
2024-11-01 15:10:59,166 [INFO] IPUIPlugin:74 - create IPUIPlugin
2024-11-01 15:10:59,167 [INFO] IPUIPlugin:74 - create IPUIPlugin
2024-11-01 15:10:59,167 [INFO] IPUIPlugin:74 - create IPUIPlugin
2024-11-01 15:10:59,167 [INFO] IPUIPlugin:74 - create IPUIPlugin
2024-11-01 15:10:59,167 [INFO] IPUIPlugin:74 - create IPUIPlugin
2024-11-01 15:10:59,167 [INFO] IPUIPlugin:74 - create IPUIPlugin
2024-11-01 15:10:59,167 [INFO] IPUIPlugin:74 - create IPUIPlugin
2024-11-01 15:10:59,167 [INFO] IPUIPlugin:74 - create IPUIPlugin
2024-11-01 15:10:59,167 [INFO] IPUIPlugin:74 - create IPUIPlugin
2024-11-01 15:10:59,167 [INFO] IPUIPlugin:74 - create IPUIPlugin
2024-11-01 15:10:59,167 [INFO] IPUIPlugin:74 - create IPUIPlugin
2024-11-01 15:10:59,167 [INFO] IPUIPlugin:74 - create IPUIPlugin
2024-11-01 15:10:59,168 [INFO] IPUIPlugin:74 - create IPUIPlugin
2024-11-01 15:10:59,168 [INFO] IPUIPlugin:74 - create IPUIPlugin
2024-11-01 15:10:59,168 [INFO] IPUIPlugin:74 - create IPUIPlugin
2024-11-01 15:10:59,168 [INFO] IPUIPlugin:74 - create IPUIPlugin
2024-11-01 15:10:59,168 [INFO] IPUIPlugin:74 - create IPUIPlugin
2024-11-01 15:10:59,168 [INFO] IPUIPlugin:74 - create IPUIPlugin
2024-11-01 15:10:59,169 [INFO] IPUIPlugin:74 - create IPUIPlugin
2024-11-01 15:10:59,169 [INFO] IPUIPlugin:74 - create IPUIPlugin
2024-11-01 15:10:59,169 [INFO] IPUIPlugin:74 - create IPUIPlugin
2024-11-01 15:10:59,169 [INFO] IPUIPlugin:74 - create IPUIPlugin
2024-11-01 15:10:59,169 [INFO] IPUIPlugin:74 - create IPUIPlugin
2024-11-01 15:10:59,257 [INFO] OpenFileManager:333 - Restore cursor
2024-11-01 15:12:08,727 [INFO] NvicIntPanel:96 - NVIC parent = com.st.microxplorer.plugins.ip.nvic.MultiNvicIntPanel[,0,0,0x0,invalid,layout=javax.swing.BoxLayout,alignmentX=0.0,alignmentY=0.0,border=,flags=9,maximumSize=,minimumSize=,preferredSize=]
2024-11-01 15:23:28,837 [INFO] Activator:177 - 


2024-11-01 15:23:28,838 [INFO] Activator:178 - !SESSION log4j initialized
2024-11-02 13:01:37,404 [INFO] Activator:177 - 


2024-11-02 13:01:37,405 [INFO] Activator:178 - !SESSION log4j initialized
2024-11-02 14:05:37,554 [INFO] Activator:177 - 


2024-11-02 14:05:37,555 [INFO] Activator:178 - !SESSION log4j initialized
2024-11-11 12:28:31,382 [INFO] Activator:177 - 


2024-11-11 12:28:31,382 [INFO] Activator:178 - !SESSION log4j initialized
2024-11-11 12:57:42,366 [INFO] Activator:177 - 


2024-11-11 12:57:42,366 [INFO] Activator:178 - !SESSION log4j initialized
2024-11-11 20:21:41,328 [INFO] Activator:177 - 


2024-11-11 20:21:41,330 [INFO] Activator:178 - !SESSION log4j initialized
2024-11-12 10:57:47,836 [INFO] Activator:177 - 


2024-11-12 10:57:47,836 [INFO] Activator:178 - !SESSION log4j initialized
2024-11-12 11:38:10,990 [INFO] McuFinderGlobals:39 - Set McuFinder mode to 2 (CubeIDE integrated)
2024-11-12 11:38:11,189 [INFO] ApplicationProperties:181 - Using Application install path: C:\ST\STM32CubeIDE_1.7.0\STM32CubeIDE\plugins\com.st.stm32cube.common.mx_6.3.0.202107141111
2024-11-12 11:38:11,203 [INFO] DbMcusXml:74 - Set database path to: C:\ST\STM32CubeIDE_1.7.0\STM32CubeIDE\plugins\com.st.stm32cube.common.mx_6.3.0.202107141111\\db\/mcu/
2024-11-12 11:38:11,206 [INFO] DbBoardsPdsc:56 - Set plugin database path to: C:\ST\STM32CubeIDE_1.7.0\STM32CubeIDE\plugins\com.st.stm32cube.common.mx_6.3.0.202107141111\\db\/plugins/boardmanager/
2024-11-12 11:38:11,207 [INFO] DbMcus:258 - Set plugin images path to: C:\ST\STM32CubeIDE_1.7.0\STM32CubeIDE\plugins\com.st.stm32cube.common.mx_6.3.0.202107141111\\db\/plugins/mcufinder/images/
2024-11-12 11:38:11,207 [INFO] DbBoards:264 - Set plugin images path to: C:\ST\STM32CubeIDE_1.7.0\STM32CubeIDE\plugins\com.st.stm32cube.common.mx_6.3.0.202107141111\\db\/plugins/mcufinder/images/
2024-11-12 11:38:11,209 [INFO] DbExamples:333 - Set plugin images path to: C:\ST\STM32CubeIDE_1.7.0\STM32CubeIDE\plugins\com.st.stm32cube.common.mx_6.3.0.202107141111\\db\/plugins/mcufinder/images/
2024-11-12 11:38:11,217 [INFO] DbMcusAds:119 - Set database path to: C:\Users\ADMIN\.stmcufinder\plugins\mcufinder//mcu/
2024-11-12 11:38:11,217 [INFO] DbMcusDocs:110 - Set database path to: C:\Users\ADMIN\.stmcufinder\plugins\mcufinder//mcu/
2024-11-12 11:38:11,220 [INFO] DbMcusJson:64 - Set database path to: C:\Users\ADMIN\.stmcufinder\plugins\mcufinder//mcu/
2024-11-12 11:38:11,221 [INFO] DbBoardsDocs:110 - Set database path to: C:\Users\ADMIN\.stmcufinder\plugins\mcufinder//mcu/
2024-11-12 11:38:11,222 [INFO] DbBoardsJson:57 - Set database path to: C:\Users\ADMIN\.stmcufinder\plugins\mcufinder//mcu/
2024-11-12 11:38:11,235 [INFO] CrossReferenceDbSqlite:196 - Set database path to: C:\Users\ADMIN\.stmcufinder\plugins\mcufinder//mcu/cs/
2024-11-12 11:38:11,238 [INFO] DbExamplesSqlite:767 - Set database path to: C:\Users\ADMIN\.stmcufinder\plugins\mcufinder//mcu/
2024-11-12 11:38:11,328 [INFO] RulesReader:57 - Compatibility file has been processed (242 Rules)
2024-11-12 11:38:11,403 [INFO] DbMcusXml:74 - Set database path to: C:\ST\STM32CubeIDE_1.7.0\STM32CubeIDE\plugins\com.st.stm32cube.common.mx_6.3.0.202107141111\\db\/mcu/
2024-11-12 11:38:11,404 [INFO] DbBoardsPdsc:56 - Set plugin database path to: C:\ST\STM32CubeIDE_1.7.0\STM32CubeIDE\plugins\com.st.stm32cube.common.mx_6.3.0.202107141111\\db\/plugins/boardmanager/
2024-11-12 11:38:11,404 [INFO] DbMcus:258 - Set plugin images path to: C:\ST\STM32CubeIDE_1.7.0\STM32CubeIDE\plugins\com.st.stm32cube.common.mx_6.3.0.202107141111\\db\/plugins/mcufinder/images/
2024-11-12 11:38:11,404 [INFO] DbBoards:264 - Set plugin images path to: C:\ST\STM32CubeIDE_1.7.0\STM32CubeIDE\plugins\com.st.stm32cube.common.mx_6.3.0.202107141111\\db\/plugins/mcufinder/images/
2024-11-12 11:38:11,404 [INFO] DbExamples:333 - Set plugin images path to: C:\ST\STM32CubeIDE_1.7.0\STM32CubeIDE\plugins\com.st.stm32cube.common.mx_6.3.0.202107141111\\db\/plugins/mcufinder/images/
2024-11-12 11:38:11,404 [WARN] DbFile:35 - Overriding database path with different value: C:\Users\ADMIN\.stmcufinder\plugins\mcufinder/ => C:\Users\ADMIN\.stmcufinder\plugins\mcufinder
2024-11-12 11:38:11,404 [INFO] DbMcusAds:119 - Set database path to: C:\Users\ADMIN\.stmcufinder\plugins\mcufinder//mcu/
2024-11-12 11:38:11,405 [WARN] DbFile:35 - Overriding database path with different value: C:\Users\ADMIN\.stmcufinder\plugins\mcufinder/ => C:\Users\ADMIN\.stmcufinder\plugins\mcufinder
2024-11-12 11:38:11,405 [INFO] DbMcusDocs:110 - Set database path to: C:\Users\ADMIN\.stmcufinder\plugins\mcufinder//mcu/
2024-11-12 11:38:11,405 [WARN] DbFile:35 - Overriding database path with different value: C:\Users\ADMIN\.stmcufinder\plugins\mcufinder/ => C:\Users\ADMIN\.stmcufinder\plugins\mcufinder
2024-11-12 11:38:11,405 [INFO] DbMcusJson:64 - Set database path to: C:\Users\ADMIN\.stmcufinder\plugins\mcufinder//mcu/
2024-11-12 11:38:11,405 [WARN] DbFile:35 - Overriding database path with different value: C:\Users\ADMIN\.stmcufinder\plugins\mcufinder/ => C:\Users\ADMIN\.stmcufinder\plugins\mcufinder
2024-11-12 11:38:11,405 [INFO] DbBoardsDocs:110 - Set database path to: C:\Users\ADMIN\.stmcufinder\plugins\mcufinder//mcu/
2024-11-12 11:38:11,405 [WARN] DbFile:35 - Overriding database path with different value: C:\Users\ADMIN\.stmcufinder\plugins\mcufinder/ => C:\Users\ADMIN\.stmcufinder\plugins\mcufinder
2024-11-12 11:38:11,405 [INFO] DbBoardsJson:57 - Set database path to: C:\Users\ADMIN\.stmcufinder\plugins\mcufinder//mcu/
2024-11-12 11:38:11,405 [WARN] DbFile:35 - Overriding database path with different value: C:\Users\ADMIN\.stmcufinder\plugins\mcufinder/ => C:\Users\ADMIN\.stmcufinder\plugins\mcufinder
2024-11-12 11:38:11,405 [WARN] DbFile:35 - Overriding database path with different value: C:\Users\ADMIN\.stmcufinder\plugins\mcufinder/ => C:\Users\ADMIN\.stmcufinder\plugins\mcufinder
2024-11-12 11:38:11,406 [INFO] CrossReferenceDbSqlite:196 - Set database path to: C:\Users\ADMIN\.stmcufinder\plugins\mcufinder//mcu/cs/
2024-11-12 11:38:11,406 [WARN] DbFile:35 - Overriding database path with different value: C:\Users\ADMIN\.stmcufinder\plugins\mcufinder/ => C:\Users\ADMIN\.stmcufinder\plugins\mcufinder
2024-11-12 11:38:11,406 [INFO] DbExamplesSqlite:767 - Set database path to: C:\Users\ADMIN\.stmcufinder\plugins\mcufinder//mcu/
2024-11-12 11:38:11,465 [INFO] MainPanel:214 - HeapMemory: 869269504
2024-11-12 11:38:11,548 [INFO] DbMcusXml:74 - Set database path to: C:\ST\STM32CubeIDE_1.7.0\STM32CubeIDE\plugins\com.st.stm32cube.common.mx_6.3.0.202107141111\\db\/mcu/
2024-11-12 11:38:11,548 [INFO] DbBoardsPdsc:56 - Set plugin database path to: C:\ST\STM32CubeIDE_1.7.0\STM32CubeIDE\plugins\com.st.stm32cube.common.mx_6.3.0.202107141111\\db\/plugins/boardmanager/
2024-11-12 11:38:11,548 [INFO] DbMcus:258 - Set plugin images path to: C:\ST\STM32CubeIDE_1.7.0\STM32CubeIDE\plugins\com.st.stm32cube.common.mx_6.3.0.202107141111\\db\/plugins/mcufinder/images/
2024-11-12 11:38:11,548 [INFO] DbBoards:264 - Set plugin images path to: C:\ST\STM32CubeIDE_1.7.0\STM32CubeIDE\plugins\com.st.stm32cube.common.mx_6.3.0.202107141111\\db\/plugins/mcufinder/images/
2024-11-12 11:38:11,548 [INFO] DbExamples:333 - Set plugin images path to: C:\ST\STM32CubeIDE_1.7.0\STM32CubeIDE\plugins\com.st.stm32cube.common.mx_6.3.0.202107141111\\db\/plugins/mcufinder/images/
2024-11-12 11:38:11,549 [WARN] DbFile:35 - Overriding database path with different value: C:\Users\ADMIN\.stmcufinder\plugins\mcufinder/ => C:\Users\ADMIN\.stmcufinder\plugins\mcufinder
2024-11-12 11:38:11,549 [INFO] DbMcusAds:119 - Set database path to: C:\Users\ADMIN\.stmcufinder\plugins\mcufinder//mcu/
2024-11-12 11:38:11,549 [WARN] DbFile:35 - Overriding database path with different value: C:\Users\ADMIN\.stmcufinder\plugins\mcufinder/ => C:\Users\ADMIN\.stmcufinder\plugins\mcufinder
2024-11-12 11:38:11,549 [INFO] DbMcusDocs:110 - Set database path to: C:\Users\ADMIN\.stmcufinder\plugins\mcufinder//mcu/
2024-11-12 11:38:11,549 [WARN] DbFile:35 - Overriding database path with different value: C:\Users\ADMIN\.stmcufinder\plugins\mcufinder/ => C:\Users\ADMIN\.stmcufinder\plugins\mcufinder
2024-11-12 11:38:11,549 [INFO] DbMcusJson:64 - Set database path to: C:\Users\ADMIN\.stmcufinder\plugins\mcufinder//mcu/
2024-11-12 11:38:11,549 [WARN] DbFile:35 - Overriding database path with different value: C:\Users\ADMIN\.stmcufinder\plugins\mcufinder/ => C:\Users\ADMIN\.stmcufinder\plugins\mcufinder
2024-11-12 11:38:11,549 [INFO] DbBoardsDocs:110 - Set database path to: C:\Users\ADMIN\.stmcufinder\plugins\mcufinder//mcu/
2024-11-12 11:38:11,550 [WARN] DbFile:35 - Overriding database path with different value: C:\Users\ADMIN\.stmcufinder\plugins\mcufinder/ => C:\Users\ADMIN\.stmcufinder\plugins\mcufinder
2024-11-12 11:38:11,550 [INFO] DbBoardsJson:57 - Set database path to: C:\Users\ADMIN\.stmcufinder\plugins\mcufinder//mcu/
2024-11-12 11:38:11,550 [WARN] DbFile:35 - Overriding database path with different value: C:\Users\ADMIN\.stmcufinder\plugins\mcufinder/ => C:\Users\ADMIN\.stmcufinder\plugins\mcufinder
2024-11-12 11:38:11,550 [WARN] DbFile:35 - Overriding database path with different value: C:\Users\ADMIN\.stmcufinder\plugins\mcufinder/ => C:\Users\ADMIN\.stmcufinder\plugins\mcufinder
2024-11-12 11:38:11,550 [INFO] CrossReferenceDbSqlite:196 - Set database path to: C:\Users\ADMIN\.stmcufinder\plugins\mcufinder//mcu/cs/
2024-11-12 11:38:11,550 [WARN] DbFile:35 - Overriding database path with different value: C:\Users\ADMIN\.stmcufinder\plugins\mcufinder/ => C:\Users\ADMIN\.stmcufinder\plugins\mcufinder
2024-11-12 11:38:11,550 [INFO] DbExamplesSqlite:767 - Set database path to: C:\Users\ADMIN\.stmcufinder\plugins\mcufinder//mcu/
2024-11-12 11:38:11,564 [INFO] ApplicationProperties:181 - Using Application install path: C:\ST\STM32CubeIDE_1.7.0\STM32CubeIDE\plugins\com.st.stm32cube.common.mx_6.3.0.202107141111
2024-11-12 11:38:11,566 [INFO] PluginManage:188 - Search for loadable plugins [exclusion list=, ]
2024-11-12 11:38:11,567 [INFO] PluginManage:302 - Check plugin analytics
2024-11-12 11:38:16,649 [INFO] AnalyticsPlugin:257 - Accepted Software Licenses: 
2024-11-12 11:38:16,650 [INFO] AnalyticsPlugin:259 - Accepted CMSIS Pack Licenses: 
2024-11-12 11:38:16,650 [INFO] AnalyticsPlugin:261 - Accepted Firmware Licenses: 
2024-11-12 11:38:16,650 [INFO] PluginManage:352 - Loaded plugin analytics (category:tool,tabindex:-1)
2024-11-12 11:38:16,650 [INFO] PluginManage:302 - Check plugin clock
2024-11-12 11:38:16,672 [INFO] PluginManage:352 - Loaded plugin clock (category:base,tabindex:2)
2024-11-12 11:38:16,672 [INFO] PluginManage:302 - Check plugin ddr
2024-11-12 11:38:16,674 [INFO] PluginManage:352 - Loaded plugin ddr (category:tool,tabindex:6)
2024-11-12 11:38:16,674 [INFO] PluginManage:302 - Check plugin filemanager
2024-11-12 11:38:16,807 [INFO] PluginManage:352 - Loaded plugin filemanager (category:base,tabindex:10)
2024-11-12 11:38:16,807 [INFO] PluginManage:302 - Check plugin ipmanager
2024-11-12 11:38:16,816 [INFO] PluginManage:352 - Loaded plugin ipmanager (category:base,tabindex:5)
2024-11-12 11:38:16,816 [INFO] PluginManage:302 - Check plugin pinoutandconfiguration
2024-11-12 11:38:16,833 [INFO] PluginManage:352 - Loaded plugin pinoutandconfiguration (category:base,tabindex:1)
2024-11-12 11:38:16,833 [INFO] PluginManage:302 - Check plugin pinoutconfig
2024-11-12 11:38:16,869 [INFO] PluginManage:352 - Loaded plugin pinoutconfig (category:base,tabindex:0)
2024-11-12 11:38:16,869 [INFO] PluginManage:302 - Check plugin power
2024-11-12 11:38:16,890 [INFO] PluginManage:352 - Loaded plugin power (category:power,tabindex:4)
2024-11-12 11:38:16,890 [INFO] PluginManage:302 - Check plugin projectmanager
2024-11-12 11:38:16,906 [INFO] PluginManage:352 - Loaded plugin projectmanager (category:projectmanager,tabindex:3)
2024-11-12 11:38:16,906 [INFO] PluginManage:302 - Check plugin thirdparty
2024-11-12 11:38:17,085 [INFO] PluginManage:352 - Loaded plugin thirdparty (category:base,tabindex:-1)
2024-11-12 11:38:17,085 [INFO] PluginManage:302 - Check plugin tools
2024-11-12 11:38:17,085 [WARN] IntegrityCheckThread:78 - waiting for thirdparty lock release [integrity check]
2024-11-12 11:38:17,086 [INFO] IntegrityCheckThread:80 - entering critical section [integrity check]
2024-11-12 11:38:17,086 [INFO] ThirdPartyUpdaterWithRetryManager:66 - Updater plugin not ready yet. [1/15]
2024-11-12 11:38:17,136 [INFO] PluginManage:352 - Loaded plugin tools (category:base,tabindex:7)
2024-11-12 11:38:17,137 [INFO] PluginManage:302 - Check plugin tutovideos
2024-11-12 11:38:17,352 [INFO] PluginManage:352 - Loaded plugin tutovideos (category:base,tabindex:-1)
2024-11-12 11:38:17,352 [INFO] PluginManage:302 - Check plugin updater
2024-11-12 11:38:17,366 [INFO] PluginManage:352 - Loaded plugin updater (category:base,tabindex:12)
2024-11-12 11:38:17,366 [INFO] PluginManage:275 - PluginManage : Loaded plugins [13]
2024-11-12 11:38:17,549 [INFO] PinOutPanel:1463 - setPackage(No Configuration,No Configuration)
2024-11-12 11:38:17,670 [INFO] IPUIPlugin:74 - create IPUIPlugin
2024-11-12 11:38:17,670 [INFO] PluginManager:213 - loadIPPluginJar : add adc
2024-11-12 11:38:17,729 [INFO] IPUIPlugin:74 - create IPUIPlugin
2024-11-12 11:38:17,729 [INFO] PluginManager:213 - loadIPPluginJar : add aes
2024-11-12 11:38:17,810 [INFO] IPUIPlugin:74 - create IPUIPlugin
2024-11-12 11:38:17,810 [INFO] PluginManager:213 - loadIPPluginJar : add can
2024-11-12 11:38:17,853 [INFO] IPUIPlugin:74 - create IPUIPlugin
2024-11-12 11:38:17,854 [INFO] PluginManager:213 - loadIPPluginJar : add comp
2024-11-12 11:38:17,903 [INFO] IPUIPlugin:74 - create IPUIPlugin
2024-11-12 11:38:17,903 [INFO] PluginManager:213 - loadIPPluginJar : add cryp
2024-11-12 11:38:17,959 [INFO] IPUIPlugin:74 - create IPUIPlugin
2024-11-12 11:38:17,959 [INFO] PluginManager:213 - loadIPPluginJar : add dfsdm
2024-11-12 11:38:17,977 [INFO] IPUIPlugin:74 - create IPUIPlugin
2024-11-12 11:38:17,980 [INFO] PluginManager:213 - loadIPPluginJar : add dma
2024-11-12 11:38:18,056 [INFO] IPUIPlugin:74 - create IPUIPlugin
2024-11-12 11:38:18,056 [INFO] PluginManager:213 - loadIPPluginJar : add dma3
2024-11-12 11:38:18,106 [INFO] IPUIPlugin:74 - create IPUIPlugin
2024-11-12 11:38:18,108 [INFO] PluginManager:213 - loadIPPluginJar : add fatfs
2024-11-12 11:38:18,169 [INFO] IPUIPlugin:74 - create IPUIPlugin
2024-11-12 11:38:18,169 [INFO] PluginManager:213 - loadIPPluginJar : add fmc
2024-11-12 11:38:18,184 [INFO] IPUIPlugin:74 - create IPUIPlugin
2024-11-12 11:38:18,185 [INFO] PluginManager:213 - loadIPPluginJar : add freertos
2024-11-12 11:38:18,211 [INFO] IPUIPlugin:74 - create IPUIPlugin
2024-11-12 11:38:18,211 [INFO] PluginManager:213 - loadIPPluginJar : add genericplugin
2024-11-12 11:38:18,298 [INFO] IPUIPlugin:74 - create IPUIPlugin
2024-11-12 11:38:18,298 [INFO] PluginManager:213 - loadIPPluginJar : add gfxmmu
2024-11-12 11:38:18,424 [INFO] IPUIPlugin:74 - create IPUIPlugin
2024-11-12 11:38:18,424 [INFO] PluginManager:213 - loadIPPluginJar : add gic
2024-11-12 11:38:18,439 [INFO] IPUIPlugin:74 - create IPUIPlugin
2024-11-12 11:38:18,439 [INFO] PluginManager:213 - loadIPPluginJar : add gpio
2024-11-12 11:38:18,519 [INFO] IPUIPlugin:74 - create IPUIPlugin
2024-11-12 11:38:18,519 [INFO] PluginManager:213 - loadIPPluginJar : add gtzc
2024-11-12 11:38:18,554 [INFO] IPUIPlugin:74 - create IPUIPlugin
2024-11-12 11:38:18,555 [INFO] PluginManager:213 - loadIPPluginJar : add hash
2024-11-12 11:38:18,610 [INFO] IPUIPlugin:74 - create IPUIPlugin
2024-11-12 11:38:18,610 [INFO] PluginManager:213 - loadIPPluginJar : add i2c
2024-11-12 11:38:18,656 [INFO] IPUIPlugin:74 - create IPUIPlugin
2024-11-12 11:38:18,656 [INFO] PluginManager:213 - loadIPPluginJar : add i2s
2024-11-12 11:38:18,669 [INFO] IPUIPlugin:74 - create IPUIPlugin
2024-11-12 11:38:18,669 [INFO] PluginManager:213 - loadIPPluginJar : add ipddr
2024-11-12 11:38:18,749 [INFO] IPUIPlugin:74 - create IPUIPlugin
2024-11-12 11:38:18,749 [INFO] PluginManager:213 - loadIPPluginJar : add linkedlist
2024-11-12 11:38:18,785 [INFO] IPUIPlugin:74 - create IPUIPlugin
2024-11-12 11:38:18,785 [INFO] PluginManager:213 - loadIPPluginJar : add lorawan
2024-11-12 11:38:18,824 [INFO] IPUIPlugin:74 - create IPUIPlugin
2024-11-12 11:38:18,824 [INFO] PluginManager:213 - loadIPPluginJar : add ltdc
2024-11-12 11:38:18,839 [INFO] IPUIPlugin:74 - create IPUIPlugin
2024-11-12 11:38:18,840 [INFO] PluginManager:213 - loadIPPluginJar : add mdma
2024-11-12 11:38:18,856 [INFO] IPUIPlugin:74 - create IPUIPlugin
2024-11-12 11:38:18,856 [INFO] PluginManager:213 - loadIPPluginJar : add nvic
2024-11-12 11:38:18,905 [INFO] IPUIPlugin:74 - create IPUIPlugin
2024-11-12 11:38:18,906 [INFO] PluginManager:213 - loadIPPluginJar : add opamp
2024-11-12 11:38:19,053 [INFO] IPUIPlugin:74 - create IPUIPlugin
2024-11-12 11:38:19,054 [INFO] PluginManager:213 - loadIPPluginJar : add openamp
2024-11-12 11:38:19,122 [INFO] IPUIPlugin:74 - create IPUIPlugin
2024-11-12 11:38:19,122 [INFO] PluginManager:213 - loadIPPluginJar : add pdm2pcm
2024-11-12 11:38:19,136 [INFO] IPUIPlugin:74 - create IPUIPlugin
2024-11-12 11:38:19,139 [INFO] PluginManager:213 - loadIPPluginJar : add plateformsettings
2024-11-12 11:38:19,169 [INFO] IPUIPlugin:74 - create IPUIPlugin
2024-11-12 11:38:19,169 [INFO] PluginManager:213 - loadIPPluginJar : add quadspi
2024-11-12 11:38:19,187 [INFO] IPUIPlugin:74 - create IPUIPlugin
2024-11-12 11:38:19,187 [INFO] PluginManager:213 - loadIPPluginJar : add resmgrutility
2024-11-12 11:38:19,286 [INFO] IPUIPlugin:74 - create IPUIPlugin
2024-11-12 11:38:19,286 [INFO] PluginManager:213 - loadIPPluginJar : add sai
2024-11-12 11:38:19,347 [INFO] IPUIPlugin:74 - create IPUIPlugin
2024-11-12 11:38:19,347 [INFO] PluginManager:213 - loadIPPluginJar : add spi
2024-11-12 11:38:19,450 [INFO] IPUIPlugin:74 - create IPUIPlugin
2024-11-12 11:38:19,451 [INFO] PluginManager:213 - loadIPPluginJar : add stm32_wpan
2024-11-12 11:38:19,537 [INFO] IPUIPlugin:74 - create IPUIPlugin
2024-11-12 11:38:19,537 [INFO] PluginManager:213 - loadIPPluginJar : add tim
2024-11-12 11:38:19,671 [INFO] IPUIPlugin:74 - create IPUIPlugin
2024-11-12 11:38:19,671 [INFO] PluginManager:213 - loadIPPluginJar : add touchsensing
2024-11-12 11:38:19,713 [INFO] IPUIPlugin:74 - create IPUIPlugin
2024-11-12 11:38:19,713 [INFO] PluginManager:213 - loadIPPluginJar : add tracer_emb
2024-11-12 11:38:19,766 [INFO] IPUIPlugin:74 - create IPUIPlugin
2024-11-12 11:38:19,766 [INFO] PluginManager:213 - loadIPPluginJar : add ts
2024-11-12 11:38:19,816 [INFO] IPUIPlugin:74 - create IPUIPlugin
2024-11-12 11:38:19,817 [INFO] PluginManager:213 - loadIPPluginJar : add tsc
2024-11-12 11:38:19,847 [INFO] IPUIPlugin:74 - create IPUIPlugin
2024-11-12 11:38:19,847 [INFO] PluginManager:213 - loadIPPluginJar : add ucpd
2024-11-12 11:38:19,907 [INFO] IPUIPlugin:74 - create IPUIPlugin
2024-11-12 11:38:19,908 [INFO] PluginManager:213 - loadIPPluginJar : add usart
2024-11-12 11:38:19,957 [INFO] IPUIPlugin:74 - create IPUIPlugin
2024-11-12 11:38:19,957 [INFO] PluginManager:213 - loadIPPluginJar : add usbx
2024-11-12 11:38:20,101 [INFO] ThirdPartyUpdaterWithRetryManager:66 - Updater plugin not ready yet. [2/15]
2024-11-12 11:38:20,385 [FATAL] Updater:294 - Updater called before beeing initialized
2024-11-12 11:38:20,528 [FATAL] Updater:294 - Updater called before beeing initialized
2024-11-12 11:38:20,541 [INFO] DbMcusAds:47 - JSON generation date=Fri Sep 20 20:04:38 ICT 2024 (1726837478367)
2024-11-12 11:38:20,541 [FATAL] Updater:294 - Updater called before beeing initialized
2024-11-12 11:38:20,592 [WARN] DetailPanel:314 - Failed to get advertising image, set to default
2024-11-12 11:38:20,754 [FATAL] Updater:294 - Updater called before beeing initialized
2024-11-12 11:38:20,757 [FATAL] Updater:294 - Updater called before beeing initialized
2024-11-12 11:38:20,759 [FATAL] Updater:294 - Updater called before beeing initialized
2024-11-12 11:38:20,759 [WARN] DetailPanel:314 - Failed to get advertising image, set to default
2024-11-12 11:38:20,762 [FATAL] Updater:294 - Updater called before beeing initialized
2024-11-12 11:38:20,848 [ERROR] Updater:1075 - MainUpdater not yet initialized. External WinMGr cannot be set.
2024-11-12 11:38:20,867 [INFO] Updater:1012 - Updater Version found : 6.3.0
2024-11-12 11:38:20,897 [INFO] ApplicationProperties:181 - Using Application install path: C:\ST\STM32CubeIDE_1.7.0\STM32CubeIDE\plugins\com.st.stm32cube.common.mx_6.3.0.202107141111
2024-11-12 11:38:21,198 [INFO] MainUpdater:2671 - connection check result : 10
2024-11-12 11:38:21,198 [INFO] MainUpdater:3359 - Updater definition file requires update
2024-11-12 11:38:21,202 [INFO] MainUpdater:265 - Updater Check For Update Now.
2024-11-12 11:38:21,202 [INFO] MicroXplorer:478 - Change Database Version : DB.6.0.30
2024-11-12 11:38:21,397 [INFO] ServerAccessManage:362 - Download File updaters.zip
2024-11-12 11:38:21,581 [INFO] FileExtend:235 - Unzip File : updaters.zip
2024-11-12 11:38:21,581 [INFO] FileExtend:250 - Standard Zip Deflate
2024-11-12 11:38:23,012 [INFO] ServerAccessManage:362 - Download File PacksControlFlags.xml
2024-11-12 11:38:23,104 [WARN] MainUpdater:1122 - Updater busy. Cannot search thirdparties
2024-11-12 11:38:23,105 [INFO] ThirdPartyUpdaterWithRetryManager:92 - Updater plugin is busy. [1/15]
2024-11-12 11:38:23,385 [INFO] ServerAccessManage:362 - Download File cubemx.pidx
2024-11-12 11:38:26,111 [WARN] MainUpdater:1122 - Updater busy. Cannot search thirdparties
2024-11-12 11:38:26,111 [INFO] ThirdPartyUpdaterWithRetryManager:92 - Updater plugin is busy. [2/15]
2024-11-12 11:38:26,876 [INFO] ServerAccessManage:362 - Download File quantropi.X-CUBE-qispace-sdk-base.pdsc
2024-11-12 11:38:28,142 [WARN] PopulateThirdPartyThread:100 - Error when creating pack: C:/Users/ADMIN/.stm32cubemx/thirdparties/pdsc/quantropi.X-CUBE-qispace-sdk-base.pdsc
2024-11-12 11:38:28,142 [INFO] PopulateThirdPartyThread:60 - Ending populate Thread
2024-11-12 11:38:28,143 [INFO] LoadServerUpdatesThread:339 - End of LoadServerUpdate Thread
2024-11-12 11:38:28,366 [INFO] CheckServerUpdateThread:112 - End of CheckServer Thread
2024-11-12 11:38:28,397 [INFO] MainUpdater:2671 - connection check result : 10
2024-11-12 11:38:28,406 [INFO] MainUpdater:2671 - connection check result : 10
2024-11-12 11:38:28,710 [INFO] MicroXplorer:448 - Change Database Path : 
2024-11-12 11:38:28,711 [INFO] MicroXplorer:478 - Change Database Version : DB.6.0.30
2024-11-12 11:38:28,712 [WARN] ThirdParty:813 - waiting for thirdparty lock release [close project]
2024-11-12 11:38:29,307 [ERROR] Engine:463 - C:\Users\ADMIN\.stm32cubemx\thirdparties\pdsc\STMicroelectronics.FP-SNS-MOTENVWB1.1.4.0.pdsc: PDSC version is not supported
2024-11-12 11:38:29,321 [ERROR] Engine:463 - C:\Users\ADMIN\.stm32cubemx\thirdparties\pdsc\STMicroelectronics.X-CUBE-SMBUS.2.1.0.pdsc: PDSC version is not supported
2024-11-12 11:38:29,373 [WARN] PackLoader:238 - Cannot read IP mode file for STMicroelectronics.X-CUBE-WB05N.1.1.0
2024-11-12 11:38:29,425 [WARN] PackLoader:238 - Cannot read IP mode file for STMicroelectronics.X-CUBE-AZRTOS-F7.1.1.0
2024-11-12 11:38:29,439 [ERROR] Engine:463 - C:\Users\ADMIN\.stm32cubemx\thirdparties\pdsc\STMicroelectronics.FP-SNS-FLIGHT1.5.0.2.pdsc: PDSC version is not supported
2024-11-12 11:38:29,454 [ERROR] Engine:463 - C:\Users\ADMIN\.stm32cubemx\thirdparties\pdsc\STMicroelectronics.X-CUBE-DISPLAY.3.0.0.pdsc: PDSC version is not supported
2024-11-12 11:38:29,477 [WARN] PackLoader:238 - Cannot read IP mode file for STMicroelectronics.X-CUBE-BLE1.7.0.0
2024-11-12 11:38:29,503 [WARN] PackLoader:238 - Cannot read IP mode file for STMicroelectronics.X-CUBE-NFC10.1.0.0
2024-11-12 11:38:29,525 [ERROR] Engine:463 - C:\Users\ADMIN\.stm32cubemx\thirdparties\pdsc\emotas.I-CUBE-CANOPEN.1.3.0.pdsc: PDSC version is not supported
2024-11-12 11:38:29,543 [ERROR] Engine:463 - C:\Users\ADMIN\.stm32cubemx\thirdparties\pdsc\STMicroelectronics.X-CUBE-BLEMGR.3.1.0.pdsc: PDSC version is not supported
2024-11-12 11:38:29,559 [ERROR] Engine:463 - C:\Users\ADMIN\.stm32cubemx\thirdparties\pdsc\STMicroelectronics.FP-SNS-SMARTAG2.1.2.0.pdsc: PDSC version is not supported
2024-11-12 11:38:29,587 [INFO] LogOutputStream:76 - [STDOUT_REDIRECT] 1 : Invalid condition id : UX_CORESTACK_Condition cause : null
2024-11-12 11:38:29,589 [INFO] LogOutputStream:76 - [STDOUT_REDIRECT] 1 : Invalid condition id : UX_CORESTACK_Condition cause : null
2024-11-12 11:38:29,591 [INFO] LogOutputStream:76 - [STDOUT_REDIRECT] 1 : Invalid condition id : UX_CORESTACK_Condition cause : null
2024-11-12 11:38:29,594 [INFO] LogOutputStream:76 - [STDOUT_REDIRECT] 1 : Invalid condition id : UX_CORESTACK_Condition cause : null
2024-11-12 11:38:29,595 [INFO] LogOutputStream:76 - [STDOUT_REDIRECT] 1 : Invalid condition id : UX_CORESTACK_Condition cause : null
2024-11-12 11:38:29,603 [WARN] PackLoader:238 - Cannot read IP mode file for STMicroelectronics.X-CUBE-AZRTOS-WL.2.0.0
2024-11-12 11:38:29,624 [ERROR] Engine:463 - C:\Users\ADMIN\.stm32cubemx\thirdparties\pdsc\STMicroelectronics.FP-SNS-MOTENV1.5.0.0.pdsc: PDSC version is not supported
2024-11-12 11:38:29,629 [WARN] PackLoader:238 - Cannot read IP mode file for wolfSSL.I-CUBE-wolfMQTT.1.19.0
2024-11-12 11:38:29,645 [WARN] PackLoader:238 - Cannot read IP mode file for WES.I-CUBE-Cesium.1.3.0
2024-11-12 11:38:29,662 [WARN] PackLoader:238 - Cannot read IP mode file for STMicroelectronics.X-CUBE-BLE2.3.3.0
2024-11-12 11:38:29,686 [WARN] PackLoader:238 - Cannot read IP mode file for STMicroelectronics.X-CUBE-NFC9.1.0.0
2024-11-12 11:38:29,705 [ERROR] Engine:463 - C:\Users\ADMIN\.stm32cubemx\thirdparties\pdsc\STMicroelectronics.X-CUBE-TCPP.4.1.0.pdsc: PDSC version is not supported
2024-11-12 11:38:29,762 [WARN] PackLoader:238 - Cannot read IP mode file for STMicroelectronics.X-CUBE-AZRTOS-G0.1.1.0
2024-11-12 11:38:29,789 [WARN] PackLoader:238 - Cannot read IP mode file for STMicroelectronics.X-CUBE-SAFEA1.1.2.2
2024-11-12 11:38:29,814 [WARN] PackLoader:238 - Cannot read IP mode file for STMicroelectronics.X-CUBE-NFC4.3.0.0
2024-11-12 11:38:29,834 [ERROR] Engine:463 - C:\Users\ADMIN\.stm32cubemx\thirdparties\pdsc\EmbeddedOffice.I-CUBE-FS-RTOS.1.0.1.pdsc: PDSC version is not supported
2024-11-12 11:38:29,856 [ERROR] Engine:463 - C:\Users\ADMIN\.stm32cubemx\thirdparties\pdsc\RealThread.X-CUBE-RT-Thread_Nano.4.1.1.pdsc: PDSC version is not supported
2024-11-12 11:38:29,864 [WARN] PackLoader:238 - Cannot read IP mode file for STMicroelectronics.FP-ATR-SIGFOX1.3.2.0
2024-11-12 11:38:29,868 [ERROR] Engine:463 - C:\Users\ADMIN\.stm32cubemx\thirdparties\pdsc\quantropi.X-CUBE-qispace-sdk-base.1.9.3.pdsc: PDSC version is not supported
2024-11-12 11:38:29,893 [WARN] PackLoader:238 - Cannot read IP mode file for STMicroelectronics.X-CUBE-EEPRMA1.5.1.0
2024-11-12 11:38:29,916 [ERROR] Engine:463 - C:\Users\ADMIN\.stm32cubemx\thirdparties\pdsc\ITTIA_DB.I-CUBE-ITTIADB.8.9.0.pdsc: PDSC version is not supported
2024-11-12 11:38:29,979 [WARN] PackLoader:238 - Cannot read IP mode file for SEGGER.I-CUBE-embOS.1.3.1
2024-11-12 11:38:30,040 [WARN] PackLoader:238 - Cannot read IP mode file for STMicroelectronics.X-CUBE-ALGOBUILD.1.4.0
2024-11-12 11:38:30,050 [WARN] PackLoader:238 - Cannot read IP mode file for STMicroelectronics.X-CUBE-AI.9.1.0
2024-11-12 11:38:30,087 [WARN] PackLoader:238 - Cannot read IP mode file for STMicroelectronics.X-CUBE-AZRTOS-F4.1.1.0
2024-11-12 11:38:30,101 [ERROR] Engine:463 - C:\Users\ADMIN\.stm32cubemx\thirdparties\pdsc\STMicroelectronics.X-CUBE-FREERTOS.1.2.0.pdsc: PDSC version is not supported
2024-11-12 11:38:30,128 [WARN] PackLoader:238 - Cannot read IP mode file for STMicroelectronics.X-CUBE-AZRTOS-L5.2.0.0
2024-11-12 11:38:30,149 [WARN] PackLoader:238 - Cannot read IP mode file for STMicroelectronics.X-CUBE-NFC6.3.1.0
2024-11-12 11:38:30,161 [WARN] PackLoader:238 - Cannot read IP mode file for STMicroelectronics.X-CUBE-AI.9.0.0
2024-11-12 11:38:30,177 [WARN] PackLoader:238 - Cannot read IP mode file for STMicroelectronics.X-CUBE-NFC7.1.0.1
2024-11-12 11:38:30,205 [WARN] ConditionMgr:437 - getConditionDescription Invalid condition id : LAN8742 Phy interface Condition cause : null
2024-11-12 11:38:30,205 [WARN] PackLoader:238 - Cannot read IP mode file for STMicroelectronics.X-CUBE-AZRTOS-L4.2.0.0
2024-11-12 11:38:30,206 [WARN] ConditionMgr:1038 - genDependencies : Invalid condition id : LAN8742 Phy interface Condition cause : null
2024-11-12 11:38:30,206 [WARN] ConditionMgr:1038 - genDependencies : Invalid condition id : LAN8742 Phy interface Condition cause : null
2024-11-12 11:38:30,207 [WARN] ConditionMgr:1038 - genDependencies : Invalid condition id : LAN8742 Phy interface Condition cause : null
2024-11-12 11:38:30,220 [WARN] PackLoader:238 - Cannot read IP mode file for STMicroelectronics.X-CUBE-SFXS2LP1.4.0.0
2024-11-12 11:38:30,234 [ERROR] Engine:463 - C:\Users\ADMIN\.stm32cubemx\thirdparties\pdsc\STMicroelectronics.X-CUBE-IPS.3.0.0.pdsc: PDSC version is not supported
2024-11-12 11:38:30,260 [WARN] ConditionMgr:437 - getConditionDescription Invalid condition id : UX DEVICE CLASS RTOS Condition cause : null
2024-11-12 11:38:30,260 [WARN] ConditionMgr:437 - getConditionDescription Invalid condition id : UX DEVICE CLASS RTOS Condition cause : null
2024-11-12 11:38:30,262 [WARN] PackLoader:238 - Cannot read IP mode file for STMicroelectronics.X-CUBE-AZRTOS-WB.2.0.0
2024-11-12 11:38:30,263 [WARN] ConditionMgr:1038 - genDependencies : Invalid condition id : UX DEVICE CLASS RTOS Condition cause : null
2024-11-12 11:38:30,263 [WARN] ConditionMgr:1038 - genDependencies : Invalid condition id : UX DEVICE CLASS RTOS Condition cause : null
2024-11-12 11:38:30,263 [WARN] ConditionMgr:1038 - genDependencies : Invalid condition id : UX DEVICE CLASS RTOS Condition cause : null
2024-11-12 11:38:30,263 [WARN] ConditionMgr:1038 - genDependencies : Invalid condition id : UX DEVICE CLASS RTOS Condition cause : null
2024-11-12 11:38:30,263 [WARN] ConditionMgr:1038 - genDependencies : Invalid condition id : UX DEVICE CLASS RTOS Condition cause : null
2024-11-12 11:38:30,281 [WARN] PackLoader:238 - Cannot read IP mode file for STMicroelectronics.X-CUBE-SUBG2.5.0.0
2024-11-12 11:38:30,289 [ERROR] Engine:463 - C:\Users\ADMIN\.stm32cubemx\thirdparties\pdsc\Cesanta.I-CUBE-Mongoose.7.13.0.pdsc: PDSC version is not supported
2024-11-12 11:38:30,338 [WARN] PackLoader:238 - Cannot read IP mode file for STMicroelectronics.X-CUBE-AZRTOS-G4.2.0.0
2024-11-12 11:38:30,352 [ERROR] Engine:463 - C:\Users\ADMIN\.stm32cubemx\thirdparties\pdsc\STMicroelectronics.X-CUBE-ALS.1.0.2.pdsc: PDSC version is not supported
2024-11-12 11:38:30,371 [WARN] PackLoader:238 - Cannot read IP mode file for portGmbH.I-Cube-SoM-uGOAL.1.1.0
2024-11-12 11:38:30,416 [WARN] PackLoader:238 - Cannot read IP mode file for STMicroelectronics.X-CUBE-AZRTOS-H7RS.1.0.0
2024-11-12 11:38:30,434 [WARN] PackLoader:238 - Cannot read IP mode file for STMicroelectronics.FP-ATR-ASTRA1.2.0.0
2024-11-12 11:38:30,478 [ERROR] Engine:463 - C:\Users\ADMIN\.stm32cubemx\thirdparties\pdsc\Infineon.AIROC-Wi-Fi-Bluetooth-STM32.1.6.1.pdsc: PDSC version is not supported
2024-11-12 11:38:30,478 [INFO] ThirdParty:915 - Integrity check success = true
2024-11-12 11:38:30,478 [INFO] IntegrityCheckThread:94 - exiting critical section [integrity check]
2024-11-12 11:38:30,478 [INFO] IntegrityCheckThread:97 - End integrity checks thread
2024-11-12 11:38:30,479 [INFO] ThirdParty:815 - entering critical section [close project]
2024-11-12 11:38:30,480 [INFO] ThirdParty:825 - exiting critical section [close project]
2024-11-12 11:38:30,490 [INFO] PinOutPanel:1463 - setPackage(No Configuration,No Configuration)
2024-11-12 11:38:30,492 [INFO] UtilMem:74 - Begin LoadConfig() Used Memory: 805437576 Bytes (1073741824)
2024-11-12 11:38:30,494 [INFO] MicroXplorer:448 - Change Database Path : 
2024-11-12 11:38:30,494 [INFO] MicroXplorer:478 - Change Database Version : DB.6.0.30
2024-11-12 11:38:30,494 [INFO] OpenFileManager:313 - Change cursor
2024-11-12 11:38:31,579 [INFO] Context:592 - Trying to add GPIOservice into a context  which must be forbidden
2024-11-12 11:38:31,936 [WARN] ApiManager:304 - Cannot register API 'Board Extension:NFC09A1' from pack STMicroelectronics.X-CUBE-NFC9.1.0.0: no header file found
2024-11-12 11:38:31,945 [WARN] ApiManager:304 - Cannot register API 'Wireless:BlueNRG-MS' from pack STMicroelectronics.X-CUBE-BLE1.7.0.0: no header file found
2024-11-12 11:38:31,947 [WARN] ApiManager:304 - Cannot register API 'Board Extension:NFC10A1' from pack STMicroelectronics.X-CUBE-NFC10.1.0.0: no header file found
2024-11-12 11:38:31,949 [WARN] ApiManager:304 - Cannot register API 'Wireless:STM32WB05N' from pack STMicroelectronics.X-CUBE-WB05N.1.1.0: no header file found
2024-11-12 11:38:31,951 [WARN] ApiManager:304 - Cannot register API 'Board Extension:EEPRMA2' from pack STMicroelectronics.X-CUBE-EEPRMA1.5.1.0: no header file found
2024-11-12 11:38:31,952 [WARN] ApiManager:304 - Cannot register API 'Board Extension:PGEEZ1' from pack STMicroelectronics.X-CUBE-EEPRMA1.5.1.0: no header file found
2024-11-12 11:38:31,952 [WARN] ApiManager:304 - Cannot register API 'Board Extension:EEICA1' from pack STMicroelectronics.X-CUBE-EEPRMA1.5.1.0: no header file found
2024-11-12 11:38:31,952 [WARN] ApiManager:304 - Cannot register API 'Board Part:M24' from pack STMicroelectronics.X-CUBE-EEPRMA1.5.1.0: no header file found
2024-11-12 11:38:31,952 [WARN] ApiManager:304 - Cannot register API 'Board Part:M95' from pack STMicroelectronics.X-CUBE-EEPRMA1.5.1.0: no header file found
2024-11-12 11:38:31,952 [WARN] ApiManager:304 - Cannot register API 'Board Part:M95P32' from pack STMicroelectronics.X-CUBE-EEPRMA1.5.1.0: no header file found
2024-11-12 11:38:31,952 [WARN] ApiManager:304 - Cannot register API 'Board Part:M24256E-F' from pack STMicroelectronics.X-CUBE-EEPRMA1.5.1.0: no header file found
2024-11-12 11:38:31,952 [WARN] ApiManager:304 - Cannot register API 'Board Part:M24M01E-F' from pack STMicroelectronics.X-CUBE-EEPRMA1.5.1.0: no header file found
2024-11-12 11:38:31,953 [WARN] ApiManager:304 - Cannot register API 'PGEEZ1:SPI' from pack STMicroelectronics.X-CUBE-EEPRMA1.5.1.0: no header file found
2024-11-12 11:38:31,953 [WARN] ApiManager:304 - Cannot register API 'PGEEZ1:QDSPI' from pack STMicroelectronics.X-CUBE-EEPRMA1.5.1.0: no header file found
2024-11-12 11:38:31,957 [WARN] ModelIntegratedComponent:60 - No mode defined for component null
2024-11-12 11:38:31,957 [WARN] ModelIntegratedComponent:60 - No mode defined for component null
2024-11-12 11:38:31,957 [WARN] ModelIntegratedComponent:60 - No mode defined for component null
2024-11-12 11:38:31,957 [WARN] ModelIntegratedComponent:60 - No mode defined for component null
2024-11-12 11:38:31,957 [WARN] ModelIntegratedComponent:60 - No mode defined for component null
2024-11-12 11:38:31,957 [WARN] ModelIntegratedComponent:60 - No mode defined for component null
2024-11-12 11:38:31,957 [WARN] ModelIntegratedComponent:60 - No mode defined for component null
2024-11-12 11:38:31,957 [WARN] ModelIntegratedComponent:60 - No mode defined for component null
2024-11-12 11:38:31,957 [WARN] ModelIntegratedComponent:60 - No mode defined for component null
2024-11-12 11:38:31,957 [WARN] ModelIntegratedComponent:60 - No mode defined for component null
2024-11-12 11:38:31,957 [WARN] ModelIntegratedComponent:60 - No mode defined for component null
2024-11-12 11:38:31,957 [WARN] ModelIntegratedComponent:60 - No mode defined for component null
2024-11-12 11:38:31,959 [WARN] ModelIntegratedComponent:60 - No mode defined for component null
2024-11-12 11:38:31,959 [WARN] ModelIntegratedComponent:60 - No mode defined for component null
2024-11-12 11:38:31,959 [WARN] ModelIntegratedComponent:60 - No mode defined for component null
2024-11-12 11:38:31,959 [WARN] ModelIntegratedComponent:60 - No mode defined for component null
2024-11-12 11:38:31,959 [WARN] ModelIntegratedComponent:60 - No mode defined for component null
2024-11-12 11:38:31,959 [WARN] ModelIntegratedComponent:60 - No mode defined for component null
2024-11-12 11:38:31,959 [WARN] ModelIntegratedComponent:60 - No mode defined for component null
2024-11-12 11:38:31,959 [WARN] ModelIntegratedComponent:60 - No mode defined for component null
2024-11-12 11:38:31,959 [WARN] ModelIntegratedComponent:60 - No mode defined for component null
2024-11-12 11:38:31,960 [WARN] ModelIntegratedComponent:60 - No mode defined for component null
2024-11-12 11:38:31,960 [WARN] ModelIntegratedComponent:60 - No mode defined for component null
2024-11-12 11:38:31,960 [WARN] ModelIntegratedComponent:60 - No mode defined for component null
2024-11-12 11:38:31,960 [WARN] ModelIntegratedComponent:60 - No mode defined for component null
2024-11-12 11:38:31,960 [WARN] ModelIntegratedComponent:60 - No mode defined for component null
2024-11-12 11:38:31,960 [WARN] ModelIntegratedComponent:60 - No mode defined for component null
2024-11-12 11:38:31,960 [WARN] ModelIntegratedComponent:60 - No mode defined for component null
2024-11-12 11:38:31,960 [WARN] ModelIntegratedComponent:60 - No mode defined for component null
2024-11-12 11:38:31,960 [WARN] ModelIntegratedComponent:60 - No mode defined for component null
2024-11-12 11:38:31,961 [WARN] ModelIntegratedComponent:60 - No mode defined for component null
2024-11-12 11:38:31,965 [WARN] ApiManager:304 - Cannot register API 'Board Extension:NFC07A1' from pack STMicroelectronics.X-CUBE-NFC7.1.0.1: no header file found
2024-11-12 11:38:31,975 [WARN] ApiManager:304 - Cannot register API 'Board Extension:NFC06A1' from pack STMicroelectronics.X-CUBE-NFC6.3.1.0: no header file found
2024-11-12 11:38:31,975 [WARN] ApiManager:304 - Cannot register API 'Board Extension:NFC08A1' from pack STMicroelectronics.X-CUBE-NFC6.3.1.0: no header file found
2024-11-12 11:38:31,987 [INFO] RtosManager:484 - Registered RTOS mode: class=CMSIS, group=RTOS, mode=CMSIS_V1, owner=FREERTOS
2024-11-12 11:38:31,987 [INFO] RtosManager:484 - Registered RTOS mode: class=CMSIS, group=RTOS2, mode=CMSIS_V2, owner=FREERTOS
2024-11-12 11:38:31,987 [INFO] RtosManager:484 - Registered RTOS mode: class=RTOS, group=Core, mode=CMSIS_V1, owner=FREERTOS
2024-11-12 11:38:31,987 [INFO] RtosManager:484 - Registered RTOS mode: class=RTOS, group=Core, mode=CMSIS_V2, owner=FREERTOS
2024-11-12 11:38:31,987 [WARN] ModelIntegratedComponent:181 - Missing modes for component STMicroelectronics:FreeRTOS:0.0.1:STMicroelectronics:RTOS:FreeRTOS:Core:::10.2.0:
2024-11-12 11:38:31,990 [WARN] ApiManager:304 - Cannot register API 'Board Extension:STSAFEA1' from pack STMicroelectronics.X-CUBE-SAFEA1.1.2.2: no header file found
2024-11-12 11:38:31,990 [WARN] ApiManager:304 - Cannot register API 'Board Part:STSAFEA110' from pack STMicroelectronics.X-CUBE-SAFEA1.1.2.2: no header file found
2024-11-12 11:38:31,990 [WARN] ApiManager:304 - Cannot register API 'Security:ST_Cryptolib' from pack STMicroelectronics.X-CUBE-SAFEA1.1.2.2: no header file found
2024-11-12 11:38:31,990 [WARN] ApiManager:304 - Cannot register API 'Security:MbedTLS' from pack STMicroelectronics.X-CUBE-SAFEA1.1.2.2: no header file found
2024-11-12 11:38:31,992 [WARN] ApiManager:304 - Cannot register API 'Board Extension:NFC04A1' from pack STMicroelectronics.X-CUBE-NFC4.3.0.0: no header file found
2024-11-12 11:38:32,000 [WARN] ApiManager:304 - Cannot register API 'Board Extension:S2868A1' from pack STMicroelectronics.X-CUBE-SUBG2.5.0.0: no header file found
2024-11-12 11:38:32,001 [WARN] ApiManager:304 - Cannot register API 'Board Extension:S2868A2' from pack STMicroelectronics.X-CUBE-SUBG2.5.0.0: no header file found
2024-11-12 11:38:32,001 [WARN] ApiManager:304 - Cannot register API 'Board Extension:S2915A1' from pack STMicroelectronics.X-CUBE-SUBG2.5.0.0: no header file found
2024-11-12 11:38:32,011 [WARN] ApiManager:304 - Cannot register API 'Board Extension:S2868A1' from pack STMicroelectronics.X-CUBE-SFXS2LP1.4.0.0: no header file found
2024-11-12 11:38:32,012 [WARN] ApiManager:304 - Cannot register API 'Board Extension:S2868A2' from pack STMicroelectronics.X-CUBE-SFXS2LP1.4.0.0: no header file found
2024-11-12 11:38:32,012 [WARN] ApiManager:304 - Cannot register API 'Board Extension:S2915A1' from pack STMicroelectronics.X-CUBE-SFXS2LP1.4.0.0: no header file found
2024-11-12 11:38:32,013 [WARN] ApiManager:304 - Cannot register API 'Wireless:BlueNRG-2' from pack STMicroelectronics.X-CUBE-BLE2.3.3.0: no header file found
2024-11-12 11:38:32,933 [INFO] UtilMem:74 - End LoadConfig() Used Memory: 851075952 Bytes (1073741824)
2024-11-12 11:38:32,934 [INFO] DbMcusXml:100 - Load MCU database from C:\ST\STM32CubeIDE_1.7.0\STM32CubeIDE\plugins\com.st.stm32cube.common.mx_6.3.0.202107141111\\db\/mcu/families.xml
2024-11-12 11:38:33,761 [INFO] DbMcusJson:93 - JSON generation date=Tue Nov 16 23:17:54 ICT 2021 (1637079474)
2024-11-12 11:38:34,397 [INFO] DbMcus:175 - Found 1951 MCUs (1903 are supported by CubeMX, 1914 are visible in CubeMX)
2024-11-12 11:38:34,415 [INFO] ApiDb:251 - Load user favorites file C:\Users\ADMIN/.stm32cubeide/favorites.mcus.txt: 0 item(s)
2024-11-12 11:38:34,415 [INFO] ApiDb:255 - User favorites MCUs=[]
2024-11-12 11:38:34,415 [INFO] DbMcus:187 - Set 0 / 0 favorites MCUs
2024-11-12 11:38:34,425 [WARN] ThirdParty:779 - waiting for thirdparty lock release [change project]
2024-11-12 11:38:34,425 [INFO] ThirdParty:781 - entering critical section [change project]
2024-11-12 11:38:34,425 [INFO] ThirdParty:967 - CMSIS Pack Vendor :STMicroelectronics X-CUBE-NFC9 1.0.0
2024-11-12 11:38:34,425 [INFO] ThirdParty:967 - CMSIS Pack Vendor :STMicroelectronics USB_HOST 2.0.0
2024-11-12 11:38:34,425 [INFO] ThirdParty:967 - CMSIS Pack Vendor :STMicroelectronics X-CUBE-AZRTOS-F4 1.1.0
2024-11-12 11:38:34,426 [INFO] ThirdParty:967 - CMSIS Pack Vendor :STMicroelectronics X-CUBE-BLE1 7.0.0
2024-11-12 11:38:34,426 [INFO] ThirdParty:967 - CMSIS Pack Vendor :STMicroelectronics FP-ATR-SIGFOX1 3.2.0
2024-11-12 11:38:34,426 [INFO] ThirdParty:967 - CMSIS Pack Vendor :STMicroelectronics X-CUBE-NFC10 1.0.0
2024-11-12 11:38:34,426 [INFO] ThirdParty:967 - CMSIS Pack Vendor :STMicroelectronics X-CUBE-WB05N 1.1.0
2024-11-12 11:38:34,426 [INFO] ThirdParty:967 - CMSIS Pack Vendor :STMicroelectronics USB_DEVICE 3.0.0
2024-11-12 11:38:34,426 [INFO] ThirdParty:967 - CMSIS Pack Vendor :STMicroelectronics X-CUBE-EEPRMA1 5.1.0
2024-11-12 11:38:34,426 [INFO] ThirdParty:967 - CMSIS Pack Vendor :STMicroelectronics HAL Drivers 0.0.0
2024-11-12 11:38:34,426 [INFO] ThirdParty:967 - CMSIS Pack Vendor :STMicroelectronics MBEDTLS 2.16.2
2024-11-12 11:38:34,426 [INFO] ThirdParty:967 - CMSIS Pack Vendor :STMicroelectronics X-CUBE-AZRTOS-WB 2.0.0
2024-11-12 11:38:34,426 [INFO] ThirdParty:967 - CMSIS Pack Vendor :STMicroelectronics X-CUBE-NFC7 1.0.1
2024-11-12 11:38:34,426 [INFO] ThirdParty:967 - CMSIS Pack Vendor :STMicroelectronics MBEDTLS 2.14.1
2024-11-12 11:38:34,426 [INFO] ThirdParty:967 - CMSIS Pack Vendor :STMicroelectronics X-CUBE-AZRTOS-F7 1.1.0
2024-11-12 11:38:34,426 [INFO] ThirdParty:967 - CMSIS Pack Vendor :STMicroelectronics X-CUBE-AZRTOS-L5 2.0.0
2024-11-12 11:38:34,426 [INFO] ThirdParty:967 - CMSIS Pack Vendor :portGmbH I-Cube-SoM-uGOAL 1.1.0
2024-11-12 11:38:34,426 [INFO] ThirdParty:967 - CMSIS Pack Vendor :STMicroelectronics USB_DEVICE 2.0.0
2024-11-12 11:38:34,426 [INFO] ThirdParty:967 - CMSIS Pack Vendor :STMicroelectronics X-CUBE-NFC6 3.1.0
2024-11-12 11:38:34,426 [INFO] ThirdParty:967 - CMSIS Pack Vendor :STMicroelectronics X-CUBE-AZRTOS-WL 2.0.0
2024-11-12 11:38:34,427 [INFO] ThirdParty:967 - CMSIS Pack Vendor :SEGGER I-CUBE-embOS 1.3.1
2024-11-12 11:38:34,427 [INFO] ThirdParty:967 - CMSIS Pack Vendor :STMicroelectronics X-CUBE-ALGOBUILD 1.4.0
2024-11-12 11:38:34,427 [INFO] ThirdParty:967 - CMSIS Pack Vendor :STMicroelectronics FreeRTOS 0.0.1
2024-11-12 11:38:34,427 [INFO] ThirdParty:967 - CMSIS Pack Vendor :STMicroelectronics X-CUBE-AZRTOS-G0 1.1.0
2024-11-12 11:38:34,427 [INFO] ThirdParty:967 - CMSIS Pack Vendor :STMicroelectronics USB_DEVICE 1.0.0
2024-11-12 11:38:34,427 [INFO] ThirdParty:967 - CMSIS Pack Vendor :STMicroelectronics X-CUBE-SAFEA1 1.2.2
2024-11-12 11:38:34,427 [INFO] ThirdParty:967 - CMSIS Pack Vendor :STMicroelectronics X-CUBE-NFC4 3.0.0
2024-11-12 11:38:34,427 [INFO] ThirdParty:967 - CMSIS Pack Vendor :STMicroelectronics X-CUBE-SUBG2 5.0.0
2024-11-12 11:38:34,427 [INFO] ThirdParty:967 - CMSIS Pack Vendor :STMicroelectronics X-CUBE-AZRTOS-H7RS 1.0.0
2024-11-12 11:38:34,427 [INFO] ThirdParty:967 - CMSIS Pack Vendor :wolfSSL I-CUBE-wolfMQTT 1.19.0
2024-11-12 11:38:34,427 [INFO] ThirdParty:967 - CMSIS Pack Vendor :STMicroelectronics X-CUBE-AZRTOS-L4 2.0.0
2024-11-12 11:38:34,427 [INFO] ThirdParty:967 - CMSIS Pack Vendor :STMicroelectronics ThreadX 0.0.2
2024-11-12 11:38:34,427 [INFO] ThirdParty:967 - CMSIS Pack Vendor :WES I-CUBE-Cesium 1.3.0
2024-11-12 11:38:34,427 [INFO] ThirdParty:967 - CMSIS Pack Vendor :STMicroelectronics FP-ATR-ASTRA1 2.0.0
2024-11-12 11:38:34,427 [INFO] ThirdParty:967 - CMSIS Pack Vendor :STMicroelectronics lwIP 2.0.3
2024-11-12 11:38:34,428 [INFO] ThirdParty:967 - CMSIS Pack Vendor :STMicroelectronics lwIP 2.1.2
2024-11-12 11:38:34,428 [INFO] ThirdParty:967 - CMSIS Pack Vendor :STMicroelectronics X-CUBE-SFXS2LP1 4.0.0
2024-11-12 11:38:34,428 [INFO] ThirdParty:967 - CMSIS Pack Vendor :STMicroelectronics X-CUBE-BLE2 3.3.0
2024-11-12 11:38:34,428 [INFO] ThirdParty:967 - CMSIS Pack Vendor :STMicroelectronics USB_HOST 1.0.0
2024-11-12 11:38:34,428 [INFO] ThirdParty:967 - CMSIS Pack Vendor :STMicroelectronics X-CUBE-AI 9.1.0
2024-11-12 11:38:34,428 [INFO] ThirdParty:967 - CMSIS Pack Vendor :STMicroelectronics X-CUBE-AI 9.0.0
2024-11-12 11:38:34,428 [INFO] ThirdParty:967 - CMSIS Pack Vendor :STMicroelectronics X-CUBE-AZRTOS-G4 2.0.0
2024-11-12 11:38:34,428 [INFO] ThirdParty:967 - CMSIS Pack Vendor :STMicroelectronics PDM2PCM 3.1.0
2024-11-12 11:38:34,428 [INFO] ThirdParty:967 - CMSIS Pack Vendor :STMicroelectronics PDM2PCM 3.2.0
2024-11-12 11:38:34,428 [INFO] ThirdParty:967 - CMSIS Pack Vendor :STMicroelectronics PDM2PCM 3.3.0
2024-11-12 11:38:34,428 [INFO] ThirdParty:787 - exiting critical section [change project]
2024-11-12 11:38:34,789 [INFO] PinOutPanel:1463 - setPackage(No Configuration,No Configuration)
2024-11-12 11:38:34,791 [INFO] PinOutPanel:1463 - setPackage(STM32F103C6Ux,UFQFPN48)
2024-11-12 11:38:35,095 [INFO] UtilMem:74 - Before build in PCC Used Memory: 1000144128 Bytes (1073741824)
2024-11-12 11:38:35,726 [INFO] UtilMem:74 - After build in PCC Used Memory: 972928672 Bytes (1073741824)
2024-11-12 11:38:35,751 [INFO] IPUIPlugin:74 - create IPUIPlugin
2024-11-12 11:38:35,752 [INFO] IPUIPlugin:74 - create IPUIPlugin
2024-11-12 11:38:35,752 [INFO] IPUIPlugin:74 - create IPUIPlugin
2024-11-12 11:38:35,752 [INFO] IPUIPlugin:74 - create IPUIPlugin
2024-11-12 11:38:35,752 [INFO] IPUIPlugin:74 - create IPUIPlugin
2024-11-12 11:38:35,752 [INFO] IPUIPlugin:74 - create IPUIPlugin
2024-11-12 11:38:35,752 [INFO] IPUIPlugin:74 - create IPUIPlugin
2024-11-12 11:38:35,752 [INFO] IPUIPlugin:74 - create IPUIPlugin
2024-11-12 11:38:35,752 [INFO] IPUIPlugin:74 - create IPUIPlugin
2024-11-12 11:38:35,753 [INFO] IPUIPlugin:74 - create IPUIPlugin
2024-11-12 11:38:35,753 [INFO] IPUIPlugin:74 - create IPUIPlugin
2024-11-12 11:38:35,753 [INFO] IPUIPlugin:74 - create IPUIPlugin
2024-11-12 11:38:35,753 [INFO] IPUIPlugin:74 - create IPUIPlugin
2024-11-12 11:38:35,754 [INFO] IPUIPlugin:74 - create IPUIPlugin
2024-11-12 11:38:35,754 [INFO] IPUIPlugin:74 - create IPUIPlugin
2024-11-12 11:38:35,755 [INFO] IPUIPlugin:74 - create IPUIPlugin
2024-11-12 11:38:35,755 [INFO] IPUIPlugin:74 - create IPUIPlugin
2024-11-12 11:38:35,755 [INFO] IPUIPlugin:74 - create IPUIPlugin
2024-11-12 11:38:35,755 [INFO] IPUIPlugin:74 - create IPUIPlugin
2024-11-12 11:38:35,756 [INFO] IPUIPlugin:74 - create IPUIPlugin
2024-11-12 11:38:35,756 [INFO] IPUIPlugin:74 - create IPUIPlugin
2024-11-12 11:38:35,757 [INFO] IPUIPlugin:74 - create IPUIPlugin
2024-11-12 11:38:35,757 [INFO] IPUIPlugin:74 - create IPUIPlugin
2024-11-12 11:38:35,904 [INFO] OpenFileManager:333 - Restore cursor
2024-11-12 11:38:53,405 [INFO] UtilMem:74 - End SaveConfig() Used Memory: 838469752 Bytes (1073741824)
2024-11-12 11:38:54,475 [INFO] UtilMem:74 - End SaveConfig() Used Memory: 860789112 Bytes (1073741824)
2024-11-12 11:38:56,403 [INFO] UtilMem:74 - End SaveConfig() Used Memory: 911647096 Bytes (1073741824)
2024-11-12 11:38:56,810 [INFO] BlockDiagram:2740 - set Specific Code input for plugin: NVIC
2024-11-12 11:38:56,810 [INFO] BlockDiagram:2740 - set Specific Code input for plugin: SYS
2024-11-12 11:38:56,810 [INFO] BlockDiagram:2740 - set Specific Code input for plugin: GPIO
2024-11-12 11:38:56,810 [INFO] BlockDiagram:2740 - set Specific Code input for plugin: RCC
2024-11-12 11:38:56,810 [INFO] BlockDiagram:2740 - set Specific Code input for plugin: TIM1_8F1
2024-11-12 11:38:56,812 [INFO] CodeGenerator:663 - code generatio: config db path: C:\ST\STM32CubeIDE_1.7.0\STM32CubeIDE\plugins\com.st.stm32cube.common.mx_6.3.0.202107141111\\db\
2024-11-12 11:38:57,267 [INFO] CodeEngine:239 - oldGeneratedFile, C:\Users\ADMIN\Desktop\GIT_LAB3\SOURCE\LAB\MXTmpFiles\license.tmp_save
2024-11-12 11:38:57,560 [INFO] CodeEngine:257 - Generated code: C:\Users\ADMIN\Desktop\GIT_LAB3\SOURCE\LAB\MXTmpFiles\license.tmp
2024-11-12 11:38:57,722 [INFO] CodeEngine:239 - oldGeneratedFile, C:\Users\ADMIN\Desktop\GIT_LAB3\SOURCE\LAB\MXTmpFiles\gpio.tmp_save
2024-11-12 11:38:57,804 [INFO] CodeEngine:257 - Generated code: C:\Users\ADMIN\Desktop\GIT_LAB3\SOURCE\LAB\MXTmpFiles\gpio.tmp
2024-11-12 11:38:58,085 [INFO] CodeEngine:239 - oldGeneratedFile, C:\Users\ADMIN\Desktop\GIT_LAB3\SOURCE\LAB\Core\Src\stm32f1xx_it.c_save
2024-11-12 11:38:58,266 [INFO] CodeEngine:257 - Generated code: C:\Users\ADMIN\Desktop\GIT_LAB3\SOURCE\LAB\Core\Src\stm32f1xx_it.c
2024-11-12 11:38:58,287 [INFO] CodeEngine:239 - oldGeneratedFile, C:\Users\ADMIN\Desktop\GIT_LAB3\SOURCE\LAB\Core\Inc\stm32f1xx_it.h_save
2024-11-12 11:38:58,400 [INFO] CodeEngine:257 - Generated code: C:\Users\ADMIN\Desktop\GIT_LAB3\SOURCE\LAB\Core\Inc\stm32f1xx_it.h
2024-11-12 11:38:58,438 [INFO] CodeEngine:239 - oldGeneratedFile, C:\Users\ADMIN\Desktop\GIT_LAB3\SOURCE\LAB\Core\Src\stm32f1xx_hal_msp.c_save
2024-11-12 11:38:58,612 [INFO] CodeEngine:257 - Generated code: C:\Users\ADMIN\Desktop\GIT_LAB3\SOURCE\LAB\Core\Src\stm32f1xx_hal_msp.c
2024-11-12 11:38:58,625 [INFO] CodeEngine:239 - oldGeneratedFile, C:\Users\ADMIN\Desktop\GIT_LAB3\SOURCE\LAB\MXTmpFiles\system.tmp_save
2024-11-12 11:38:58,704 [INFO] CodeEngine:257 - Generated code: C:\Users\ADMIN\Desktop\GIT_LAB3\SOURCE\LAB\MXTmpFiles\system.tmp
2024-11-12 11:38:58,730 [INFO] CodeEngine:239 - oldGeneratedFile, C:\Users\ADMIN\Desktop\GIT_LAB3\SOURCE\LAB\Core\Inc\stm32f1xx_hal_conf.h_save
2024-11-12 11:38:58,815 [INFO] CodeEngine:257 - Generated code: C:\Users\ADMIN\Desktop\GIT_LAB3\SOURCE\LAB\Core\Inc\stm32f1xx_hal_conf.h
2024-11-12 11:38:58,837 [WARN] IPConfigManager:3148 - IP not found : TIM
2024-11-12 11:38:58,840 [WARN] CodeGenerator:3268 - IP not found : null
2024-11-12 11:38:58,860 [INFO] CodeEngine:239 - oldGeneratedFile, C:\Users\ADMIN\Desktop\GIT_LAB3\SOURCE\LAB\Core\Inc\main.h_save
2024-11-12 11:38:58,947 [INFO] CodeEngine:257 - Generated code: C:\Users\ADMIN\Desktop\GIT_LAB3\SOURCE\LAB\Core\Inc\main.h
2024-11-12 11:38:58,963 [INFO] CodeEngine:239 - oldGeneratedFile, C:\Users\ADMIN\Desktop\GIT_LAB3\SOURCE\LAB\Core\Src\main.c_save
2024-11-12 11:38:59,067 [INFO] CodeEngine:257 - Generated code: C:\Users\ADMIN\Desktop\GIT_LAB3\SOURCE\LAB\Core\Src\main.c
2024-11-12 11:38:59,957 [INFO] ProjectBuilder:2578 - Time for Copy HAL[1] : 135mS.
2024-11-12 11:38:59,965 [INFO] ProjectBuilder:3622 - Project Generator version: 3.14.1
2024-11-12 11:39:00,689 [INFO] ConfigFileManager:1271 - The Die is : DIE412
2024-11-12 11:39:00,726 [INFO] ApiDbMcu:468 - Load IP Config File for FATFS
2024-11-12 11:39:00,766 [INFO] ApiDbMcu:468 - Load IP Config File for FREERTOS
2024-11-12 11:39:00,802 [INFO] ApiDbMcu:468 - Load IP Config File for USB_DEVICE
2024-11-12 11:39:04,135 [INFO] ProjectBuilder:3789 - Time for Generating toolchain IDE Files: 4170mS.
2024-11-12 11:39:04,136 [INFO] ProjectBuilder:2457 - Time for Copy CMSIS : 0mS.
2024-11-12 11:39:04,140 [INFO] ProjectBuilder:2457 - Time for Copy CMSIS : 0mS.
2024-11-12 14:51:51,684 [INFO] Activator:177 - 


2024-11-12 14:51:51,685 [INFO] Activator:178 - !SESSION log4j initialized
2024-11-24 19:07:52,328 [INFO] Activator:177 - 


2024-11-24 19:07:52,328 [INFO] Activator:178 - !SESSION log4j initialized
